-e Current_Content/September_2025/00114533-7d22-1014-9bc8-c8a31d4dadad.meca	biorxiv/unpacked/Current_Content/September_2025/00114533-7d22-1014-9bc8-c8a31d4dadad/content/670978.pdf	https://biorxiv-copy.s3.eu-west-2.amazonaws.com/biorxiv/unpacked/Current_Content/September_2025/00114533-7d22-1014-9bc8-c8a31d4dadad/content/670978.pdf?X-Amz-Algorithm=AWS4-HMAC-SHA256&X-Amz-Credential=AKIASDVMRCD4TLKVRSCH%2F20250920%2Feu-west-2%2Fs3%2Faws4_request&X-Amz-Date=20250920T173719Z&X-Amz-Expires=360000&X-Amz-SignedHeaders=host&X-Amz-Signature=b6db89655f1f81197dba30528a4ed8a2e2548bb7e565e56f42a7922a2f14488c
-e Current_Content/September_2025/00193243-6df0-1014-8344-bbad7c52104d.meca	biorxiv/unpacked/Current_Content/September_2025/00193243-6df0-1014-8344-bbad7c52104d/content/673623.pdf	https://biorxiv-copy.s3.eu-west-2.amazonaws.com/biorxiv/unpacked/Current_Content/September_2025/00193243-6df0-1014-8344-bbad7c52104d/content/673623.pdf?X-Amz-Algorithm=AWS4-HMAC-SHA256&X-Amz-Credential=AKIASDVMRCD4TLKVRSCH%2F20250920%2Feu-west-2%2Fs3%2Faws4_request&X-Amz-Date=20250920T173720Z&X-Amz-Expires=360000&X-Amz-SignedHeaders=host&X-Amz-Signature=71a710f5e5d4acf707f184e9992261adaf4b1e1a25e22aeba76787fa744daf14
-e Current_Content/September_2025/00257859-6e83-1014-9eaf-eef25c75adfc.meca	biorxiv/unpacked/Current_Content/September_2025/00257859-6e83-1014-9eaf-eef25c75adfc/content/675704.pdf	https://biorxiv-copy.s3.eu-west-2.amazonaws.com/biorxiv/unpacked/Current_Content/September_2025/00257859-6e83-1014-9eaf-eef25c75adfc/content/675704.pdf?X-Amz-Algorithm=AWS4-HMAC-SHA256&X-Amz-Credential=AKIASDVMRCD4TLKVRSCH%2F20250920%2Feu-west-2%2Fs3%2Faws4_request&X-Amz-Date=20250920T173721Z&X-Amz-Expires=360000&X-Amz-SignedHeaders=host&X-Amz-Signature=1073724839c52ae0508450c9465d00ba5144f2beb2a191dc87ad04682d495b4d
-e Current_Content/September_2025/0028ff70-6d72-1014-8606-b0e886f84f20.meca	biorxiv/unpacked/Current_Content/September_2025/0028ff70-6d72-1014-8606-b0e886f84f20/content/674605.pdf	https://biorxiv-copy.s3.eu-west-2.amazonaws.com/biorxiv/unpacked/Current_Content/September_2025/0028ff70-6d72-1014-8606-b0e886f84f20/content/674605.pdf?X-Amz-Algorithm=AWS4-HMAC-SHA256&X-Amz-Credential=AKIASDVMRCD4TLKVRSCH%2F20250920%2Feu-west-2%2Fs3%2Faws4_request&X-Amz-Date=20250920T173722Z&X-Amz-Expires=360000&X-Amz-SignedHeaders=host&X-Amz-Signature=1ca2832616968a983cc298b4353f061a64345d20ab1fec5df050b26f7176c374
-e Current_Content/September_2025/003491d3-7001-1014-a920-d9fbbedfff40.meca	biorxiv/unpacked/Current_Content/September_2025/003491d3-7001-1014-a920-d9fbbedfff40/content/supplements/606148_file06.pdf	https://biorxiv-copy.s3.eu-west-2.amazonaws.com/biorxiv/unpacked/Current_Content/September_2025/003491d3-7001-1014-a920-d9fbbedfff40/content/supplements/606148_file06.pdf?X-Amz-Algorithm=AWS4-HMAC-SHA256&X-Amz-Credential=AKIASDVMRCD4TLKVRSCH%2F20250920%2Feu-west-2%2Fs3%2Faws4_request&X-Amz-Date=20250920T173722Z&X-Amz-Expires=360000&X-Amz-SignedHeaders=host&X-Amz-Signature=c28434cd56e54947bfdefacf59e409e788b35770bf0e51c0e4d55336e1a593e1
-e Current_Content/September_2025/0047c3e6-7d3f-1014-a23a-d9a49a64a01a.meca	biorxiv/unpacked/Current_Content/September_2025/0047c3e6-7d3f-1014-a23a-d9a49a64a01a/content/supplements/674273_file02.pdf	https://biorxiv-copy.s3.eu-west-2.amazonaws.com/biorxiv/unpacked/Current_Content/September_2025/0047c3e6-7d3f-1014-a23a-d9a49a64a01a/content/supplements/674273_file02.pdf?X-Amz-Algorithm=AWS4-HMAC-SHA256&X-Amz-Credential=AKIASDVMRCD4TLKVRSCH%2F20250920%2Feu-west-2%2Fs3%2Faws4_request&X-Amz-Date=20250920T173723Z&X-Amz-Expires=360000&X-Amz-SignedHeaders=host&X-Amz-Signature=126d299a732e9c3d64d362cd7637efc5b50e3beaebba97f0f4f37da4965f8a71
-e Current_Content/September_2025/004eee34-7eb1-1014-8981-a2e95f26f81c.meca	biorxiv/unpacked/Current_Content/September_2025/004eee34-7eb1-1014-8981-a2e95f26f81c/content/supplements/675374_file03.pdf	https://biorxiv-copy.s3.eu-west-2.amazonaws.com/biorxiv/unpacked/Current_Content/September_2025/004eee34-7eb1-1014-8981-a2e95f26f81c/content/supplements/675374_file03.pdf?X-Amz-Algorithm=AWS4-HMAC-SHA256&X-Amz-Credential=AKIASDVMRCD4TLKVRSCH%2F20250920%2Feu-west-2%2Fs3%2Faws4_request&X-Amz-Date=20250920T173724Z&X-Amz-Expires=360000&X-Amz-SignedHeaders=host&X-Amz-Signature=25a21a2167ee07f2d1305151b1b5adc7bc8a8451008d490d26f358a4957715f8
-e Current_Content/September_2025/005162cd-6e65-1014-b2e2-e690a274abc2.meca	biorxiv/unpacked/Current_Content/September_2025/005162cd-6e65-1014-b2e2-e690a274abc2/content/674917.pdf	https://biorxiv-copy.s3.eu-west-2.amazonaws.com/biorxiv/unpacked/Current_Content/September_2025/005162cd-6e65-1014-b2e2-e690a274abc2/content/674917.pdf?X-Amz-Algorithm=AWS4-HMAC-SHA256&X-Amz-Credential=AKIASDVMRCD4TLKVRSCH%2F20250920%2Feu-west-2%2Fs3%2Faws4_request&X-Amz-Date=20250920T173725Z&X-Amz-Expires=360000&X-Amz-SignedHeaders=host&X-Amz-Signature=de6aae5b2b4786983d6c5b1dee61d0e8b0373d6d24eae47d84a445d3768f03b9
-e Current_Content/September_2025/0054e2a6-7b77-1014-bd79-c32f6fe92fd1.meca	biorxiv/unpacked/Current_Content/September_2025/0054e2a6-7b77-1014-bd79-c32f6fe92fd1/content/673735.pdf	https://biorxiv-copy.s3.eu-west-2.amazonaws.com/biorxiv/unpacked/Current_Content/September_2025/0054e2a6-7b77-1014-bd79-c32f6fe92fd1/content/673735.pdf?X-Amz-Algorithm=AWS4-HMAC-SHA256&X-Amz-Credential=AKIASDVMRCD4TLKVRSCH%2F20250920%2Feu-west-2%2Fs3%2Faws4_request&X-Amz-Date=20250920T173726Z&X-Amz-Expires=360000&X-Amz-SignedHeaders=host&X-Amz-Signature=54b70f975c4ba7df778b51a6814b5834a0866404f12b9ef9487cff2847dcdf21
-e Current_Content/September_2025/006d47a2-7d66-1014-abae-b7970be29168.meca	biorxiv/unpacked/Current_Content/September_2025/006d47a2-7d66-1014-abae-b7970be29168/content/660694.pdf	https://biorxiv-copy.s3.eu-west-2.amazonaws.com/biorxiv/unpacked/Current_Content/September_2025/006d47a2-7d66-1014-abae-b7970be29168/content/660694.pdf?X-Amz-Algorithm=AWS4-HMAC-SHA256&X-Amz-Credential=AKIASDVMRCD4TLKVRSCH%2F20250920%2Feu-west-2%2Fs3%2Faws4_request&X-Amz-Date=20250920T173727Z&X-Amz-Expires=360000&X-Amz-SignedHeaders=host&X-Amz-Signature=6b00e23262c36d3f9a927cb0144209f431ed16d4f0c46ada2ce699142a5d79de
-e Current_Content/September_2025/007be2bc-6c78-1014-a890-ef28a6ec131f.meca	biorxiv/unpacked/Current_Content/September_2025/007be2bc-6c78-1014-a890-ef28a6ec131f/content/672622.pdf	https://biorxiv-copy.s3.eu-west-2.amazonaws.com/biorxiv/unpacked/Current_Content/September_2025/007be2bc-6c78-1014-a890-ef28a6ec131f/content/672622.pdf?X-Amz-Algorithm=AWS4-HMAC-SHA256&X-Amz-Credential=AKIASDVMRCD4TLKVRSCH%2F20250920%2Feu-west-2%2Fs3%2Faws4_request&X-Amz-Date=20250920T173729Z&X-Amz-Expires=360000&X-Amz-SignedHeaders=host&X-Amz-Signature=4e385fcb835372c5dfd1d8baa14ccdc82f3fd5ae015567ccfad8391391a7336e
-e Current_Content/September_2025/007d1d5d-70ce-1014-8773-c656973c9a6e.meca	biorxiv/unpacked/Current_Content/September_2025/007d1d5d-70ce-1014-8773-c656973c9a6e/content/675599.pdf	https://biorxiv-copy.s3.eu-west-2.amazonaws.com/biorxiv/unpacked/Current_Content/September_2025/007d1d5d-70ce-1014-8773-c656973c9a6e/content/675599.pdf?X-Amz-Algorithm=AWS4-HMAC-SHA256&X-Amz-Credential=AKIASDVMRCD4TLKVRSCH%2F20250920%2Feu-west-2%2Fs3%2Faws4_request&X-Amz-Date=20250920T173730Z&X-Amz-Expires=360000&X-Amz-SignedHeaders=host&X-Amz-Signature=252e81c7041a31f6eb04fddfcdf39cbe26d8c16dde6e30ac020ac1870880e650
-e Current_Content/September_2025/00883bb7-6ca6-1014-9e4b-d4cb55f33214.meca	biorxiv/unpacked/Current_Content/September_2025/00883bb7-6ca6-1014-9e4b-d4cb55f33214/content/672525.pdf	https://biorxiv-copy.s3.eu-west-2.amazonaws.com/biorxiv/unpacked/Current_Content/September_2025/00883bb7-6ca6-1014-9e4b-d4cb55f33214/content/672525.pdf?X-Amz-Algorithm=AWS4-HMAC-SHA256&X-Amz-Credential=AKIASDVMRCD4TLKVRSCH%2F20250920%2Feu-west-2%2Fs3%2Faws4_request&X-Amz-Date=20250920T173730Z&X-Amz-Expires=360000&X-Amz-SignedHeaders=host&X-Amz-Signature=524f1d355d1d55b64fb4e2d4e0f2c9380ba9aaf9f8c9ee5d16006400e1b5af90
-e Current_Content/September_2025/008cc9d9-6f35-1014-92cd-ec24bd220927.meca	biorxiv/unpacked/Current_Content/September_2025/008cc9d9-6f35-1014-92cd-ec24bd220927/content/674933.pdf	https://biorxiv-copy.s3.eu-west-2.amazonaws.com/biorxiv/unpacked/Current_Content/September_2025/008cc9d9-6f35-1014-92cd-ec24bd220927/content/674933.pdf?X-Amz-Algorithm=AWS4-HMAC-SHA256&X-Amz-Credential=AKIASDVMRCD4TLKVRSCH%2F20250920%2Feu-west-2%2Fs3%2Faws4_request&X-Amz-Date=20250920T173731Z&X-Amz-Expires=360000&X-Amz-SignedHeaders=host&X-Amz-Signature=ef2e18d3ea44ce040a4f2d1a7ec6743c237553577602a54db576011f3425c15a
-e Current_Content/September_2025/009b27fd-7099-1014-a3c3-ea52b5f89595.meca	biorxiv/unpacked/Current_Content/September_2025/009b27fd-7099-1014-a3c3-ea52b5f89595/content/630036.pdf	https://biorxiv-copy.s3.eu-west-2.amazonaws.com/biorxiv/unpacked/Current_Content/September_2025/009b27fd-7099-1014-a3c3-ea52b5f89595/content/630036.pdf?X-Amz-Algorithm=AWS4-HMAC-SHA256&X-Amz-Credential=AKIASDVMRCD4TLKVRSCH%2F20250920%2Feu-west-2%2Fs3%2Faws4_request&X-Amz-Date=20250920T173732Z&X-Amz-Expires=360000&X-Amz-SignedHeaders=host&X-Amz-Signature=7129bb9498799682692f93b288b95de2efc110e609f0039ee6801177ff2f7f4d
-e Current_Content/September_2025/00a63b60-6f49-1014-be9e-82d13dc59f9c.meca	biorxiv/unpacked/Current_Content/September_2025/00a63b60-6f49-1014-be9e-82d13dc59f9c/content/supplements/675871_file02.pdf	https://biorxiv-copy.s3.eu-west-2.amazonaws.com/biorxiv/unpacked/Current_Content/September_2025/00a63b60-6f49-1014-be9e-82d13dc59f9c/content/supplements/675871_file02.pdf?X-Amz-Algorithm=AWS4-HMAC-SHA256&X-Amz-Credential=AKIASDVMRCD4TLKVRSCH%2F20250920%2Feu-west-2%2Fs3%2Faws4_request&X-Amz-Date=20250920T173733Z&X-Amz-Expires=360000&X-Amz-SignedHeaders=host&X-Amz-Signature=cd097c4a751c3f611696f2baf1de1c6ad8759e7e308ac23289fbc883bcbd8df3
-e Current_Content/September_2025/00afc9b9-7e0f-1014-8e8f-db5f8cdb4741.meca	biorxiv/unpacked/Current_Content/September_2025/00afc9b9-7e0f-1014-8e8f-db5f8cdb4741/content/673740.pdf	https://biorxiv-copy.s3.eu-west-2.amazonaws.com/biorxiv/unpacked/Current_Content/September_2025/00afc9b9-7e0f-1014-8e8f-db5f8cdb4741/content/673740.pdf?X-Amz-Algorithm=AWS4-HMAC-SHA256&X-Amz-Credential=AKIASDVMRCD4TLKVRSCH%2F20250920%2Feu-west-2%2Fs3%2Faws4_request&X-Amz-Date=20250920T173734Z&X-Amz-Expires=360000&X-Amz-SignedHeaders=host&X-Amz-Signature=5011772a2f6f75d21985d833150286018d3aebf1cc715f30b494ec8adb5d1c1d
-e Current_Content/September_2025/00c45379-7d51-1014-9bcc-86f859362120.meca	biorxiv/unpacked/Current_Content/September_2025/00c45379-7d51-1014-9bcc-86f859362120/content/674459.pdf	https://biorxiv-copy.s3.eu-west-2.amazonaws.com/biorxiv/unpacked/Current_Content/September_2025/00c45379-7d51-1014-9bcc-86f859362120/content/674459.pdf?X-Amz-Algorithm=AWS4-HMAC-SHA256&X-Amz-Credential=AKIASDVMRCD4TLKVRSCH%2F20250920%2Feu-west-2%2Fs3%2Faws4_request&X-Amz-Date=20250920T173735Z&X-Amz-Expires=360000&X-Amz-SignedHeaders=host&X-Amz-Signature=01b6da39498aa5316d32e7e4c4b8907b903cbce0128d0a50aac0153137c9534f
-e Current_Content/September_2025/00e6e532-7c3e-1014-ba0d-8792e3561e3e.meca	biorxiv/unpacked/Current_Content/September_2025/00e6e532-7c3e-1014-ba0d-8792e3561e3e/content/674077.pdf	https://biorxiv-copy.s3.eu-west-2.amazonaws.com/biorxiv/unpacked/Current_Content/September_2025/00e6e532-7c3e-1014-ba0d-8792e3561e3e/content/674077.pdf?X-Amz-Algorithm=AWS4-HMAC-SHA256&X-Amz-Credential=AKIASDVMRCD4TLKVRSCH%2F20250920%2Feu-west-2%2Fs3%2Faws4_request&X-Amz-Date=20250920T173736Z&X-Amz-Expires=360000&X-Amz-SignedHeaders=host&X-Amz-Signature=58d4859b761dd5912c261a67ab9b9143d9cee365ca6c45bf7e6ce338f7f3f5b3
-e Current_Content/September_2025/00e76884-6df1-1014-ab11-b55d92f72804.meca	biorxiv/unpacked/Current_Content/September_2025/00e76884-6df1-1014-ab11-b55d92f72804/content/675696.pdf	https://biorxiv-copy.s3.eu-west-2.amazonaws.com/biorxiv/unpacked/Current_Content/September_2025/00e76884-6df1-1014-ab11-b55d92f72804/content/675696.pdf?X-Amz-Algorithm=AWS4-HMAC-SHA256&X-Amz-Credential=AKIASDVMRCD4TLKVRSCH%2F20250920%2Feu-west-2%2Fs3%2Faws4_request&X-Amz-Date=20250920T173737Z&X-Amz-Expires=360000&X-Amz-SignedHeaders=host&X-Amz-Signature=f2ea64cf8a38a6138c646839af3e224c65425e0adda43805f47d958a20a6db73
-e Current_Content/September_2025/00fd6ef7-6f35-1014-b73e-8d91b2e02c3f.meca	biorxiv/unpacked/Current_Content/September_2025/00fd6ef7-6f35-1014-b73e-8d91b2e02c3f/content/590880.pdf	https://biorxiv-copy.s3.eu-west-2.amazonaws.com/biorxiv/unpacked/Current_Content/September_2025/00fd6ef7-6f35-1014-b73e-8d91b2e02c3f/content/590880.pdf?X-Amz-Algorithm=AWS4-HMAC-SHA256&X-Amz-Credential=AKIASDVMRCD4TLKVRSCH%2F20250920%2Feu-west-2%2Fs3%2Faws4_request&X-Amz-Date=20250920T173738Z&X-Amz-Expires=360000&X-Amz-SignedHeaders=host&X-Amz-Signature=66d5ae1be3193da85d9742a5503ed9a38a5e6560cfaf552f68c41c9b821a36ca
-e Current_Content/September_2025/010c199b-77f3-1014-a95f-d7b5d2cbaffe.meca	biorxiv/unpacked/Current_Content/September_2025/010c199b-77f3-1014-a95f-d7b5d2cbaffe/content/671415.pdf	https://biorxiv-copy.s3.eu-west-2.amazonaws.com/biorxiv/unpacked/Current_Content/September_2025/010c199b-77f3-1014-a95f-d7b5d2cbaffe/content/671415.pdf?X-Amz-Algorithm=AWS4-HMAC-SHA256&X-Amz-Credential=AKIASDVMRCD4TLKVRSCH%2F20250920%2Feu-west-2%2Fs3%2Faws4_request&X-Amz-Date=20250920T173739Z&X-Amz-Expires=360000&X-Amz-SignedHeaders=host&X-Amz-Signature=5d768af6aa820a0e7139cc42893f9414246555e1567716a05fb7b7aa6d13bb71
-e Current_Content/September_2025/011f6688-7964-1014-b046-fff854f66af5.meca	biorxiv/unpacked/Current_Content/September_2025/011f6688-7964-1014-b046-fff854f66af5/content/607731.pdf	https://biorxiv-copy.s3.eu-west-2.amazonaws.com/biorxiv/unpacked/Current_Content/September_2025/011f6688-7964-1014-b046-fff854f66af5/content/607731.pdf?X-Amz-Algorithm=AWS4-HMAC-SHA256&X-Amz-Credential=AKIASDVMRCD4TLKVRSCH%2F20250920%2Feu-west-2%2Fs3%2Faws4_request&X-Amz-Date=20250920T173740Z&X-Amz-Expires=360000&X-Amz-SignedHeaders=host&X-Amz-Signature=bf660559e4338430cebbec36aded8f0ed866deecd8f5ded3011dbf57d10ba1de
-e Current_Content/September_2025/012f96b0-6caa-1014-b0a7-d2a82a6baad5.meca	biorxiv/unpacked/Current_Content/September_2025/012f96b0-6caa-1014-b0a7-d2a82a6baad5/content/672994.pdf	https://biorxiv-copy.s3.eu-west-2.amazonaws.com/biorxiv/unpacked/Current_Content/September_2025/012f96b0-6caa-1014-b0a7-d2a82a6baad5/content/672994.pdf?X-Amz-Algorithm=AWS4-HMAC-SHA256&X-Amz-Credential=AKIASDVMRCD4TLKVRSCH%2F20250920%2Feu-west-2%2Fs3%2Faws4_request&X-Amz-Date=20250920T173741Z&X-Amz-Expires=360000&X-Amz-SignedHeaders=host&X-Amz-Signature=90f35843a7e6f4d55dc52545223169962873c207fe04837fec1c41eeb66a9e52
-e Current_Content/September_2025/013a89f4-7002-1014-bb43-9260696f80d7.meca	biorxiv/unpacked/Current_Content/September_2025/013a89f4-7002-1014-bb43-9260696f80d7/content/675436.pdf	https://biorxiv-copy.s3.eu-west-2.amazonaws.com/biorxiv/unpacked/Current_Content/September_2025/013a89f4-7002-1014-bb43-9260696f80d7/content/675436.pdf?X-Amz-Algorithm=AWS4-HMAC-SHA256&X-Amz-Credential=AKIASDVMRCD4TLKVRSCH%2F20250920%2Feu-west-2%2Fs3%2Faws4_request&X-Amz-Date=20250920T173742Z&X-Amz-Expires=360000&X-Amz-SignedHeaders=host&X-Amz-Signature=53aa7a67fb7bbe93fb5a1b07467737f807646d9d51ab3b7f19227759b5eeb3c0
-e Current_Content/September_2025/0148bef9-7dd2-1014-b0ec-cb9263b7fe14.meca	biorxiv/unpacked/Current_Content/September_2025/0148bef9-7dd2-1014-b0ec-cb9263b7fe14/content/674843.pdf	https://biorxiv-copy.s3.eu-west-2.amazonaws.com/biorxiv/unpacked/Current_Content/September_2025/0148bef9-7dd2-1014-b0ec-cb9263b7fe14/content/674843.pdf?X-Amz-Algorithm=AWS4-HMAC-SHA256&X-Amz-Credential=AKIASDVMRCD4TLKVRSCH%2F20250920%2Feu-west-2%2Fs3%2Faws4_request&X-Amz-Date=20250920T173743Z&X-Amz-Expires=360000&X-Amz-SignedHeaders=host&X-Amz-Signature=8f57d63c0816d436bfff84ce298ec12aac552f1504a45c32e595cff0b6406fb3
-e Current_Content/September_2025/014c41a0-7734-1014-aa74-b781b6324835.meca	biorxiv/unpacked/Current_Content/September_2025/014c41a0-7734-1014-aa74-b781b6324835/content/supplements/672502_file03.pdf	https://biorxiv-copy.s3.eu-west-2.amazonaws.com/biorxiv/unpacked/Current_Content/September_2025/014c41a0-7734-1014-aa74-b781b6324835/content/supplements/672502_file03.pdf?X-Amz-Algorithm=AWS4-HMAC-SHA256&X-Amz-Credential=AKIASDVMRCD4TLKVRSCH%2F20250920%2Feu-west-2%2Fs3%2Faws4_request&X-Amz-Date=20250920T173744Z&X-Amz-Expires=360000&X-Amz-SignedHeaders=host&X-Amz-Signature=a97957a1d489631bc6669ec31a856faef6a6d206fd506a835f5b4adf0dcca0f3
-e Current_Content/September_2025/0165eaa8-709c-1014-a626-e8c1fb342675.meca	biorxiv/unpacked/Current_Content/September_2025/0165eaa8-709c-1014-a626-e8c1fb342675/content/675707.pdf	https://biorxiv-copy.s3.eu-west-2.amazonaws.com/biorxiv/unpacked/Current_Content/September_2025/0165eaa8-709c-1014-a626-e8c1fb342675/content/675707.pdf?X-Amz-Algorithm=AWS4-HMAC-SHA256&X-Amz-Credential=AKIASDVMRCD4TLKVRSCH%2F20250920%2Feu-west-2%2Fs3%2Faws4_request&X-Amz-Date=20250920T173745Z&X-Amz-Expires=360000&X-Amz-SignedHeaders=host&X-Amz-Signature=1c6cfe44a1db084648afb9037751cfd5b5c1fb8bd99b762a34a3a62798461565
-e Current_Content/September_2025/0166c896-7ac8-1014-a351-99c47c229c0a.meca	biorxiv/unpacked/Current_Content/September_2025/0166c896-7ac8-1014-a351-99c47c229c0a/content/673534.pdf	https://biorxiv-copy.s3.eu-west-2.amazonaws.com/biorxiv/unpacked/Current_Content/September_2025/0166c896-7ac8-1014-a351-99c47c229c0a/content/673534.pdf?X-Amz-Algorithm=AWS4-HMAC-SHA256&X-Amz-Credential=AKIASDVMRCD4TLKVRSCH%2F20250920%2Feu-west-2%2Fs3%2Faws4_request&X-Amz-Date=20250920T173746Z&X-Amz-Expires=360000&X-Amz-SignedHeaders=host&X-Amz-Signature=dd8d7cee8ce86fd6be67006f0aa96114c9b0ea53de034f0a3407c8b87f8fa683
-e Current_Content/September_2025/01ad8e08-70ca-1014-a85f-cf9dc087f2c4.meca	biorxiv/unpacked/Current_Content/September_2025/01ad8e08-70ca-1014-a85f-cf9dc087f2c4/content/674743.pdf	https://biorxiv-copy.s3.eu-west-2.amazonaws.com/biorxiv/unpacked/Current_Content/September_2025/01ad8e08-70ca-1014-a85f-cf9dc087f2c4/content/674743.pdf?X-Amz-Algorithm=AWS4-HMAC-SHA256&X-Amz-Credential=AKIASDVMRCD4TLKVRSCH%2F20250920%2Feu-west-2%2Fs3%2Faws4_request&X-Amz-Date=20250920T173747Z&X-Amz-Expires=360000&X-Amz-SignedHeaders=host&X-Amz-Signature=01bfa99a1a92413f85a1e260e92e4c10b6cc3f63163b92027d19d26c445f87e0
-e Current_Content/September_2025/01d96e93-7ca4-1014-b7d0-f34a2e00ebdb.meca	biorxiv/unpacked/Current_Content/September_2025/01d96e93-7ca4-1014-b7d0-f34a2e00ebdb/content/674097.pdf	https://biorxiv-copy.s3.eu-west-2.amazonaws.com/biorxiv/unpacked/Current_Content/September_2025/01d96e93-7ca4-1014-b7d0-f34a2e00ebdb/content/674097.pdf?X-Amz-Algorithm=AWS4-HMAC-SHA256&X-Amz-Credential=AKIASDVMRCD4TLKVRSCH%2F20250920%2Feu-west-2%2Fs3%2Faws4_request&X-Amz-Date=20250920T173748Z&X-Amz-Expires=360000&X-Amz-SignedHeaders=host&X-Amz-Signature=37a26a0c3401d26b23287432d8aa9582577f4626b1a8fd2a3a0b2938deddef12
-e Current_Content/September_2025/01deee6f-6c84-1014-a255-bcbc07994954.meca	biorxiv/unpacked/Current_Content/September_2025/01deee6f-6c84-1014-a255-bcbc07994954/content/660730.pdf	https://biorxiv-copy.s3.eu-west-2.amazonaws.com/biorxiv/unpacked/Current_Content/September_2025/01deee6f-6c84-1014-a255-bcbc07994954/content/660730.pdf?X-Amz-Algorithm=AWS4-HMAC-SHA256&X-Amz-Credential=AKIASDVMRCD4TLKVRSCH%2F20250920%2Feu-west-2%2Fs3%2Faws4_request&X-Amz-Date=20250920T173749Z&X-Amz-Expires=360000&X-Amz-SignedHeaders=host&X-Amz-Signature=17eae3939d7de36bba51c0ec9d4159ab5dd5e17b4532cbbcef58a71b4b60f0f5
-e Current_Content/September_2025/01e9caa8-7eb0-1014-9c45-fcef60342861.meca	biorxiv/unpacked/Current_Content/September_2025/01e9caa8-7eb0-1014-9c45-fcef60342861/content/584083.pdf	https://biorxiv-copy.s3.eu-west-2.amazonaws.com/biorxiv/unpacked/Current_Content/September_2025/01e9caa8-7eb0-1014-9c45-fcef60342861/content/584083.pdf?X-Amz-Algorithm=AWS4-HMAC-SHA256&X-Amz-Credential=AKIASDVMRCD4TLKVRSCH%2F20250920%2Feu-west-2%2Fs3%2Faws4_request&X-Amz-Date=20250920T173750Z&X-Amz-Expires=360000&X-Amz-SignedHeaders=host&X-Amz-Signature=9bcefb3daa9249beaf91f51a058f881b5b9c73cf61609258ebc7d530edc5bdc2
-e Current_Content/September_2025/01f88e3d-7bc5-1014-a2e3-822387320c29.meca	biorxiv/unpacked/Current_Content/September_2025/01f88e3d-7bc5-1014-a2e3-822387320c29/content/supplements/674076_file02.pdf	https://biorxiv-copy.s3.eu-west-2.amazonaws.com/biorxiv/unpacked/Current_Content/September_2025/01f88e3d-7bc5-1014-a2e3-822387320c29/content/supplements/674076_file02.pdf?X-Amz-Algorithm=AWS4-HMAC-SHA256&X-Amz-Credential=AKIASDVMRCD4TLKVRSCH%2F20250920%2Feu-west-2%2Fs3%2Faws4_request&X-Amz-Date=20250920T173750Z&X-Amz-Expires=360000&X-Amz-SignedHeaders=host&X-Amz-Signature=7db3804f127e9fdd99c6c5840d355f5f81ebda25cf9ce13eded9b9f45abaf06d
-e Current_Content/September_2025/02201e70-70aa-1014-a58a-e595adf43a90.meca	biorxiv/unpacked/Current_Content/September_2025/02201e70-70aa-1014-a58a-e595adf43a90/content/675743.pdf	https://biorxiv-copy.s3.eu-west-2.amazonaws.com/biorxiv/unpacked/Current_Content/September_2025/02201e70-70aa-1014-a58a-e595adf43a90/content/675743.pdf?X-Amz-Algorithm=AWS4-HMAC-SHA256&X-Amz-Credential=AKIASDVMRCD4TLKVRSCH%2F20250920%2Feu-west-2%2Fs3%2Faws4_request&X-Amz-Date=20250920T173751Z&X-Amz-Expires=360000&X-Amz-SignedHeaders=host&X-Amz-Signature=cde8eb45709483ae58ef32b9741a71d2f188081af2169df612951316c157a9de
-e Current_Content/September_2025/022214ba-778c-1014-9976-cd0b19a60880.meca	biorxiv/unpacked/Current_Content/September_2025/022214ba-778c-1014-9976-cd0b19a60880/content/672541.pdf	https://biorxiv-copy.s3.eu-west-2.amazonaws.com/biorxiv/unpacked/Current_Content/September_2025/022214ba-778c-1014-9976-cd0b19a60880/content/672541.pdf?X-Amz-Algorithm=AWS4-HMAC-SHA256&X-Amz-Credential=AKIASDVMRCD4TLKVRSCH%2F20250920%2Feu-west-2%2Fs3%2Faws4_request&X-Amz-Date=20250920T173752Z&X-Amz-Expires=360000&X-Amz-SignedHeaders=host&X-Amz-Signature=4f77e3fd0ba75a0b3cf861ad5a2420528c7ceaaa21cf3a726cb9459427b0db30
-e Current_Content/September_2025/022a2331-6c36-1014-ac3a-97fb4d5f071c.meca	biorxiv/unpacked/Current_Content/September_2025/022a2331-6c36-1014-ac3a-97fb4d5f071c/content/610010.pdf	https://biorxiv-copy.s3.eu-west-2.amazonaws.com/biorxiv/unpacked/Current_Content/September_2025/022a2331-6c36-1014-ac3a-97fb4d5f071c/content/610010.pdf?X-Amz-Algorithm=AWS4-HMAC-SHA256&X-Amz-Credential=AKIASDVMRCD4TLKVRSCH%2F20250920%2Feu-west-2%2Fs3%2Faws4_request&X-Amz-Date=20250920T173753Z&X-Amz-Expires=360000&X-Amz-SignedHeaders=host&X-Amz-Signature=e9867b66e4c32d93c39d1ce01f40241a92d9fe872872a07fe55149bb345148e6
-e Current_Content/September_2025/02365f28-6cf9-1014-a139-e03851b504b2.meca	biorxiv/unpacked/Current_Content/September_2025/02365f28-6cf9-1014-a139-e03851b504b2/content/672867.pdf	https://biorxiv-copy.s3.eu-west-2.amazonaws.com/biorxiv/unpacked/Current_Content/September_2025/02365f28-6cf9-1014-a139-e03851b504b2/content/672867.pdf?X-Amz-Algorithm=AWS4-HMAC-SHA256&X-Amz-Credential=AKIASDVMRCD4TLKVRSCH%2F20250920%2Feu-west-2%2Fs3%2Faws4_request&X-Amz-Date=20250920T173754Z&X-Amz-Expires=360000&X-Amz-SignedHeaders=host&X-Amz-Signature=4da15eaf7ba482b35b457db2ae6f6b2fcdb07f91418a6e54e8159e55c13da3a0
-e Current_Content/September_2025/023a15a9-7856-1014-8353-a485c83d83cb.meca	biorxiv/unpacked/Current_Content/September_2025/023a15a9-7856-1014-8353-a485c83d83cb/content/supplements/673577_file03.pdf	https://biorxiv-copy.s3.eu-west-2.amazonaws.com/biorxiv/unpacked/Current_Content/September_2025/023a15a9-7856-1014-8353-a485c83d83cb/content/supplements/673577_file03.pdf?X-Amz-Algorithm=AWS4-HMAC-SHA256&X-Amz-Credential=AKIASDVMRCD4TLKVRSCH%2F20250920%2Feu-west-2%2Fs3%2Faws4_request&X-Amz-Date=20250920T173755Z&X-Amz-Expires=360000&X-Amz-SignedHeaders=host&X-Amz-Signature=eecc30a14f5314c957be8b1966e176c50ad6ea5c5c5f63351cd7d14a9afc97d4
-e Current_Content/September_2025/02454833-6eff-1014-aae5-e58220077bcb.meca	biorxiv/unpacked/Current_Content/September_2025/02454833-6eff-1014-aae5-e58220077bcb/content/673431.pdf	https://biorxiv-copy.s3.eu-west-2.amazonaws.com/biorxiv/unpacked/Current_Content/September_2025/02454833-6eff-1014-aae5-e58220077bcb/content/673431.pdf?X-Amz-Algorithm=AWS4-HMAC-SHA256&X-Amz-Credential=AKIASDVMRCD4TLKVRSCH%2F20250920%2Feu-west-2%2Fs3%2Faws4_request&X-Amz-Date=20250920T173756Z&X-Amz-Expires=360000&X-Amz-SignedHeaders=host&X-Amz-Signature=0fa3f7fe883552da9577b604df6a3fb77bb8664b97ca73ac80608358a8e7041e
-e Current_Content/September_2025/024a64fa-715d-1014-bb6a-b89d502c0d08.meca	biorxiv/unpacked/Current_Content/September_2025/024a64fa-715d-1014-bb6a-b89d502c0d08/content/supplements/675573_file02.pdf	https://biorxiv-copy.s3.eu-west-2.amazonaws.com/biorxiv/unpacked/Current_Content/September_2025/024a64fa-715d-1014-bb6a-b89d502c0d08/content/supplements/675573_file02.pdf?X-Amz-Algorithm=AWS4-HMAC-SHA256&X-Amz-Credential=AKIASDVMRCD4TLKVRSCH%2F20250920%2Feu-west-2%2Fs3%2Faws4_request&X-Amz-Date=20250920T173757Z&X-Amz-Expires=360000&X-Amz-SignedHeaders=host&X-Amz-Signature=dbed2ad8a37a0b228fb422a58de76c2903ed79ccc198f4a2a2309b5222c58321
-e Current_Content/September_2025/029e35cf-7e98-1014-b6ee-bd573f8fe25f.meca	biorxiv/unpacked/Current_Content/September_2025/029e35cf-7e98-1014-b6ee-bd573f8fe25f/content/674705.pdf	https://biorxiv-copy.s3.eu-west-2.amazonaws.com/biorxiv/unpacked/Current_Content/September_2025/029e35cf-7e98-1014-b6ee-bd573f8fe25f/content/674705.pdf?X-Amz-Algorithm=AWS4-HMAC-SHA256&X-Amz-Credential=AKIASDVMRCD4TLKVRSCH%2F20250920%2Feu-west-2%2Fs3%2Faws4_request&X-Amz-Date=20250920T173758Z&X-Amz-Expires=360000&X-Amz-SignedHeaders=host&X-Amz-Signature=f0a2cda85790d11f2e08faa79bb5c4397c6a0efa7fb1401e2b5172fce07314e9
-e Current_Content/September_2025/02fd8e44-6c78-1014-ab8f-caf7ed6b44f5.meca	biorxiv/unpacked/Current_Content/September_2025/02fd8e44-6c78-1014-ab8f-caf7ed6b44f5/content/supplements/672632_file03.pdf	https://biorxiv-copy.s3.eu-west-2.amazonaws.com/biorxiv/unpacked/Current_Content/September_2025/02fd8e44-6c78-1014-ab8f-caf7ed6b44f5/content/supplements/672632_file03.pdf?X-Amz-Algorithm=AWS4-HMAC-SHA256&X-Amz-Credential=AKIASDVMRCD4TLKVRSCH%2F20250920%2Feu-west-2%2Fs3%2Faws4_request&X-Amz-Date=20250920T173759Z&X-Amz-Expires=360000&X-Amz-SignedHeaders=host&X-Amz-Signature=7212c849876fbbaf814d92dd46fb230477c8a464b15a605906f8f64e8ad0522a
-e Current_Content/September_2025/03139d12-7aab-1014-8db7-897d91fe747c.meca	biorxiv/unpacked/Current_Content/September_2025/03139d12-7aab-1014-8db7-897d91fe747c/content/673020.pdf	https://biorxiv-copy.s3.eu-west-2.amazonaws.com/biorxiv/unpacked/Current_Content/September_2025/03139d12-7aab-1014-8db7-897d91fe747c/content/673020.pdf?X-Amz-Algorithm=AWS4-HMAC-SHA256&X-Amz-Credential=AKIASDVMRCD4TLKVRSCH%2F20250920%2Feu-west-2%2Fs3%2Faws4_request&X-Amz-Date=20250920T173800Z&X-Amz-Expires=360000&X-Amz-SignedHeaders=host&X-Amz-Signature=705447808093e504485e3601b82ce6b6eeaf6ba70c1c8d58aff9a6fae159cc6d
-e Current_Content/September_2025/0314255e-7e0f-1014-83ff-b74ab32ebfcb.meca	biorxiv/unpacked/Current_Content/September_2025/0314255e-7e0f-1014-83ff-b74ab32ebfcb/content/supplements/610816_file03.pdf	https://biorxiv-copy.s3.eu-west-2.amazonaws.com/biorxiv/unpacked/Current_Content/September_2025/0314255e-7e0f-1014-83ff-b74ab32ebfcb/content/supplements/610816_file03.pdf?X-Amz-Algorithm=AWS4-HMAC-SHA256&X-Amz-Credential=AKIASDVMRCD4TLKVRSCH%2F20250920%2Feu-west-2%2Fs3%2Faws4_request&X-Amz-Date=20250920T173801Z&X-Amz-Expires=360000&X-Amz-SignedHeaders=host&X-Amz-Signature=5f919c81e5ef6d8b0957ca881ece749c6d228ab049b04823321bcec433f4f6ee
-e Current_Content/September_2025/03232d9d-7d22-1014-8d73-e0a1a239711c.meca	biorxiv/unpacked/Current_Content/September_2025/03232d9d-7d22-1014-8d73-e0a1a239711c/content/671908.pdf	https://biorxiv-copy.s3.eu-west-2.amazonaws.com/biorxiv/unpacked/Current_Content/September_2025/03232d9d-7d22-1014-8d73-e0a1a239711c/content/671908.pdf?X-Amz-Algorithm=AWS4-HMAC-SHA256&X-Amz-Credential=AKIASDVMRCD4TLKVRSCH%2F20250920%2Feu-west-2%2Fs3%2Faws4_request&X-Amz-Date=20250920T173802Z&X-Amz-Expires=360000&X-Amz-SignedHeaders=host&X-Amz-Signature=978f3e8762fd598fb4ed850a2c17e8595a6e095cc7992dcd3869c34e9095c3ae
-e Current_Content/September_2025/0323dbe1-7e99-1014-9db6-9d4128f92110.meca	biorxiv/unpacked/Current_Content/September_2025/0323dbe1-7e99-1014-9db6-9d4128f92110/content/648930.pdf	https://biorxiv-copy.s3.eu-west-2.amazonaws.com/biorxiv/unpacked/Current_Content/September_2025/0323dbe1-7e99-1014-9db6-9d4128f92110/content/648930.pdf?X-Amz-Algorithm=AWS4-HMAC-SHA256&X-Amz-Credential=AKIASDVMRCD4TLKVRSCH%2F20250920%2Feu-west-2%2Fs3%2Faws4_request&X-Amz-Date=20250920T173803Z&X-Amz-Expires=360000&X-Amz-SignedHeaders=host&X-Amz-Signature=bf687eaf7fc5f00245ffcf422db5a4fc882df28a0674989f90995905ecc00f9d
-e Current_Content/September_2025/0337d5ec-7b10-1014-9506-e0ed51fab2e6.meca	biorxiv/unpacked/Current_Content/September_2025/0337d5ec-7b10-1014-9506-e0ed51fab2e6/content/673485.pdf	https://biorxiv-copy.s3.eu-west-2.amazonaws.com/biorxiv/unpacked/Current_Content/September_2025/0337d5ec-7b10-1014-9506-e0ed51fab2e6/content/673485.pdf?X-Amz-Algorithm=AWS4-HMAC-SHA256&X-Amz-Credential=AKIASDVMRCD4TLKVRSCH%2F20250920%2Feu-west-2%2Fs3%2Faws4_request&X-Amz-Date=20250920T173804Z&X-Amz-Expires=360000&X-Amz-SignedHeaders=host&X-Amz-Signature=65da2878e95f33b0182abefca401dd48fdc7e776ecd2b13f707e410ecec57b4f
-e Current_Content/September_2025/035b6614-6f02-1014-b6fc-dc3f2b5c05fd.meca	biorxiv/unpacked/Current_Content/September_2025/035b6614-6f02-1014-b6fc-dc3f2b5c05fd/content/supplements/675425_file03.pdf	https://biorxiv-copy.s3.eu-west-2.amazonaws.com/biorxiv/unpacked/Current_Content/September_2025/035b6614-6f02-1014-b6fc-dc3f2b5c05fd/content/supplements/675425_file03.pdf?X-Amz-Algorithm=AWS4-HMAC-SHA256&X-Amz-Credential=AKIASDVMRCD4TLKVRSCH%2F20250920%2Feu-west-2%2Fs3%2Faws4_request&X-Amz-Date=20250920T173804Z&X-Amz-Expires=360000&X-Amz-SignedHeaders=host&X-Amz-Signature=e610e4f88db732cadd001def397f3473f307f5ba289a8fda14c44c7da11b872f
-e Current_Content/September_2025/0372f697-7001-1014-98fb-e7033b7876cc.meca	biorxiv/unpacked/Current_Content/September_2025/0372f697-7001-1014-98fb-e7033b7876cc/content/619716.pdf	https://biorxiv-copy.s3.eu-west-2.amazonaws.com/biorxiv/unpacked/Current_Content/September_2025/0372f697-7001-1014-98fb-e7033b7876cc/content/619716.pdf?X-Amz-Algorithm=AWS4-HMAC-SHA256&X-Amz-Credential=AKIASDVMRCD4TLKVRSCH%2F20250920%2Feu-west-2%2Fs3%2Faws4_request&X-Amz-Date=20250920T173805Z&X-Amz-Expires=360000&X-Amz-SignedHeaders=host&X-Amz-Signature=0f2360b73ff2c3eec60ddfeb3dd3e322134384403a35132c5d8612f0a72c4eb4
-e Current_Content/September_2025/0373f9f3-6e49-1014-984a-bf17a3923aea.meca	biorxiv/unpacked/Current_Content/September_2025/0373f9f3-6e49-1014-984a-bf17a3923aea/content/675279.pdf	https://biorxiv-copy.s3.eu-west-2.amazonaws.com/biorxiv/unpacked/Current_Content/September_2025/0373f9f3-6e49-1014-984a-bf17a3923aea/content/675279.pdf?X-Amz-Algorithm=AWS4-HMAC-SHA256&X-Amz-Credential=AKIASDVMRCD4TLKVRSCH%2F20250920%2Feu-west-2%2Fs3%2Faws4_request&X-Amz-Date=20250920T173806Z&X-Amz-Expires=360000&X-Amz-SignedHeaders=host&X-Amz-Signature=636381bb606fc6050bfce58abdd034416015c2de4c26102fec6c9e2883ca3485
-e Current_Content/September_2025/037f04d0-6ca6-1014-b9df-d198f70d81f2.meca	biorxiv/unpacked/Current_Content/September_2025/037f04d0-6ca6-1014-b9df-d198f70d81f2/content/672594.pdf	https://biorxiv-copy.s3.eu-west-2.amazonaws.com/biorxiv/unpacked/Current_Content/September_2025/037f04d0-6ca6-1014-b9df-d198f70d81f2/content/672594.pdf?X-Amz-Algorithm=AWS4-HMAC-SHA256&X-Amz-Credential=AKIASDVMRCD4TLKVRSCH%2F20250920%2Feu-west-2%2Fs3%2Faws4_request&X-Amz-Date=20250920T173807Z&X-Amz-Expires=360000&X-Amz-SignedHeaders=host&X-Amz-Signature=0c0d781c10373294ffebbdd30a213c32ebaa5a241a6cb4efc0b35734d74fc6a5
-e Current_Content/September_2025/03969609-6f35-1014-ab82-f14f37ab790f.meca	biorxiv/unpacked/Current_Content/September_2025/03969609-6f35-1014-ab82-f14f37ab790f/content/674937.pdf	https://biorxiv-copy.s3.eu-west-2.amazonaws.com/biorxiv/unpacked/Current_Content/September_2025/03969609-6f35-1014-ab82-f14f37ab790f/content/674937.pdf?X-Amz-Algorithm=AWS4-HMAC-SHA256&X-Amz-Credential=AKIASDVMRCD4TLKVRSCH%2F20250920%2Feu-west-2%2Fs3%2Faws4_request&X-Amz-Date=20250920T173808Z&X-Amz-Expires=360000&X-Amz-SignedHeaders=host&X-Amz-Signature=c3da8ac428dfc95e473cc899e3ee26787f8ef18d6a22fbc3a2452aefdac1fc17
-e Current_Content/September_2025/03a01bdf-7d3f-1014-a89a-d1db003e1f18.meca	biorxiv/unpacked/Current_Content/September_2025/03a01bdf-7d3f-1014-a89a-d1db003e1f18/content/674297.pdf	https://biorxiv-copy.s3.eu-west-2.amazonaws.com/biorxiv/unpacked/Current_Content/September_2025/03a01bdf-7d3f-1014-a89a-d1db003e1f18/content/674297.pdf?X-Amz-Algorithm=AWS4-HMAC-SHA256&X-Amz-Credential=AKIASDVMRCD4TLKVRSCH%2F20250920%2Feu-west-2%2Fs3%2Faws4_request&X-Amz-Date=20250920T173809Z&X-Amz-Expires=360000&X-Amz-SignedHeaders=host&X-Amz-Signature=accff0a9252adf6e98e6d7f170ad166bc9e84f5ba443dc853ef2f26b1fae5035
-e Current_Content/September_2025/03a1691c-70ce-1014-bf1a-b6bd63c41968.meca	biorxiv/unpacked/Current_Content/September_2025/03a1691c-70ce-1014-bf1a-b6bd63c41968/content/675613.pdf	https://biorxiv-copy.s3.eu-west-2.amazonaws.com/biorxiv/unpacked/Current_Content/September_2025/03a1691c-70ce-1014-bf1a-b6bd63c41968/content/675613.pdf?X-Amz-Algorithm=AWS4-HMAC-SHA256&X-Amz-Credential=AKIASDVMRCD4TLKVRSCH%2F20250920%2Feu-west-2%2Fs3%2Faws4_request&X-Amz-Date=20250920T173810Z&X-Amz-Expires=360000&X-Amz-SignedHeaders=host&X-Amz-Signature=2d9f039a3b36bf6ccfc0b52d6d56eee93f436701489ea1db386b6db909af1609
-e Current_Content/September_2025/03ab46f3-77f3-1014-9688-d2f18ad8c901.meca	biorxiv/unpacked/Current_Content/September_2025/03ab46f3-77f3-1014-9688-d2f18ad8c901/content/672068.pdf	https://biorxiv-copy.s3.eu-west-2.amazonaws.com/biorxiv/unpacked/Current_Content/September_2025/03ab46f3-77f3-1014-9688-d2f18ad8c901/content/672068.pdf?X-Amz-Algorithm=AWS4-HMAC-SHA256&X-Amz-Credential=AKIASDVMRCD4TLKVRSCH%2F20250920%2Feu-west-2%2Fs3%2Faws4_request&X-Amz-Date=20250920T173811Z&X-Amz-Expires=360000&X-Amz-SignedHeaders=host&X-Amz-Signature=e0904bd0bca4a877218929e81df565c90b4315addc73e02b0e7cc2418df1454d
-e Current_Content/September_2025/03b7bba7-7e0f-1014-b7ca-e393c37046a9.meca	biorxiv/unpacked/Current_Content/September_2025/03b7bba7-7e0f-1014-b7ca-e393c37046a9/content/673811.pdf	https://biorxiv-copy.s3.eu-west-2.amazonaws.com/biorxiv/unpacked/Current_Content/September_2025/03b7bba7-7e0f-1014-b7ca-e393c37046a9/content/673811.pdf?X-Amz-Algorithm=AWS4-HMAC-SHA256&X-Amz-Credential=AKIASDVMRCD4TLKVRSCH%2F20250920%2Feu-west-2%2Fs3%2Faws4_request&X-Amz-Date=20250920T173812Z&X-Amz-Expires=360000&X-Amz-SignedHeaders=host&X-Amz-Signature=e12b3a45c615db51d64c9743b6430561b331c74ce7558dccb350676023931807
-e Current_Content/September_2025/03ccf9b0-709c-1014-bc71-e085f392d4f8.meca	biorxiv/unpacked/Current_Content/September_2025/03ccf9b0-709c-1014-bc71-e085f392d4f8/content/675708.pdf	https://biorxiv-copy.s3.eu-west-2.amazonaws.com/biorxiv/unpacked/Current_Content/September_2025/03ccf9b0-709c-1014-bc71-e085f392d4f8/content/675708.pdf?X-Amz-Algorithm=AWS4-HMAC-SHA256&X-Amz-Credential=AKIASDVMRCD4TLKVRSCH%2F20250920%2Feu-west-2%2Fs3%2Faws4_request&X-Amz-Date=20250920T173813Z&X-Amz-Expires=360000&X-Amz-SignedHeaders=host&X-Amz-Signature=ac869a8a04ab894d929247a94ceea931344c12deb54d413cecf3cd6cd8bdf2fe
-e Current_Content/September_2025/03e0e415-7d66-1014-8152-975ced96b40a.meca	biorxiv/unpacked/Current_Content/September_2025/03e0e415-7d66-1014-8152-975ced96b40a/content/663195.pdf	https://biorxiv-copy.s3.eu-west-2.amazonaws.com/biorxiv/unpacked/Current_Content/September_2025/03e0e415-7d66-1014-8152-975ced96b40a/content/663195.pdf?X-Amz-Algorithm=AWS4-HMAC-SHA256&X-Amz-Credential=AKIASDVMRCD4TLKVRSCH%2F20250920%2Feu-west-2%2Fs3%2Faws4_request&X-Amz-Date=20250920T173814Z&X-Amz-Expires=360000&X-Amz-SignedHeaders=host&X-Amz-Signature=3da9e48a1f331f98e53ee3ff30065637010524ea5cf27f5a8ab0a735566c9b45
-e Current_Content/September_2025/0401808c-70cf-1014-838f-8aa8e3cedffb.meca	biorxiv/unpacked/Current_Content/September_2025/0401808c-70cf-1014-838f-8aa8e3cedffb/content/676677.pdf	https://biorxiv-copy.s3.eu-west-2.amazonaws.com/biorxiv/unpacked/Current_Content/September_2025/0401808c-70cf-1014-838f-8aa8e3cedffb/content/676677.pdf?X-Amz-Algorithm=AWS4-HMAC-SHA256&X-Amz-Credential=AKIASDVMRCD4TLKVRSCH%2F20250920%2Feu-west-2%2Fs3%2Faws4_request&X-Amz-Date=20250920T173815Z&X-Amz-Expires=360000&X-Amz-SignedHeaders=host&X-Amz-Signature=b0d31b8fd9816a4b2bfbe02473c754cadad71e99307d9560d9b3441a2ff0fb23
-e Current_Content/September_2025/04022db9-6d72-1014-b487-ec6c67a346bd.meca	biorxiv/unpacked/Current_Content/September_2025/04022db9-6d72-1014-b487-ec6c67a346bd/content/supplements/674627_file02.pdf	https://biorxiv-copy.s3.eu-west-2.amazonaws.com/biorxiv/unpacked/Current_Content/September_2025/04022db9-6d72-1014-b487-ec6c67a346bd/content/supplements/674627_file02.pdf?X-Amz-Algorithm=AWS4-HMAC-SHA256&X-Amz-Credential=AKIASDVMRCD4TLKVRSCH%2F20250920%2Feu-west-2%2Fs3%2Faws4_request&X-Amz-Date=20250920T173816Z&X-Amz-Expires=360000&X-Amz-SignedHeaders=host&X-Amz-Signature=7796950f9ff658f93489f68654e709b95978c8c85750a34e1d89cf18805f3dc2
-e Current_Content/September_2025/0414a9cc-6e65-1014-b49a-9ffac824d860.meca	biorxiv/unpacked/Current_Content/September_2025/0414a9cc-6e65-1014-b49a-9ffac824d860/content/674943.pdf	https://biorxiv-copy.s3.eu-west-2.amazonaws.com/biorxiv/unpacked/Current_Content/September_2025/0414a9cc-6e65-1014-b49a-9ffac824d860/content/674943.pdf?X-Amz-Algorithm=AWS4-HMAC-SHA256&X-Amz-Credential=AKIASDVMRCD4TLKVRSCH%2F20250920%2Feu-west-2%2Fs3%2Faws4_request&X-Amz-Date=20250920T173817Z&X-Amz-Expires=360000&X-Amz-SignedHeaders=host&X-Amz-Signature=4d27066ce73c11ae96bbb864542aeb5a65d2e9137a1475b478470d76e9b92f05
-e Current_Content/September_2025/0420a911-70f0-1014-80e1-a834c32989ca.meca	biorxiv/unpacked/Current_Content/September_2025/0420a911-70f0-1014-80e1-a834c32989ca/content/648932.pdf	https://biorxiv-copy.s3.eu-west-2.amazonaws.com/biorxiv/unpacked/Current_Content/September_2025/0420a911-70f0-1014-80e1-a834c32989ca/content/648932.pdf?X-Amz-Algorithm=AWS4-HMAC-SHA256&X-Amz-Credential=AKIASDVMRCD4TLKVRSCH%2F20250920%2Feu-west-2%2Fs3%2Faws4_request&X-Amz-Date=20250920T173819Z&X-Amz-Expires=360000&X-Amz-SignedHeaders=host&X-Amz-Signature=f182aa02b2bfba0c18a70c3c4a8bb0eb673398824b530fbd929f039ebe46f58c
-e Current_Content/September_2025/04269b31-7bed-1014-8243-e1cca5f69553.meca	biorxiv/unpacked/Current_Content/September_2025/04269b31-7bed-1014-8243-e1cca5f69553/content/669202.pdf	https://biorxiv-copy.s3.eu-west-2.amazonaws.com/biorxiv/unpacked/Current_Content/September_2025/04269b31-7bed-1014-8243-e1cca5f69553/content/669202.pdf?X-Amz-Algorithm=AWS4-HMAC-SHA256&X-Amz-Credential=AKIASDVMRCD4TLKVRSCH%2F20250920%2Feu-west-2%2Fs3%2Faws4_request&X-Amz-Date=20250920T173820Z&X-Amz-Expires=360000&X-Amz-SignedHeaders=host&X-Amz-Signature=8da1c349f97ed562c29b0d24095ebe60c0e48ba8c67741b96a4d40be60c981df
-e Current_Content/September_2025/043b8cd5-7d51-1014-bf73-a3ae98051075.meca	biorxiv/unpacked/Current_Content/September_2025/043b8cd5-7d51-1014-bf73-a3ae98051075/content/674536.pdf	https://biorxiv-copy.s3.eu-west-2.amazonaws.com/biorxiv/unpacked/Current_Content/September_2025/043b8cd5-7d51-1014-bf73-a3ae98051075/content/674536.pdf?X-Amz-Algorithm=AWS4-HMAC-SHA256&X-Amz-Credential=AKIASDVMRCD4TLKVRSCH%2F20250920%2Feu-west-2%2Fs3%2Faws4_request&X-Amz-Date=20250920T173821Z&X-Amz-Expires=360000&X-Amz-SignedHeaders=host&X-Amz-Signature=ab180d40897f4e04a8408490f356003de5d0143919071bde2e4f930c5d7f4808
-e Current_Content/September_2025/043e60a0-7c3e-1014-9df6-b2e26139a2c1.meca	biorxiv/unpacked/Current_Content/September_2025/043e60a0-7c3e-1014-9df6-b2e26139a2c1/content/674122.pdf	https://biorxiv-copy.s3.eu-west-2.amazonaws.com/biorxiv/unpacked/Current_Content/September_2025/043e60a0-7c3e-1014-9df6-b2e26139a2c1/content/674122.pdf?X-Amz-Algorithm=AWS4-HMAC-SHA256&X-Amz-Credential=AKIASDVMRCD4TLKVRSCH%2F20250920%2Feu-west-2%2Fs3%2Faws4_request&X-Amz-Date=20250920T173822Z&X-Amz-Expires=360000&X-Amz-SignedHeaders=host&X-Amz-Signature=e0bcf79c7ebb5a14d1eecaf90bf0cde65181bc283a281eaaa2de0361a837ea58
-e Current_Content/September_2025/043fc729-7ac8-1014-ac6a-dec2377608f6.meca	biorxiv/unpacked/Current_Content/September_2025/043fc729-7ac8-1014-ac6a-dec2377608f6/content/673595.pdf	https://biorxiv-copy.s3.eu-west-2.amazonaws.com/biorxiv/unpacked/Current_Content/September_2025/043fc729-7ac8-1014-ac6a-dec2377608f6/content/673595.pdf?X-Amz-Algorithm=AWS4-HMAC-SHA256&X-Amz-Credential=AKIASDVMRCD4TLKVRSCH%2F20250920%2Feu-west-2%2Fs3%2Faws4_request&X-Amz-Date=20250920T173823Z&X-Amz-Expires=360000&X-Amz-SignedHeaders=host&X-Amz-Signature=5ea9581f6ab387ead24532065f5bef274d5af547da9bfad8ed10c530214eaaa5
-e Current_Content/September_2025/04460c47-70f1-1014-bf0f-94ca6afeb943.meca	biorxiv/unpacked/Current_Content/September_2025/04460c47-70f1-1014-bf0f-94ca6afeb943/content/675826.pdf	https://biorxiv-copy.s3.eu-west-2.amazonaws.com/biorxiv/unpacked/Current_Content/September_2025/04460c47-70f1-1014-bf0f-94ca6afeb943/content/675826.pdf?X-Amz-Algorithm=AWS4-HMAC-SHA256&X-Amz-Credential=AKIASDVMRCD4TLKVRSCH%2F20250920%2Feu-west-2%2Fs3%2Faws4_request&X-Amz-Date=20250920T173824Z&X-Amz-Expires=360000&X-Amz-SignedHeaders=host&X-Amz-Signature=768efefb0e386fe5bb154c608ce6fc6895644190c282be1f5284ee4f046f9327
-e Current_Content/September_2025/0449c57b-7d06-1014-ae81-8791042b690f.meca	biorxiv/unpacked/Current_Content/September_2025/0449c57b-7d06-1014-ae81-8791042b690f/content/674489.pdf	https://biorxiv-copy.s3.eu-west-2.amazonaws.com/biorxiv/unpacked/Current_Content/September_2025/0449c57b-7d06-1014-ae81-8791042b690f/content/674489.pdf?X-Amz-Algorithm=AWS4-HMAC-SHA256&X-Amz-Credential=AKIASDVMRCD4TLKVRSCH%2F20250920%2Feu-west-2%2Fs3%2Faws4_request&X-Amz-Date=20250920T173825Z&X-Amz-Expires=360000&X-Amz-SignedHeaders=host&X-Amz-Signature=d2a744824fac79f696d99adb0ed07299942f5fd103b5f9b56afd4c06669505e6
-e Current_Content/September_2025/045bd1f8-7c89-1014-a1f2-c33106b30c1f.meca	biorxiv/unpacked/Current_Content/September_2025/045bd1f8-7c89-1014-a1f2-c33106b30c1f/content/674151.pdf	https://biorxiv-copy.s3.eu-west-2.amazonaws.com/biorxiv/unpacked/Current_Content/September_2025/045bd1f8-7c89-1014-a1f2-c33106b30c1f/content/674151.pdf?X-Amz-Algorithm=AWS4-HMAC-SHA256&X-Amz-Credential=AKIASDVMRCD4TLKVRSCH%2F20250920%2Feu-west-2%2Fs3%2Faws4_request&X-Amz-Date=20250920T173827Z&X-Amz-Expires=360000&X-Amz-SignedHeaders=host&X-Amz-Signature=92987fb72bb3998e90fe660dd6116ac16c2ab000632946a67cae78c6ea7b450d
-e Current_Content/September_2025/046944a9-6c84-1014-9224-f8584e4ff572.meca	biorxiv/unpacked/Current_Content/September_2025/046944a9-6c84-1014-9224-f8584e4ff572/content/671242.pdf	https://biorxiv-copy.s3.eu-west-2.amazonaws.com/biorxiv/unpacked/Current_Content/September_2025/046944a9-6c84-1014-9224-f8584e4ff572/content/671242.pdf?X-Amz-Algorithm=AWS4-HMAC-SHA256&X-Amz-Credential=AKIASDVMRCD4TLKVRSCH%2F20250920%2Feu-west-2%2Fs3%2Faws4_request&X-Amz-Date=20250920T173828Z&X-Amz-Expires=360000&X-Amz-SignedHeaders=host&X-Amz-Signature=fce04d17377f9c2e397e46f54717ab123ec69f1c33262c3d7f54b1f51caf233d
-e Current_Content/September_2025/0476d80f-70aa-1014-8dc0-c8fa90e3fbf3.meca	biorxiv/unpacked/Current_Content/September_2025/0476d80f-70aa-1014-8dc0-c8fa90e3fbf3/content/675744.pdf	https://biorxiv-copy.s3.eu-west-2.amazonaws.com/biorxiv/unpacked/Current_Content/September_2025/0476d80f-70aa-1014-8dc0-c8fa90e3fbf3/content/675744.pdf?X-Amz-Algorithm=AWS4-HMAC-SHA256&X-Amz-Credential=AKIASDVMRCD4TLKVRSCH%2F20250920%2Feu-west-2%2Fs3%2Faws4_request&X-Amz-Date=20250920T173829Z&X-Amz-Expires=360000&X-Amz-SignedHeaders=host&X-Amz-Signature=d49dd58104579637fbc733e4239bdcbad2bc0a7ac501fa04fbd79651001e7134
-e Current_Content/September_2025/0479d802-7002-1014-9607-d336aa712d79.meca	biorxiv/unpacked/Current_Content/September_2025/0479d802-7002-1014-9607-d336aa712d79/content/675441.pdf	https://biorxiv-copy.s3.eu-west-2.amazonaws.com/biorxiv/unpacked/Current_Content/September_2025/0479d802-7002-1014-9607-d336aa712d79/content/675441.pdf?X-Amz-Algorithm=AWS4-HMAC-SHA256&X-Amz-Credential=AKIASDVMRCD4TLKVRSCH%2F20250920%2Feu-west-2%2Fs3%2Faws4_request&X-Amz-Date=20250920T173830Z&X-Amz-Expires=360000&X-Amz-SignedHeaders=host&X-Amz-Signature=e2eb6e86d46b102b29c6cd7e3ec5919fdbfa40b32ab3334f20e7179302060beb
-e Current_Content/September_2025/04861df3-6caa-1014-ae57-d7891f72ab50.meca	biorxiv/unpacked/Current_Content/September_2025/04861df3-6caa-1014-ae57-d7891f72ab50/content/673010.pdf	https://biorxiv-copy.s3.eu-west-2.amazonaws.com/biorxiv/unpacked/Current_Content/September_2025/04861df3-6caa-1014-ae57-d7891f72ab50/content/673010.pdf?X-Amz-Algorithm=AWS4-HMAC-SHA256&X-Amz-Credential=AKIASDVMRCD4TLKVRSCH%2F20250920%2Feu-west-2%2Fs3%2Faws4_request&X-Amz-Date=20250920T173831Z&X-Amz-Expires=360000&X-Amz-SignedHeaders=host&X-Amz-Signature=8aaa52ced4c9b944a09b9fe268590c9b7f9f02f724d230bfe007a5a128bb6d4a
-e Current_Content/September_2025/0492b601-6df1-1014-a363-fa607b9746d7.meca	biorxiv/unpacked/Current_Content/September_2025/0492b601-6df1-1014-a363-fa607b9746d7/content/675704.pdf	https://biorxiv-copy.s3.eu-west-2.amazonaws.com/biorxiv/unpacked/Current_Content/September_2025/0492b601-6df1-1014-a363-fa607b9746d7/content/675704.pdf?X-Amz-Algorithm=AWS4-HMAC-SHA256&X-Amz-Credential=AKIASDVMRCD4TLKVRSCH%2F20250920%2Feu-west-2%2Fs3%2Faws4_request&X-Amz-Date=20250920T173831Z&X-Amz-Expires=360000&X-Amz-SignedHeaders=host&X-Amz-Signature=e8a22642fc44f8e14ef8483fd98aeb3e4f7e1a660d4c9834336b02eae8547b9c
-e Current_Content/September_2025/04bbffb3-7aab-1014-9ff6-afa33c1d5505.meca	biorxiv/unpacked/Current_Content/September_2025/04bbffb3-7aab-1014-9ff6-afa33c1d5505/content/666099.pdf	https://biorxiv-copy.s3.eu-west-2.amazonaws.com/biorxiv/unpacked/Current_Content/September_2025/04bbffb3-7aab-1014-9ff6-afa33c1d5505/content/666099.pdf?X-Amz-Algorithm=AWS4-HMAC-SHA256&X-Amz-Credential=AKIASDVMRCD4TLKVRSCH%2F20250920%2Feu-west-2%2Fs3%2Faws4_request&X-Amz-Date=20250920T173832Z&X-Amz-Expires=360000&X-Amz-SignedHeaders=host&X-Amz-Signature=ad650284c128d8d484fa68d270324c1203dc8542aa7b4c80fe50847f1800c717
-e Current_Content/September_2025/04ce8046-7dd2-1014-b999-d8a485b271c7.meca	biorxiv/unpacked/Current_Content/September_2025/04ce8046-7dd2-1014-b999-d8a485b271c7/content/674848.pdf	https://biorxiv-copy.s3.eu-west-2.amazonaws.com/biorxiv/unpacked/Current_Content/September_2025/04ce8046-7dd2-1014-b999-d8a485b271c7/content/674848.pdf?X-Amz-Algorithm=AWS4-HMAC-SHA256&X-Amz-Credential=AKIASDVMRCD4TLKVRSCH%2F20250920%2Feu-west-2%2Fs3%2Faws4_request&X-Amz-Date=20250920T173833Z&X-Amz-Expires=360000&X-Amz-SignedHeaders=host&X-Amz-Signature=ec477a4e98dd38f9c75b93b227cd41b472321dffb83b59af9770dd689eeb8ae7
-e Current_Content/September_2025/04d742ec-6e83-1014-8b8b-f91e70c3aa28.meca	biorxiv/unpacked/Current_Content/September_2025/04d742ec-6e83-1014-8b8b-f91e70c3aa28/content/675730.pdf	https://biorxiv-copy.s3.eu-west-2.amazonaws.com/biorxiv/unpacked/Current_Content/September_2025/04d742ec-6e83-1014-8b8b-f91e70c3aa28/content/675730.pdf?X-Amz-Algorithm=AWS4-HMAC-SHA256&X-Amz-Credential=AKIASDVMRCD4TLKVRSCH%2F20250920%2Feu-west-2%2Fs3%2Faws4_request&X-Amz-Date=20250920T173834Z&X-Amz-Expires=360000&X-Amz-SignedHeaders=host&X-Amz-Signature=33b5eff28bb448a8272ab2535f0981770a96f5019aaba556e2a79842ec1ab6fe
-e Current_Content/September_2025/04e47739-6d71-1014-8a07-92a1d27fbfb6.meca	biorxiv/unpacked/Current_Content/September_2025/04e47739-6d71-1014-8a07-92a1d27fbfb6/content/674454.pdf	https://biorxiv-copy.s3.eu-west-2.amazonaws.com/biorxiv/unpacked/Current_Content/September_2025/04e47739-6d71-1014-8a07-92a1d27fbfb6/content/674454.pdf?X-Amz-Algorithm=AWS4-HMAC-SHA256&X-Amz-Credential=AKIASDVMRCD4TLKVRSCH%2F20250920%2Feu-west-2%2Fs3%2Faws4_request&X-Amz-Date=20250920T173835Z&X-Amz-Expires=360000&X-Amz-SignedHeaders=host&X-Amz-Signature=624c0d2b2fed2f63ae2ad2f74279531f9ebff039fbfa25f8b7700dc39757c78e
-e Current_Content/September_2025/04fd0506-7734-1014-8024-edf87f93d93a.meca	biorxiv/unpacked/Current_Content/September_2025/04fd0506-7734-1014-8024-edf87f93d93a/content/672514.pdf	https://biorxiv-copy.s3.eu-west-2.amazonaws.com/biorxiv/unpacked/Current_Content/September_2025/04fd0506-7734-1014-8024-edf87f93d93a/content/672514.pdf?X-Amz-Algorithm=AWS4-HMAC-SHA256&X-Amz-Credential=AKIASDVMRCD4TLKVRSCH%2F20250920%2Feu-west-2%2Fs3%2Faws4_request&X-Amz-Date=20250920T173836Z&X-Amz-Expires=360000&X-Amz-SignedHeaders=host&X-Amz-Signature=31c064d2713a3e00b27ebd3c44f7ac942e1d4e4b67aae9ceaf157b7c71394f3d
-e Current_Content/September_2025/05061568-78f7-1014-aaec-c43a4d6cac0e.meca	biorxiv/unpacked/Current_Content/September_2025/05061568-78f7-1014-aaec-c43a4d6cac0e/content/673561.pdf	https://biorxiv-copy.s3.eu-west-2.amazonaws.com/biorxiv/unpacked/Current_Content/September_2025/05061568-78f7-1014-aaec-c43a4d6cac0e/content/673561.pdf?X-Amz-Algorithm=AWS4-HMAC-SHA256&X-Amz-Credential=AKIASDVMRCD4TLKVRSCH%2F20250920%2Feu-west-2%2Fs3%2Faws4_request&X-Amz-Date=20250920T173837Z&X-Amz-Expires=360000&X-Amz-SignedHeaders=host&X-Amz-Signature=bf3c0ca094508f30bb2cde43389d257b0f9cc1cd67343a50f0c7c3e813292f6d
-e Current_Content/September_2025/05284596-6c78-1014-863f-f8e35e28ad96.meca	biorxiv/unpacked/Current_Content/September_2025/05284596-6c78-1014-863f-f8e35e28ad96/content/672639.pdf	https://biorxiv-copy.s3.eu-west-2.amazonaws.com/biorxiv/unpacked/Current_Content/September_2025/05284596-6c78-1014-863f-f8e35e28ad96/content/672639.pdf?X-Amz-Algorithm=AWS4-HMAC-SHA256&X-Amz-Credential=AKIASDVMRCD4TLKVRSCH%2F20250920%2Feu-west-2%2Fs3%2Faws4_request&X-Amz-Date=20250920T173838Z&X-Amz-Expires=360000&X-Amz-SignedHeaders=host&X-Amz-Signature=e161e0beaadc37f444ee68f962b5b1ab98f9f77feb99116e29fbd4242f4f0fff
-e Current_Content/September_2025/053a72fc-7b77-1014-b540-cd4e4ace8ea4.meca	biorxiv/unpacked/Current_Content/September_2025/053a72fc-7b77-1014-b540-cd4e4ace8ea4/content/673821.pdf	https://biorxiv-copy.s3.eu-west-2.amazonaws.com/biorxiv/unpacked/Current_Content/September_2025/053a72fc-7b77-1014-b540-cd4e4ace8ea4/content/673821.pdf?X-Amz-Algorithm=AWS4-HMAC-SHA256&X-Amz-Credential=AKIASDVMRCD4TLKVRSCH%2F20250920%2Feu-west-2%2Fs3%2Faws4_request&X-Amz-Date=20250920T173839Z&X-Amz-Expires=360000&X-Amz-SignedHeaders=host&X-Amz-Signature=2dabca2efd010777851fe6601eb726559544477148a12fa55b7d53311173a25a
-e Current_Content/September_2025/0553c771-778c-1014-aa8f-c683c58808d8.meca	biorxiv/unpacked/Current_Content/September_2025/0553c771-778c-1014-aa8f-c683c58808d8/content/672609.pdf	https://biorxiv-copy.s3.eu-west-2.amazonaws.com/biorxiv/unpacked/Current_Content/September_2025/0553c771-778c-1014-aa8f-c683c58808d8/content/672609.pdf?X-Amz-Algorithm=AWS4-HMAC-SHA256&X-Amz-Credential=AKIASDVMRCD4TLKVRSCH%2F20250920%2Feu-west-2%2Fs3%2Faws4_request&X-Amz-Date=20250920T173840Z&X-Amz-Expires=360000&X-Amz-SignedHeaders=host&X-Amz-Signature=5a73522d4cd897b34ae2fc81ed8c48947958ee57db612ea79ac4264407640706
-e Current_Content/September_2025/0565f01c-6f49-1014-a054-cda8dd880208.meca	biorxiv/unpacked/Current_Content/September_2025/0565f01c-6f49-1014-a054-cda8dd880208/content/675872.pdf	https://biorxiv-copy.s3.eu-west-2.amazonaws.com/biorxiv/unpacked/Current_Content/September_2025/0565f01c-6f49-1014-a054-cda8dd880208/content/675872.pdf?X-Amz-Algorithm=AWS4-HMAC-SHA256&X-Amz-Credential=AKIASDVMRCD4TLKVRSCH%2F20250920%2Feu-west-2%2Fs3%2Faws4_request&X-Amz-Date=20250920T173841Z&X-Amz-Expires=360000&X-Amz-SignedHeaders=host&X-Amz-Signature=8f434f35c5517dd90845c9d8d6f16fa16bb85c345401b761281466fd8289a8a3
-e Current_Content/September_2025/0575c49a-7964-1014-8df7-a409daff1ed5.meca	biorxiv/unpacked/Current_Content/September_2025/0575c49a-7964-1014-8df7-a409daff1ed5/content/616356.pdf	https://biorxiv-copy.s3.eu-west-2.amazonaws.com/biorxiv/unpacked/Current_Content/September_2025/0575c49a-7964-1014-8df7-a409daff1ed5/content/616356.pdf?X-Amz-Algorithm=AWS4-HMAC-SHA256&X-Amz-Credential=AKIASDVMRCD4TLKVRSCH%2F20250920%2Feu-west-2%2Fs3%2Faws4_request&X-Amz-Date=20250920T173842Z&X-Amz-Expires=360000&X-Amz-SignedHeaders=host&X-Amz-Signature=8f5dea56182315bd9ba731fa88efc61f8572ea4790b390b27b717d6ca70d7f4f
-e Current_Content/September_2025/05771827-6eff-1014-907c-ed5c4754457b.meca	biorxiv/unpacked/Current_Content/September_2025/05771827-6eff-1014-907c-ed5c4754457b/content/673457.pdf	https://biorxiv-copy.s3.eu-west-2.amazonaws.com/biorxiv/unpacked/Current_Content/September_2025/05771827-6eff-1014-907c-ed5c4754457b/content/673457.pdf?X-Amz-Algorithm=AWS4-HMAC-SHA256&X-Amz-Credential=AKIASDVMRCD4TLKVRSCH%2F20250920%2Feu-west-2%2Fs3%2Faws4_request&X-Amz-Date=20250920T173843Z&X-Amz-Expires=360000&X-Amz-SignedHeaders=host&X-Amz-Signature=47632b545490789a26dc5a23f0a2d77f7aa60fdcd666c4c40df0fb2704bd010a
-e Current_Content/September_2025/057e38dd-70ca-1014-a8f8-d1edb2e34ff6.meca	biorxiv/unpacked/Current_Content/September_2025/057e38dd-70ca-1014-a8f8-d1edb2e34ff6/content/674820.pdf	https://biorxiv-copy.s3.eu-west-2.amazonaws.com/biorxiv/unpacked/Current_Content/September_2025/057e38dd-70ca-1014-a8f8-d1edb2e34ff6/content/674820.pdf?X-Amz-Algorithm=AWS4-HMAC-SHA256&X-Amz-Credential=AKIASDVMRCD4TLKVRSCH%2F20250920%2Feu-west-2%2Fs3%2Faws4_request&X-Amz-Date=20250920T173844Z&X-Amz-Expires=360000&X-Amz-SignedHeaders=host&X-Amz-Signature=6e01bd9763978aedf9c7265ac2f98e22640a9c8be56fbf625d95dfe6e7b28d01
-e Current_Content/September_2025/05b9c426-6df0-1014-b78f-a7ebf9e9f17a.meca	biorxiv/unpacked/Current_Content/September_2025/05b9c426-6df0-1014-b78f-a7ebf9e9f17a/content/supplements/673794_file02.pdf	https://biorxiv-copy.s3.eu-west-2.amazonaws.com/biorxiv/unpacked/Current_Content/September_2025/05b9c426-6df0-1014-b78f-a7ebf9e9f17a/content/supplements/673794_file02.pdf?X-Amz-Algorithm=AWS4-HMAC-SHA256&X-Amz-Credential=AKIASDVMRCD4TLKVRSCH%2F20250920%2Feu-west-2%2Fs3%2Faws4_request&X-Amz-Date=20250920T173845Z&X-Amz-Expires=360000&X-Amz-SignedHeaders=host&X-Amz-Signature=23d7c1515e278cb66b1117da6063ad9c1ae517f8dba3d1268cbd6d1f6d5fbc21
-e Current_Content/September_2025/05eb224a-6d61-1014-8084-95144302abe2.meca	biorxiv/unpacked/Current_Content/September_2025/05eb224a-6d61-1014-8084-95144302abe2/content/674546.pdf	https://biorxiv-copy.s3.eu-west-2.amazonaws.com/biorxiv/unpacked/Current_Content/September_2025/05eb224a-6d61-1014-8084-95144302abe2/content/674546.pdf?X-Amz-Algorithm=AWS4-HMAC-SHA256&X-Amz-Credential=AKIASDVMRCD4TLKVRSCH%2F20250920%2Feu-west-2%2Fs3%2Faws4_request&X-Amz-Date=20250920T173846Z&X-Amz-Expires=360000&X-Amz-SignedHeaders=host&X-Amz-Signature=0b7d1701807df3d1e4f595fce30b1eeab8c63dced7c696a558f2f61ffe52d764
-e Current_Content/September_2025/060b135a-7e99-1014-8063-8dc0b032d4b4.meca	biorxiv/unpacked/Current_Content/September_2025/060b135a-7e99-1014-8063-8dc0b032d4b4/content/649386.pdf	https://biorxiv-copy.s3.eu-west-2.amazonaws.com/biorxiv/unpacked/Current_Content/September_2025/060b135a-7e99-1014-8063-8dc0b032d4b4/content/649386.pdf?X-Amz-Algorithm=AWS4-HMAC-SHA256&X-Amz-Credential=AKIASDVMRCD4TLKVRSCH%2F20250920%2Feu-west-2%2Fs3%2Faws4_request&X-Amz-Date=20250920T173847Z&X-Amz-Expires=360000&X-Amz-SignedHeaders=host&X-Amz-Signature=2ae58182b1b22dc06c22497f392b2a50cda794a99626a7df85069f28476d82b3
-e Current_Content/September_2025/060f0d3f-7048-1014-9102-895a4ecbcee3.meca	biorxiv/unpacked/Current_Content/September_2025/060f0d3f-7048-1014-9102-895a4ecbcee3/content/676423.pdf	https://biorxiv-copy.s3.eu-west-2.amazonaws.com/biorxiv/unpacked/Current_Content/September_2025/060f0d3f-7048-1014-9102-895a4ecbcee3/content/676423.pdf?X-Amz-Algorithm=AWS4-HMAC-SHA256&X-Amz-Credential=AKIASDVMRCD4TLKVRSCH%2F20250920%2Feu-west-2%2Fs3%2Faws4_request&X-Amz-Date=20250920T173848Z&X-Amz-Expires=360000&X-Amz-SignedHeaders=host&X-Amz-Signature=7244591fd4f38805771312215e8d66f3c8aae9c7d73a817980cb6613d74acbc0
-e Current_Content/September_2025/062d341f-6d61-1014-8c32-aa54cb7b6730.meca	biorxiv/unpacked/Current_Content/September_2025/062d341f-6d61-1014-8c32-aa54cb7b6730/content/551487.pdf	https://biorxiv-copy.s3.eu-west-2.amazonaws.com/biorxiv/unpacked/Current_Content/September_2025/062d341f-6d61-1014-8c32-aa54cb7b6730/content/551487.pdf?X-Amz-Algorithm=AWS4-HMAC-SHA256&X-Amz-Credential=AKIASDVMRCD4TLKVRSCH%2F20250920%2Feu-west-2%2Fs3%2Faws4_request&X-Amz-Date=20250920T173849Z&X-Amz-Expires=360000&X-Amz-SignedHeaders=host&X-Amz-Signature=e8285746c3a68c1f5763b93dd21adb36b42bfec479ad47379b2ac15074006a63
-e Current_Content/September_2025/0636c43e-7b10-1014-a049-c6315c4d134a.meca	biorxiv/unpacked/Current_Content/September_2025/0636c43e-7b10-1014-a049-c6315c4d134a/content/673487.pdf	https://biorxiv-copy.s3.eu-west-2.amazonaws.com/biorxiv/unpacked/Current_Content/September_2025/0636c43e-7b10-1014-a049-c6315c4d134a/content/673487.pdf?X-Amz-Algorithm=AWS4-HMAC-SHA256&X-Amz-Credential=AKIASDVMRCD4TLKVRSCH%2F20250920%2Feu-west-2%2Fs3%2Faws4_request&X-Amz-Date=20250920T173851Z&X-Amz-Expires=360000&X-Amz-SignedHeaders=host&X-Amz-Signature=d17af91cd95410edb0761b148b714c5c7eb8c82b101ae4d8422b53714914a956
-e Current_Content/September_2025/0637dfe2-7856-1014-864f-d0d235e6363f.meca	biorxiv/unpacked/Current_Content/September_2025/0637dfe2-7856-1014-864f-d0d235e6363f/content/673589.pdf	https://biorxiv-copy.s3.eu-west-2.amazonaws.com/biorxiv/unpacked/Current_Content/September_2025/0637dfe2-7856-1014-864f-d0d235e6363f/content/673589.pdf?X-Amz-Algorithm=AWS4-HMAC-SHA256&X-Amz-Credential=AKIASDVMRCD4TLKVRSCH%2F20250920%2Feu-west-2%2Fs3%2Faws4_request&X-Amz-Date=20250920T173852Z&X-Amz-Expires=360000&X-Amz-SignedHeaders=host&X-Amz-Signature=83b79ced4baeb5d3f50f74668c6c09aa3dd1426701abdb12538bfc826dd245e1
-e Current_Content/September_2025/0639b585-7d22-1014-bc0b-c2aaf74a4eaa.meca	biorxiv/unpacked/Current_Content/September_2025/0639b585-7d22-1014-bc0b-c2aaf74a4eaa/content/673352.pdf	https://biorxiv-copy.s3.eu-west-2.amazonaws.com/biorxiv/unpacked/Current_Content/September_2025/0639b585-7d22-1014-bc0b-c2aaf74a4eaa/content/673352.pdf?X-Amz-Algorithm=AWS4-HMAC-SHA256&X-Amz-Credential=AKIASDVMRCD4TLKVRSCH%2F20250920%2Feu-west-2%2Fs3%2Faws4_request&X-Amz-Date=20250920T173853Z&X-Amz-Expires=360000&X-Amz-SignedHeaders=host&X-Amz-Signature=7c6969d952498181ad4434056fa76629ca9eee363dbf1d9e3ee5239e2754f91a
-e Current_Content/September_2025/06546cf7-7aab-1014-b597-c302eb0defc5.meca	biorxiv/unpacked/Current_Content/September_2025/06546cf7-7aab-1014-b597-c302eb0defc5/content/673029.pdf	https://biorxiv-copy.s3.eu-west-2.amazonaws.com/biorxiv/unpacked/Current_Content/September_2025/06546cf7-7aab-1014-b597-c302eb0defc5/content/673029.pdf?X-Amz-Algorithm=AWS4-HMAC-SHA256&X-Amz-Credential=AKIASDVMRCD4TLKVRSCH%2F20250920%2Feu-west-2%2Fs3%2Faws4_request&X-Amz-Date=20250920T173853Z&X-Amz-Expires=360000&X-Amz-SignedHeaders=host&X-Amz-Signature=22d86983425726ebf3ba56827a6d689ff960adb27657616b08ca45b83e0663da
-e Current_Content/September_2025/0676166a-6c84-1014-a194-c25a5bd32b25.meca	biorxiv/unpacked/Current_Content/September_2025/0676166a-6c84-1014-a194-c25a5bd32b25/content/672173.pdf	https://biorxiv-copy.s3.eu-west-2.amazonaws.com/biorxiv/unpacked/Current_Content/September_2025/0676166a-6c84-1014-a194-c25a5bd32b25/content/672173.pdf?X-Amz-Algorithm=AWS4-HMAC-SHA256&X-Amz-Credential=AKIASDVMRCD4TLKVRSCH%2F20250920%2Feu-west-2%2Fs3%2Faws4_request&X-Amz-Date=20250920T173854Z&X-Amz-Expires=360000&X-Amz-SignedHeaders=host&X-Amz-Signature=0735141c26526683e853364f674cf25fd6f2aec55eab931d81650d638a7d80dc
-e Current_Content/September_2025/067b260e-6ca6-1014-b01c-e67422242e2c.meca	biorxiv/unpacked/Current_Content/September_2025/067b260e-6ca6-1014-b01c-e67422242e2c/content/672600.pdf	https://biorxiv-copy.s3.eu-west-2.amazonaws.com/biorxiv/unpacked/Current_Content/September_2025/067b260e-6ca6-1014-b01c-e67422242e2c/content/672600.pdf?X-Amz-Algorithm=AWS4-HMAC-SHA256&X-Amz-Credential=AKIASDVMRCD4TLKVRSCH%2F20250920%2Feu-west-2%2Fs3%2Faws4_request&X-Amz-Date=20250920T173855Z&X-Amz-Expires=360000&X-Amz-SignedHeaders=host&X-Amz-Signature=e3cf19b24095dcb42fd5827aaf003416d8dc31dd0a3c48f16ef1fb6d42d32385
-e Current_Content/September_2025/06854693-715d-1014-a903-886288fea61d.meca	biorxiv/unpacked/Current_Content/September_2025/06854693-715d-1014-a903-886288fea61d/content/675662.pdf	https://biorxiv-copy.s3.eu-west-2.amazonaws.com/biorxiv/unpacked/Current_Content/September_2025/06854693-715d-1014-a903-886288fea61d/content/675662.pdf?X-Amz-Algorithm=AWS4-HMAC-SHA256&X-Amz-Credential=AKIASDVMRCD4TLKVRSCH%2F20250920%2Feu-west-2%2Fs3%2Faws4_request&X-Amz-Date=20250920T173856Z&X-Amz-Expires=360000&X-Amz-SignedHeaders=host&X-Amz-Signature=136fc51faa129938f6f6041bd7571e77cc887b9f034841cc1682e661762f3fed
-e Current_Content/September_2025/06a686ec-6cf9-1014-9f4d-91ad9c31dcdd.meca	biorxiv/unpacked/Current_Content/September_2025/06a686ec-6cf9-1014-9f4d-91ad9c31dcdd/content/672894.pdf	https://biorxiv-copy.s3.eu-west-2.amazonaws.com/biorxiv/unpacked/Current_Content/September_2025/06a686ec-6cf9-1014-9f4d-91ad9c31dcdd/content/672894.pdf?X-Amz-Algorithm=AWS4-HMAC-SHA256&X-Amz-Credential=AKIASDVMRCD4TLKVRSCH%2F20250920%2Feu-west-2%2Fs3%2Faws4_request&X-Amz-Date=20250920T173857Z&X-Amz-Expires=360000&X-Amz-SignedHeaders=host&X-Amz-Signature=73de3895b9570093851b6eea5daaec12ee658c5290dc35dca082b369b3dc81e8
-e Current_Content/September_2025/06ca3eab-778a-1014-b41a-807cfb990798.meca	biorxiv/unpacked/Current_Content/September_2025/06ca3eab-778a-1014-b41a-807cfb990798/content/587017.pdf	https://biorxiv-copy.s3.eu-west-2.amazonaws.com/biorxiv/unpacked/Current_Content/September_2025/06ca3eab-778a-1014-b41a-807cfb990798/content/587017.pdf?X-Amz-Algorithm=AWS4-HMAC-SHA256&X-Amz-Credential=AKIASDVMRCD4TLKVRSCH%2F20250920%2Feu-west-2%2Fs3%2Faws4_request&X-Amz-Date=20250920T173858Z&X-Amz-Expires=360000&X-Amz-SignedHeaders=host&X-Amz-Signature=f3a0fc88a05589247ba504d2b7276af00b6cb3cda3129e419bbbbcea2715a2cb
-e Current_Content/September_2025/06ce99ca-6f35-1014-9315-bba2b6b30669.meca	biorxiv/unpacked/Current_Content/September_2025/06ce99ca-6f35-1014-9315-bba2b6b30669/content/674939.pdf	https://biorxiv-copy.s3.eu-west-2.amazonaws.com/biorxiv/unpacked/Current_Content/September_2025/06ce99ca-6f35-1014-9315-bba2b6b30669/content/674939.pdf?X-Amz-Algorithm=AWS4-HMAC-SHA256&X-Amz-Credential=AKIASDVMRCD4TLKVRSCH%2F20250920%2Feu-west-2%2Fs3%2Faws4_request&X-Amz-Date=20250920T173859Z&X-Amz-Expires=360000&X-Amz-SignedHeaders=host&X-Amz-Signature=5f2287ba447e5dbd13cfd972a6a2cd21171b13e2712f4ec6cb52efeba0bc53d1
-e Current_Content/September_2025/06d3ccc7-70ce-1014-a8f6-cd8a5428ecab.meca	biorxiv/unpacked/Current_Content/September_2025/06d3ccc7-70ce-1014-a8f6-cd8a5428ecab/content/supplements/675628_file04.pdf	https://biorxiv-copy.s3.eu-west-2.amazonaws.com/biorxiv/unpacked/Current_Content/September_2025/06d3ccc7-70ce-1014-a8f6-cd8a5428ecab/content/supplements/675628_file04.pdf?X-Amz-Algorithm=AWS4-HMAC-SHA256&X-Amz-Credential=AKIASDVMRCD4TLKVRSCH%2F20250920%2Feu-west-2%2Fs3%2Faws4_request&X-Amz-Date=20250920T173900Z&X-Amz-Expires=360000&X-Amz-SignedHeaders=host&X-Amz-Signature=a12b85bbcd586b8695d3a711eb23f2c9a08d7b08c26de2a3485282feb8bbc4fe
-e Current_Content/September_2025/06e6274a-7e98-1014-83ac-ad29d35b24ed.meca	biorxiv/unpacked/Current_Content/September_2025/06e6274a-7e98-1014-83ac-ad29d35b24ed/content/674741.pdf	https://biorxiv-copy.s3.eu-west-2.amazonaws.com/biorxiv/unpacked/Current_Content/September_2025/06e6274a-7e98-1014-83ac-ad29d35b24ed/content/674741.pdf?X-Amz-Algorithm=AWS4-HMAC-SHA256&X-Amz-Credential=AKIASDVMRCD4TLKVRSCH%2F20250920%2Feu-west-2%2Fs3%2Faws4_request&X-Amz-Date=20250920T173901Z&X-Amz-Expires=360000&X-Amz-SignedHeaders=host&X-Amz-Signature=34970bc1e7762fd608056802b56cadd0199b26e1c349732d4fdd0e21a4fea5f7
-e Current_Content/September_2025/06f525f9-77f3-1014-b473-f9504060eb4b.meca	biorxiv/unpacked/Current_Content/September_2025/06f525f9-77f3-1014-b473-f9504060eb4b/content/supplements/672288_file03.pdf	https://biorxiv-copy.s3.eu-west-2.amazonaws.com/biorxiv/unpacked/Current_Content/September_2025/06f525f9-77f3-1014-b473-f9504060eb4b/content/supplements/672288_file03.pdf?X-Amz-Algorithm=AWS4-HMAC-SHA256&X-Amz-Credential=AKIASDVMRCD4TLKVRSCH%2F20250920%2Feu-west-2%2Fs3%2Faws4_request&X-Amz-Date=20250920T173902Z&X-Amz-Expires=360000&X-Amz-SignedHeaders=host&X-Amz-Signature=85ad9bf6346c068db0775758f149273a267a60ec02356812eb81edea4463df4f
-e Current_Content/September_2025/06fcde7c-70f1-1014-b04a-920f4b1dc1d0.meca	biorxiv/unpacked/Current_Content/September_2025/06fcde7c-70f1-1014-b04a-920f4b1dc1d0/content/675829.pdf	https://biorxiv-copy.s3.eu-west-2.amazonaws.com/biorxiv/unpacked/Current_Content/September_2025/06fcde7c-70f1-1014-b04a-920f4b1dc1d0/content/675829.pdf?X-Amz-Algorithm=AWS4-HMAC-SHA256&X-Amz-Credential=AKIASDVMRCD4TLKVRSCH%2F20250920%2Feu-west-2%2Fs3%2Faws4_request&X-Amz-Date=20250920T173904Z&X-Amz-Expires=360000&X-Amz-SignedHeaders=host&X-Amz-Signature=ae13b4750fde2e06a53561df13fc91706c0de76ce04cc213f933f3665de314a2
-e Current_Content/September_2025/06fff290-7e0f-1014-89a0-907aa4a94455.meca	biorxiv/unpacked/Current_Content/September_2025/06fff290-7e0f-1014-89a0-907aa4a94455/content/673916.pdf	https://biorxiv-copy.s3.eu-west-2.amazonaws.com/biorxiv/unpacked/Current_Content/September_2025/06fff290-7e0f-1014-89a0-907aa4a94455/content/673916.pdf?X-Amz-Algorithm=AWS4-HMAC-SHA256&X-Amz-Credential=AKIASDVMRCD4TLKVRSCH%2F20250920%2Feu-west-2%2Fs3%2Faws4_request&X-Amz-Date=20250920T173905Z&X-Amz-Expires=360000&X-Amz-SignedHeaders=host&X-Amz-Signature=68dc08b8693ed4d9e6da43873c8a84d1d4703f3a71460248b56a4ad33c7f2d96
-e Current_Content/September_2025/070057c4-7c89-1014-9308-dfd10e8ca596.meca	biorxiv/unpacked/Current_Content/September_2025/070057c4-7c89-1014-9308-dfd10e8ca596/content/supplements/674176_file02.pdf	https://biorxiv-copy.s3.eu-west-2.amazonaws.com/biorxiv/unpacked/Current_Content/September_2025/070057c4-7c89-1014-9308-dfd10e8ca596/content/supplements/674176_file02.pdf?X-Amz-Algorithm=AWS4-HMAC-SHA256&X-Amz-Credential=AKIASDVMRCD4TLKVRSCH%2F20250920%2Feu-west-2%2Fs3%2Faws4_request&X-Amz-Date=20250920T173906Z&X-Amz-Expires=360000&X-Amz-SignedHeaders=host&X-Amz-Signature=dabae71d848812ba1041eee74ee30f70f89fb7f5dccf8ec1ae53094d25d1e036
-e Current_Content/September_2025/07074fe9-709c-1014-8d2e-d8db8edc9a62.meca	biorxiv/unpacked/Current_Content/September_2025/07074fe9-709c-1014-8d2e-d8db8edc9a62/content/675717.pdf	https://biorxiv-copy.s3.eu-west-2.amazonaws.com/biorxiv/unpacked/Current_Content/September_2025/07074fe9-709c-1014-8d2e-d8db8edc9a62/content/675717.pdf?X-Amz-Algorithm=AWS4-HMAC-SHA256&X-Amz-Credential=AKIASDVMRCD4TLKVRSCH%2F20250920%2Feu-west-2%2Fs3%2Faws4_request&X-Amz-Date=20250920T173907Z&X-Amz-Expires=360000&X-Amz-SignedHeaders=host&X-Amz-Signature=b648088d3665ee15d0717a8efe80c033b5f29d111ad23ef4a90e3dc5e5ffdaf6
-e Current_Content/September_2025/072dd2dd-70f0-1014-828a-a930fb886f8b.meca	biorxiv/unpacked/Current_Content/September_2025/072dd2dd-70f0-1014-828a-a930fb886f8b/content/653476.pdf	https://biorxiv-copy.s3.eu-west-2.amazonaws.com/biorxiv/unpacked/Current_Content/September_2025/072dd2dd-70f0-1014-828a-a930fb886f8b/content/653476.pdf?X-Amz-Algorithm=AWS4-HMAC-SHA256&X-Amz-Credential=AKIASDVMRCD4TLKVRSCH%2F20250920%2Feu-west-2%2Fs3%2Faws4_request&X-Amz-Date=20250920T173908Z&X-Amz-Expires=360000&X-Amz-SignedHeaders=host&X-Amz-Signature=511562726e90c4d868059ac5c3d6a07c090dce6e7ec041d5fe3800643efe7aec
-e Current_Content/September_2025/073bc26a-7bed-1014-8744-f6e78d8098f3.meca	biorxiv/unpacked/Current_Content/September_2025/073bc26a-7bed-1014-8744-f6e78d8098f3/content/671680.pdf	https://biorxiv-copy.s3.eu-west-2.amazonaws.com/biorxiv/unpacked/Current_Content/September_2025/073bc26a-7bed-1014-8744-f6e78d8098f3/content/671680.pdf?X-Amz-Algorithm=AWS4-HMAC-SHA256&X-Amz-Credential=AKIASDVMRCD4TLKVRSCH%2F20250920%2Feu-west-2%2Fs3%2Faws4_request&X-Amz-Date=20250920T173909Z&X-Amz-Expires=360000&X-Amz-SignedHeaders=host&X-Amz-Signature=b45eb8190a694c82cb58f76ac550e127cf88477e52613d0c4ab1bb608ea3eceb
-e Current_Content/September_2025/07479437-7c3e-1014-a2cf-b92eb05e4d1e.meca	biorxiv/unpacked/Current_Content/September_2025/07479437-7c3e-1014-a2cf-b92eb05e4d1e/content/674127.pdf	https://biorxiv-copy.s3.eu-west-2.amazonaws.com/biorxiv/unpacked/Current_Content/September_2025/07479437-7c3e-1014-a2cf-b92eb05e4d1e/content/674127.pdf?X-Amz-Algorithm=AWS4-HMAC-SHA256&X-Amz-Credential=AKIASDVMRCD4TLKVRSCH%2F20250920%2Feu-west-2%2Fs3%2Faws4_request&X-Amz-Date=20250920T173910Z&X-Amz-Expires=360000&X-Amz-SignedHeaders=host&X-Amz-Signature=b18220b21c711145b833dbd05a74bc713759dea0071b2263e1471669fd9415dc
-e Current_Content/September_2025/07686e71-6f02-1014-b1bc-ea0b8ea34b1c.meca	biorxiv/unpacked/Current_Content/September_2025/07686e71-6f02-1014-b1bc-ea0b8ea34b1c/content/supplements/675445_file03.pdf	https://biorxiv-copy.s3.eu-west-2.amazonaws.com/biorxiv/unpacked/Current_Content/September_2025/07686e71-6f02-1014-b1bc-ea0b8ea34b1c/content/supplements/675445_file03.pdf?X-Amz-Algorithm=AWS4-HMAC-SHA256&X-Amz-Credential=AKIASDVMRCD4TLKVRSCH%2F20250920%2Feu-west-2%2Fs3%2Faws4_request&X-Amz-Date=20250920T173911Z&X-Amz-Expires=360000&X-Amz-SignedHeaders=host&X-Amz-Signature=9234ea240d1972804b31c9b2312cb14816d441235bf2cf4f66cf4852c79281f2
-e Current_Content/September_2025/076d0449-7bc5-1014-90bf-a6add0add80c.meca	biorxiv/unpacked/Current_Content/September_2025/076d0449-7bc5-1014-90bf-a6add0add80c/content/674087.pdf	https://biorxiv-copy.s3.eu-west-2.amazonaws.com/biorxiv/unpacked/Current_Content/September_2025/076d0449-7bc5-1014-90bf-a6add0add80c/content/674087.pdf?X-Amz-Algorithm=AWS4-HMAC-SHA256&X-Amz-Credential=AKIASDVMRCD4TLKVRSCH%2F20250920%2Feu-west-2%2Fs3%2Faws4_request&X-Amz-Date=20250920T173912Z&X-Amz-Expires=360000&X-Amz-SignedHeaders=host&X-Amz-Signature=bc497ffe1efdc69e6bce2ae475c3555219018aa0b3666e9b45ee148f3ce1ebe9
-e Current_Content/September_2025/0777ecee-6e49-1014-a63a-ae1d4421c798.meca	biorxiv/unpacked/Current_Content/September_2025/0777ecee-6e49-1014-a63a-ae1d4421c798/content/675295.pdf	https://biorxiv-copy.s3.eu-west-2.amazonaws.com/biorxiv/unpacked/Current_Content/September_2025/0777ecee-6e49-1014-a63a-ae1d4421c798/content/675295.pdf?X-Amz-Algorithm=AWS4-HMAC-SHA256&X-Amz-Credential=AKIASDVMRCD4TLKVRSCH%2F20250920%2Feu-west-2%2Fs3%2Faws4_request&X-Amz-Date=20250920T173913Z&X-Amz-Expires=360000&X-Amz-SignedHeaders=host&X-Amz-Signature=0ef516908ef83934984cc95fed745306958264515189044ff1bf52097878ad78
-e Current_Content/September_2025/0779a7dc-7002-1014-87b5-b29ab053d378.meca	biorxiv/unpacked/Current_Content/September_2025/0779a7dc-7002-1014-87b5-b29ab053d378/content/675474.pdf	https://biorxiv-copy.s3.eu-west-2.amazonaws.com/biorxiv/unpacked/Current_Content/September_2025/0779a7dc-7002-1014-87b5-b29ab053d378/content/675474.pdf?X-Amz-Algorithm=AWS4-HMAC-SHA256&X-Amz-Credential=AKIASDVMRCD4TLKVRSCH%2F20250920%2Feu-west-2%2Fs3%2Faws4_request&X-Amz-Date=20250920T173914Z&X-Amz-Expires=360000&X-Amz-SignedHeaders=host&X-Amz-Signature=ee658ef08eaff35925672075a3e7136e9248af52047c788c088ebf46b38fc66c
-e Current_Content/September_2025/078f23d5-7d06-1014-ab63-d8f56ee331f5.meca	biorxiv/unpacked/Current_Content/September_2025/078f23d5-7d06-1014-ab63-d8f56ee331f5/content/supplements/674497_file02.pdf	https://biorxiv-copy.s3.eu-west-2.amazonaws.com/biorxiv/unpacked/Current_Content/September_2025/078f23d5-7d06-1014-ab63-d8f56ee331f5/content/supplements/674497_file02.pdf?X-Amz-Algorithm=AWS4-HMAC-SHA256&X-Amz-Credential=AKIASDVMRCD4TLKVRSCH%2F20250920%2Feu-west-2%2Fs3%2Faws4_request&X-Amz-Date=20250920T173915Z&X-Amz-Expires=360000&X-Amz-SignedHeaders=host&X-Amz-Signature=35b6f23df0aef292c2ea7eedfe4377a023595b61a55aa80e3a6966622da7c4c1
-e Current_Content/September_2025/07a6edcd-7ac8-1014-aaf5-9250b3494464.meca	biorxiv/unpacked/Current_Content/September_2025/07a6edcd-7ac8-1014-aaf5-9250b3494464/content/673681.pdf	https://biorxiv-copy.s3.eu-west-2.amazonaws.com/biorxiv/unpacked/Current_Content/September_2025/07a6edcd-7ac8-1014-aaf5-9250b3494464/content/673681.pdf?X-Amz-Algorithm=AWS4-HMAC-SHA256&X-Amz-Credential=AKIASDVMRCD4TLKVRSCH%2F20250920%2Feu-west-2%2Fs3%2Faws4_request&X-Amz-Date=20250920T173916Z&X-Amz-Expires=360000&X-Amz-SignedHeaders=host&X-Amz-Signature=509b640a00b42df16201ec0ccdb36e967e31efa00e448f00ce3464b6c5860d1e
-e Current_Content/September_2025/07fe1de2-7e0f-1014-a4ff-ca67927b679b.meca	biorxiv/unpacked/Current_Content/September_2025/07fe1de2-7e0f-1014-a4ff-ca67927b679b/content/612381.pdf	https://biorxiv-copy.s3.eu-west-2.amazonaws.com/biorxiv/unpacked/Current_Content/September_2025/07fe1de2-7e0f-1014-a4ff-ca67927b679b/content/612381.pdf?X-Amz-Algorithm=AWS4-HMAC-SHA256&X-Amz-Credential=AKIASDVMRCD4TLKVRSCH%2F20250920%2Feu-west-2%2Fs3%2Faws4_request&X-Amz-Date=20250920T173917Z&X-Amz-Expires=360000&X-Amz-SignedHeaders=host&X-Amz-Signature=c4c73d40c94a2c2d1b80ab9c1f4b4fcc7ed0cdba2fcff66e52436bc19c9dcbd1
-e Current_Content/September_2025/08136cc6-7964-1014-952b-be0c709ee06d.meca	biorxiv/unpacked/Current_Content/September_2025/08136cc6-7964-1014-952b-be0c709ee06d/content/supplements/617002_file02.pdf	https://biorxiv-copy.s3.eu-west-2.amazonaws.com/biorxiv/unpacked/Current_Content/September_2025/08136cc6-7964-1014-952b-be0c709ee06d/content/supplements/617002_file02.pdf?X-Amz-Algorithm=AWS4-HMAC-SHA256&X-Amz-Credential=AKIASDVMRCD4TLKVRSCH%2F20250920%2Feu-west-2%2Fs3%2Faws4_request&X-Amz-Date=20250920T173918Z&X-Amz-Expires=360000&X-Amz-SignedHeaders=host&X-Amz-Signature=e7f474554636e1714e27fd5aa53ec25dcac5c8fcca19d8f71224176b07105ccf
-e Current_Content/September_2025/08175a3c-7d66-1014-a38b-d44289925c5d.meca	biorxiv/unpacked/Current_Content/September_2025/08175a3c-7d66-1014-a38b-d44289925c5d/content/supplements/665865_file02.pdf	https://biorxiv-copy.s3.eu-west-2.amazonaws.com/biorxiv/unpacked/Current_Content/September_2025/08175a3c-7d66-1014-a38b-d44289925c5d/content/supplements/665865_file02.pdf?X-Amz-Algorithm=AWS4-HMAC-SHA256&X-Amz-Credential=AKIASDVMRCD4TLKVRSCH%2F20250920%2Feu-west-2%2Fs3%2Faws4_request&X-Amz-Date=20250920T173919Z&X-Amz-Expires=360000&X-Amz-SignedHeaders=host&X-Amz-Signature=ae8b0ac25e2bca86b81397005c9fa3fc49e8e19f46658fdac269fe82bb4acec6
-e Current_Content/September_2025/08300120-70cf-1014-a308-f93814b2fccc.meca	biorxiv/unpacked/Current_Content/September_2025/08300120-70cf-1014-a308-f93814b2fccc/content/676728.pdf	https://biorxiv-copy.s3.eu-west-2.amazonaws.com/biorxiv/unpacked/Current_Content/September_2025/08300120-70cf-1014-a308-f93814b2fccc/content/676728.pdf?X-Amz-Algorithm=AWS4-HMAC-SHA256&X-Amz-Credential=AKIASDVMRCD4TLKVRSCH%2F20250920%2Feu-west-2%2Fs3%2Faws4_request&X-Amz-Date=20250920T173920Z&X-Amz-Expires=360000&X-Amz-SignedHeaders=host&X-Amz-Signature=34764cf23910893cca5c5d6cd9d3989f3dff0bda029f003ad8f0d5be59da0cc7
-e Current_Content/September_2025/08420498-7734-1014-8820-89db349ba665.meca	biorxiv/unpacked/Current_Content/September_2025/08420498-7734-1014-8820-89db349ba665/content/672587.pdf	https://biorxiv-copy.s3.eu-west-2.amazonaws.com/biorxiv/unpacked/Current_Content/September_2025/08420498-7734-1014-8820-89db349ba665/content/672587.pdf?X-Amz-Algorithm=AWS4-HMAC-SHA256&X-Amz-Credential=AKIASDVMRCD4TLKVRSCH%2F20250920%2Feu-west-2%2Fs3%2Faws4_request&X-Amz-Date=20250920T173921Z&X-Amz-Expires=360000&X-Amz-SignedHeaders=host&X-Amz-Signature=baa2b7cb544b1aeaebd199f7a9dd370f5c7b9dddcda7101795f5e1ad4c140845
-e Current_Content/September_2025/08432808-7099-1014-a40e-aaa43fe613d2.meca	biorxiv/unpacked/Current_Content/September_2025/08432808-7099-1014-a40e-aaa43fe613d2/content/supplements/638062_file02.pdf	https://biorxiv-copy.s3.eu-west-2.amazonaws.com/biorxiv/unpacked/Current_Content/September_2025/08432808-7099-1014-a40e-aaa43fe613d2/content/supplements/638062_file02.pdf?X-Amz-Algorithm=AWS4-HMAC-SHA256&X-Amz-Credential=AKIASDVMRCD4TLKVRSCH%2F20250920%2Feu-west-2%2Fs3%2Faws4_request&X-Amz-Date=20250920T173922Z&X-Amz-Expires=360000&X-Amz-SignedHeaders=host&X-Amz-Signature=54983bf23097ac26a24b2724b0cecab719a0a2e729a3b6608fbf13410ff77631
-e Current_Content/September_2025/0843a08f-70aa-1014-a68d-c1731f3746dd.meca	biorxiv/unpacked/Current_Content/September_2025/0843a08f-70aa-1014-a68d-c1731f3746dd/content/675787.pdf	https://biorxiv-copy.s3.eu-west-2.amazonaws.com/biorxiv/unpacked/Current_Content/September_2025/0843a08f-70aa-1014-a68d-c1731f3746dd/content/675787.pdf?X-Amz-Algorithm=AWS4-HMAC-SHA256&X-Amz-Credential=AKIASDVMRCD4TLKVRSCH%2F20250920%2Feu-west-2%2Fs3%2Faws4_request&X-Amz-Date=20250920T173923Z&X-Amz-Expires=360000&X-Amz-SignedHeaders=host&X-Amz-Signature=767db53712355b80ce7bf88c89f56cb3d684d80015840802474942cf5052f1bf
-e Current_Content/September_2025/08580f26-6ebd-1014-ad1d-f246f8b2b5d6.meca	biorxiv/unpacked/Current_Content/September_2025/08580f26-6ebd-1014-ad1d-f246f8b2b5d6/content/671853.pdf	https://biorxiv-copy.s3.eu-west-2.amazonaws.com/biorxiv/unpacked/Current_Content/September_2025/08580f26-6ebd-1014-ad1d-f246f8b2b5d6/content/671853.pdf?X-Amz-Algorithm=AWS4-HMAC-SHA256&X-Amz-Credential=AKIASDVMRCD4TLKVRSCH%2F20250920%2Feu-west-2%2Fs3%2Faws4_request&X-Amz-Date=20250920T173924Z&X-Amz-Expires=360000&X-Amz-SignedHeaders=host&X-Amz-Signature=2d7bb24c2059b1705436f91273493f7721d569f19d4683079bc6cb031597e840
-e Current_Content/September_2025/085ff07f-7d3f-1014-8dfb-d76e561aa40c.meca	biorxiv/unpacked/Current_Content/September_2025/085ff07f-7d3f-1014-8dfb-d76e561aa40c/content/674396.pdf	https://biorxiv-copy.s3.eu-west-2.amazonaws.com/biorxiv/unpacked/Current_Content/September_2025/085ff07f-7d3f-1014-8dfb-d76e561aa40c/content/674396.pdf?X-Amz-Algorithm=AWS4-HMAC-SHA256&X-Amz-Credential=AKIASDVMRCD4TLKVRSCH%2F20250920%2Feu-west-2%2Fs3%2Faws4_request&X-Amz-Date=20250920T173925Z&X-Amz-Expires=360000&X-Amz-SignedHeaders=host&X-Amz-Signature=868df0b2f30f8f53e3d22cc97a211829b13a585e075ff924555a4fc81c3cd3bc
-e Current_Content/September_2025/086326b1-6caa-1014-8bd1-eedf3b2011cc.meca	biorxiv/unpacked/Current_Content/September_2025/086326b1-6caa-1014-8bd1-eedf3b2011cc/content/673011.pdf	https://biorxiv-copy.s3.eu-west-2.amazonaws.com/biorxiv/unpacked/Current_Content/September_2025/086326b1-6caa-1014-8bd1-eedf3b2011cc/content/673011.pdf?X-Amz-Algorithm=AWS4-HMAC-SHA256&X-Amz-Credential=AKIASDVMRCD4TLKVRSCH%2F20250920%2Feu-west-2%2Fs3%2Faws4_request&X-Amz-Date=20250920T173926Z&X-Amz-Expires=360000&X-Amz-SignedHeaders=host&X-Amz-Signature=79d4a5a745ff950421e65bcd837fbdbd51809dbf935f128d5c681142bf3244d9
-e Current_Content/September_2025/0874b5ce-7dd2-1014-9ed3-f47e18e5ba96.meca	biorxiv/unpacked/Current_Content/September_2025/0874b5ce-7dd2-1014-9ed3-f47e18e5ba96/content/supplements/674859_file09.pdf	https://biorxiv-copy.s3.eu-west-2.amazonaws.com/biorxiv/unpacked/Current_Content/September_2025/0874b5ce-7dd2-1014-9ed3-f47e18e5ba96/content/supplements/674859_file09.pdf?X-Amz-Algorithm=AWS4-HMAC-SHA256&X-Amz-Credential=AKIASDVMRCD4TLKVRSCH%2F20250920%2Feu-west-2%2Fs3%2Faws4_request&X-Amz-Date=20250920T173927Z&X-Amz-Expires=360000&X-Amz-SignedHeaders=host&X-Amz-Signature=803b02cdb2fb7e30a209577dbf0fc73de62950992acc63a147657fea31f081be
-e Current_Content/September_2025/0874bfeb-7e99-1014-aa2f-9700404f2d23.meca	biorxiv/unpacked/Current_Content/September_2025/0874bfeb-7e99-1014-aa2f-9700404f2d23/content/663939.pdf	https://biorxiv-copy.s3.eu-west-2.amazonaws.com/biorxiv/unpacked/Current_Content/September_2025/0874bfeb-7e99-1014-aa2f-9700404f2d23/content/663939.pdf?X-Amz-Algorithm=AWS4-HMAC-SHA256&X-Amz-Credential=AKIASDVMRCD4TLKVRSCH%2F20250920%2Feu-west-2%2Fs3%2Faws4_request&X-Amz-Date=20250920T173928Z&X-Amz-Expires=360000&X-Amz-SignedHeaders=host&X-Amz-Signature=0cd536f724f9b32f756173576da63210343c146842562d6af87f9a727dc631a6
-e Current_Content/September_2025/08886eba-7b77-1014-a0a4-cdf495ca1333.meca	biorxiv/unpacked/Current_Content/September_2025/08886eba-7b77-1014-a0a4-cdf495ca1333/content/673892.pdf	https://biorxiv-copy.s3.eu-west-2.amazonaws.com/biorxiv/unpacked/Current_Content/September_2025/08886eba-7b77-1014-a0a4-cdf495ca1333/content/673892.pdf?X-Amz-Algorithm=AWS4-HMAC-SHA256&X-Amz-Credential=AKIASDVMRCD4TLKVRSCH%2F20250920%2Feu-west-2%2Fs3%2Faws4_request&X-Amz-Date=20250920T173929Z&X-Amz-Expires=360000&X-Amz-SignedHeaders=host&X-Amz-Signature=74bf278378c9d2249db2f4a65bf257d97627e681dde9a68de6a352f9c1ded2db
-e Current_Content/September_2025/0899cbce-6eff-1014-9f32-c91bbcdd7e3d.meca	biorxiv/unpacked/Current_Content/September_2025/0899cbce-6eff-1014-9f32-c91bbcdd7e3d/content/673462.pdf	https://biorxiv-copy.s3.eu-west-2.amazonaws.com/biorxiv/unpacked/Current_Content/September_2025/0899cbce-6eff-1014-9f32-c91bbcdd7e3d/content/673462.pdf?X-Amz-Algorithm=AWS4-HMAC-SHA256&X-Amz-Credential=AKIASDVMRCD4TLKVRSCH%2F20250920%2Feu-west-2%2Fs3%2Faws4_request&X-Amz-Date=20250920T173930Z&X-Amz-Expires=360000&X-Amz-SignedHeaders=host&X-Amz-Signature=34e521a1f61c01f4cc463b6db6388bd86a9d4021289fce65af86c82908744dbe
-e Current_Content/September_2025/08a20f10-6d72-1014-82f6-ccb3dfc36845.meca	biorxiv/unpacked/Current_Content/September_2025/08a20f10-6d72-1014-82f6-ccb3dfc36845/content/674628.pdf	https://biorxiv-copy.s3.eu-west-2.amazonaws.com/biorxiv/unpacked/Current_Content/September_2025/08a20f10-6d72-1014-82f6-ccb3dfc36845/content/674628.pdf?X-Amz-Algorithm=AWS4-HMAC-SHA256&X-Amz-Credential=AKIASDVMRCD4TLKVRSCH%2F20250920%2Feu-west-2%2Fs3%2Faws4_request&X-Amz-Date=20250920T173931Z&X-Amz-Expires=360000&X-Amz-SignedHeaders=host&X-Amz-Signature=ed8c8141ac3a3689d698e868b256b99293bad62beaf171d18f0e03e799cd6274
-e Current_Content/September_2025/08a2e420-70ca-1014-aa52-b414ac775cfb.meca	biorxiv/unpacked/Current_Content/September_2025/08a2e420-70ca-1014-aa52-b414ac775cfb/content/675172.pdf	https://biorxiv-copy.s3.eu-west-2.amazonaws.com/biorxiv/unpacked/Current_Content/September_2025/08a2e420-70ca-1014-aa52-b414ac775cfb/content/675172.pdf?X-Amz-Algorithm=AWS4-HMAC-SHA256&X-Amz-Credential=AKIASDVMRCD4TLKVRSCH%2F20250920%2Feu-west-2%2Fs3%2Faws4_request&X-Amz-Date=20250920T173932Z&X-Amz-Expires=360000&X-Amz-SignedHeaders=host&X-Amz-Signature=f72f55a3b41aa1bfc04831ac8382de03da391fd57461eeda29d3895a85d4eb99
-e Current_Content/September_2025/08b554dc-778c-1014-b0fd-dc7bc27ae19a.meca	biorxiv/unpacked/Current_Content/September_2025/08b554dc-778c-1014-b0fd-dc7bc27ae19a/content/672624.pdf	https://biorxiv-copy.s3.eu-west-2.amazonaws.com/biorxiv/unpacked/Current_Content/September_2025/08b554dc-778c-1014-b0fd-dc7bc27ae19a/content/672624.pdf?X-Amz-Algorithm=AWS4-HMAC-SHA256&X-Amz-Credential=AKIASDVMRCD4TLKVRSCH%2F20250920%2Feu-west-2%2Fs3%2Faws4_request&X-Amz-Date=20250920T173933Z&X-Amz-Expires=360000&X-Amz-SignedHeaders=host&X-Amz-Signature=4c63ae138ebd478a55a8e0f5a56c956cd41f40f98580449e06bace0bc41f97f4
-e Current_Content/September_2025/08c01f93-6df0-1014-941b-bcf7635d0586.meca	biorxiv/unpacked/Current_Content/September_2025/08c01f93-6df0-1014-941b-bcf7635d0586/content/673960.pdf	https://biorxiv-copy.s3.eu-west-2.amazonaws.com/biorxiv/unpacked/Current_Content/September_2025/08c01f93-6df0-1014-941b-bcf7635d0586/content/673960.pdf?X-Amz-Algorithm=AWS4-HMAC-SHA256&X-Amz-Credential=AKIASDVMRCD4TLKVRSCH%2F20250920%2Feu-west-2%2Fs3%2Faws4_request&X-Amz-Date=20250920T173934Z&X-Amz-Expires=360000&X-Amz-SignedHeaders=host&X-Amz-Signature=7da713770b806db3ce21c61b40a17a370d6d8490b779f3ff262a906e0992a30d
-e Current_Content/September_2025/08d2f1a4-7bed-1014-b0ca-c4be949b42be.meca	biorxiv/unpacked/Current_Content/September_2025/08d2f1a4-7bed-1014-b0ca-c4be949b42be/content/644937.pdf	https://biorxiv-copy.s3.eu-west-2.amazonaws.com/biorxiv/unpacked/Current_Content/September_2025/08d2f1a4-7bed-1014-b0ca-c4be949b42be/content/644937.pdf?X-Amz-Algorithm=AWS4-HMAC-SHA256&X-Amz-Credential=AKIASDVMRCD4TLKVRSCH%2F20250920%2Feu-west-2%2Fs3%2Faws4_request&X-Amz-Date=20250920T173935Z&X-Amz-Expires=360000&X-Amz-SignedHeaders=host&X-Amz-Signature=94cad6ecd7f1ed2f374e7a918722ccfffbdb3d71dd23d6b3a06e77dd98d4da73
-e Current_Content/September_2025/08e64b15-7001-1014-9a0b-c2abff026bab.meca	biorxiv/unpacked/Current_Content/September_2025/08e64b15-7001-1014-9a0b-c2abff026bab/content/625554.pdf	https://biorxiv-copy.s3.eu-west-2.amazonaws.com/biorxiv/unpacked/Current_Content/September_2025/08e64b15-7001-1014-9a0b-c2abff026bab/content/625554.pdf?X-Amz-Algorithm=AWS4-HMAC-SHA256&X-Amz-Credential=AKIASDVMRCD4TLKVRSCH%2F20250920%2Feu-west-2%2Fs3%2Faws4_request&X-Amz-Date=20250920T173937Z&X-Amz-Expires=360000&X-Amz-SignedHeaders=host&X-Amz-Signature=fe0fcc026af712c20543936921d2e0cdd27e6a90fb8c046ed48db251ec2cb558
-e Current_Content/September_2025/090742bd-6c78-1014-8ed6-e7b6b9125244.meca	biorxiv/unpacked/Current_Content/September_2025/090742bd-6c78-1014-8ed6-e7b6b9125244/content/672662.pdf	https://biorxiv-copy.s3.eu-west-2.amazonaws.com/biorxiv/unpacked/Current_Content/September_2025/090742bd-6c78-1014-8ed6-e7b6b9125244/content/672662.pdf?X-Amz-Algorithm=AWS4-HMAC-SHA256&X-Amz-Credential=AKIASDVMRCD4TLKVRSCH%2F20250920%2Feu-west-2%2Fs3%2Faws4_request&X-Amz-Date=20250920T173938Z&X-Amz-Expires=360000&X-Amz-SignedHeaders=host&X-Amz-Signature=1a1354ff2fa662826fda15cbf5b304acb25ff578711e26acaa3a7d8cae24d5f3
-e Current_Content/September_2025/090ad397-6f35-1014-924f-fe842262dbab.meca	biorxiv/unpacked/Current_Content/September_2025/090ad397-6f35-1014-924f-fe842262dbab/content/601861.pdf	https://biorxiv-copy.s3.eu-west-2.amazonaws.com/biorxiv/unpacked/Current_Content/September_2025/090ad397-6f35-1014-924f-fe842262dbab/content/601861.pdf?X-Amz-Algorithm=AWS4-HMAC-SHA256&X-Amz-Credential=AKIASDVMRCD4TLKVRSCH%2F20250920%2Feu-west-2%2Fs3%2Faws4_request&X-Amz-Date=20250920T173939Z&X-Amz-Expires=360000&X-Amz-SignedHeaders=host&X-Amz-Signature=cbd8b6a68554b6ae946ab4ebf6b302247b2fa51ee08559b7569f89b72a7e3192
-e Current_Content/September_2025/091c53fe-7ca4-1014-9987-dfb29cdd01b5.meca	biorxiv/unpacked/Current_Content/September_2025/091c53fe-7ca4-1014-9987-dfb29cdd01b5/content/674271.pdf	https://biorxiv-copy.s3.eu-west-2.amazonaws.com/biorxiv/unpacked/Current_Content/September_2025/091c53fe-7ca4-1014-9987-dfb29cdd01b5/content/674271.pdf?X-Amz-Algorithm=AWS4-HMAC-SHA256&X-Amz-Credential=AKIASDVMRCD4TLKVRSCH%2F20250920%2Feu-west-2%2Fs3%2Faws4_request&X-Amz-Date=20250920T173940Z&X-Amz-Expires=360000&X-Amz-SignedHeaders=host&X-Amz-Signature=edb628b9da1b9fde0234367ba19fe4ee1d581f038ab9fb4a6b3b75dac38912c7
-e Current_Content/September_2025/0931921f-6cf9-1014-bb19-85704b705d81.meca	biorxiv/unpacked/Current_Content/September_2025/0931921f-6cf9-1014-bb19-85704b705d81/content/672911.pdf	https://biorxiv-copy.s3.eu-west-2.amazonaws.com/biorxiv/unpacked/Current_Content/September_2025/0931921f-6cf9-1014-bb19-85704b705d81/content/672911.pdf?X-Amz-Algorithm=AWS4-HMAC-SHA256&X-Amz-Credential=AKIASDVMRCD4TLKVRSCH%2F20250920%2Feu-west-2%2Fs3%2Faws4_request&X-Amz-Date=20250920T173941Z&X-Amz-Expires=360000&X-Amz-SignedHeaders=host&X-Amz-Signature=9889141a9b2e40989529a6a481ab4582bdb99918cb739dd9f8de96f0d13e26c1
-e Current_Content/September_2025/094850f5-6d61-1014-a5fe-c3b9f53b47b7.meca	biorxiv/unpacked/Current_Content/September_2025/094850f5-6d61-1014-a5fe-c3b9f53b47b7/content/674550.pdf	https://biorxiv-copy.s3.eu-west-2.amazonaws.com/biorxiv/unpacked/Current_Content/September_2025/094850f5-6d61-1014-a5fe-c3b9f53b47b7/content/674550.pdf?X-Amz-Algorithm=AWS4-HMAC-SHA256&X-Amz-Credential=AKIASDVMRCD4TLKVRSCH%2F20250920%2Feu-west-2%2Fs3%2Faws4_request&X-Amz-Date=20250920T173943Z&X-Amz-Expires=360000&X-Amz-SignedHeaders=host&X-Amz-Signature=76e6e38d5d9d247ddb68a12f325e0b1e1c8742a29b21f7c1d22d50f29ecec500
-e Current_Content/September_2025/094a0a27-6d61-1014-bcf0-fe57f69a880e.meca	biorxiv/unpacked/Current_Content/September_2025/094a0a27-6d61-1014-bcf0-fe57f69a880e/content/557939.pdf	https://biorxiv-copy.s3.eu-west-2.amazonaws.com/biorxiv/unpacked/Current_Content/September_2025/094a0a27-6d61-1014-bcf0-fe57f69a880e/content/557939.pdf?X-Amz-Algorithm=AWS4-HMAC-SHA256&X-Amz-Credential=AKIASDVMRCD4TLKVRSCH%2F20250920%2Feu-west-2%2Fs3%2Faws4_request&X-Amz-Date=20250920T173943Z&X-Amz-Expires=360000&X-Amz-SignedHeaders=host&X-Amz-Signature=4d13b6836b1e0613f2da9ddee6e8297f8d56a7bf7d581345b389aac3b45edf0e
-e Current_Content/September_2025/09584180-6c84-1014-af59-ba9e5a6e8119.meca	biorxiv/unpacked/Current_Content/September_2025/09584180-6c84-1014-af59-ba9e5a6e8119/content/672276.pdf	https://biorxiv-copy.s3.eu-west-2.amazonaws.com/biorxiv/unpacked/Current_Content/September_2025/09584180-6c84-1014-af59-ba9e5a6e8119/content/672276.pdf?X-Amz-Algorithm=AWS4-HMAC-SHA256&X-Amz-Credential=AKIASDVMRCD4TLKVRSCH%2F20250920%2Feu-west-2%2Fs3%2Faws4_request&X-Amz-Date=20250920T173944Z&X-Amz-Expires=360000&X-Amz-SignedHeaders=host&X-Amz-Signature=7ed16b1adab26b16bc3e9a3a393356ed1802f00111977f2535b0e2a80993aa1b
-e Current_Content/September_2025/0968f653-7856-1014-ab19-ad0678bbf877.meca	biorxiv/unpacked/Current_Content/September_2025/0968f653-7856-1014-ab19-ad0678bbf877/content/673590.pdf	https://biorxiv-copy.s3.eu-west-2.amazonaws.com/biorxiv/unpacked/Current_Content/September_2025/0968f653-7856-1014-ab19-ad0678bbf877/content/673590.pdf?X-Amz-Algorithm=AWS4-HMAC-SHA256&X-Amz-Credential=AKIASDVMRCD4TLKVRSCH%2F20250920%2Feu-west-2%2Fs3%2Faws4_request&X-Amz-Date=20250920T173945Z&X-Amz-Expires=360000&X-Amz-SignedHeaders=host&X-Amz-Signature=e4995bc55ad89e5bdefc606659a9f009ee3ee79de6e87a8c79f1585555a0d4e6
-e Current_Content/September_2025/097b550c-6d71-1014-9d09-adf851fa1fcf.meca	biorxiv/unpacked/Current_Content/September_2025/097b550c-6d71-1014-9d09-adf851fa1fcf/content/674487.pdf	https://biorxiv-copy.s3.eu-west-2.amazonaws.com/biorxiv/unpacked/Current_Content/September_2025/097b550c-6d71-1014-9d09-adf851fa1fcf/content/674487.pdf?X-Amz-Algorithm=AWS4-HMAC-SHA256&X-Amz-Credential=AKIASDVMRCD4TLKVRSCH%2F20250920%2Feu-west-2%2Fs3%2Faws4_request&X-Amz-Date=20250920T173946Z&X-Amz-Expires=360000&X-Amz-SignedHeaders=host&X-Amz-Signature=2306ae52f4880c9b2cb8b6e2c1f40859d166e883ea8013648e4754e6556b76a8
-e Current_Content/September_2025/0986b02c-7d22-1014-b0a9-8b9f9feff437.meca	biorxiv/unpacked/Current_Content/September_2025/0986b02c-7d22-1014-b0a9-8b9f9feff437/content/673803.pdf	https://biorxiv-copy.s3.eu-west-2.amazonaws.com/biorxiv/unpacked/Current_Content/September_2025/0986b02c-7d22-1014-b0a9-8b9f9feff437/content/673803.pdf?X-Amz-Algorithm=AWS4-HMAC-SHA256&X-Amz-Credential=AKIASDVMRCD4TLKVRSCH%2F20250920%2Feu-west-2%2Fs3%2Faws4_request&X-Amz-Date=20250920T173947Z&X-Amz-Expires=360000&X-Amz-SignedHeaders=host&X-Amz-Signature=69c7c45674816a1fc8a790aca962555cb948a6d2e775061216bd11b800470488
-e Current_Content/September_2025/09a0d5c5-7c89-1014-8fc2-cf9a59358e15.meca	biorxiv/unpacked/Current_Content/September_2025/09a0d5c5-7c89-1014-8fc2-cf9a59358e15/content/supplements/674178_file02.pdf	https://biorxiv-copy.s3.eu-west-2.amazonaws.com/biorxiv/unpacked/Current_Content/September_2025/09a0d5c5-7c89-1014-8fc2-cf9a59358e15/content/supplements/674178_file02.pdf?X-Amz-Algorithm=AWS4-HMAC-SHA256&X-Amz-Credential=AKIASDVMRCD4TLKVRSCH%2F20250920%2Feu-west-2%2Fs3%2Faws4_request&X-Amz-Date=20250920T173948Z&X-Amz-Expires=360000&X-Amz-SignedHeaders=host&X-Amz-Signature=29c7ffdc01e8f69d7cf57005a36348296107c2d131bb10fca69efec969d17d33
-e Current_Content/September_2025/09c77350-7aab-1014-97b8-dcad27131657.meca	biorxiv/unpacked/Current_Content/September_2025/09c77350-7aab-1014-97b8-dcad27131657/content/supplements/670675_file03.pdf	https://biorxiv-copy.s3.eu-west-2.amazonaws.com/biorxiv/unpacked/Current_Content/September_2025/09c77350-7aab-1014-97b8-dcad27131657/content/supplements/670675_file03.pdf?X-Amz-Algorithm=AWS4-HMAC-SHA256&X-Amz-Credential=AKIASDVMRCD4TLKVRSCH%2F20250920%2Feu-west-2%2Fs3%2Faws4_request&X-Amz-Date=20250920T173949Z&X-Amz-Expires=360000&X-Amz-SignedHeaders=host&X-Amz-Signature=9ff101d4cecb677950ebbe4cf9fe9c65d1336e8478cbf1359673eedb7911751a
-e Current_Content/September_2025/09dd0856-6f35-1014-a832-814d7c5df205.meca	biorxiv/unpacked/Current_Content/September_2025/09dd0856-6f35-1014-a832-814d7c5df205/content/674945.pdf	https://biorxiv-copy.s3.eu-west-2.amazonaws.com/biorxiv/unpacked/Current_Content/September_2025/09dd0856-6f35-1014-a832-814d7c5df205/content/674945.pdf?X-Amz-Algorithm=AWS4-HMAC-SHA256&X-Amz-Credential=AKIASDVMRCD4TLKVRSCH%2F20250920%2Feu-west-2%2Fs3%2Faws4_request&X-Amz-Date=20250920T173950Z&X-Amz-Expires=360000&X-Amz-SignedHeaders=host&X-Amz-Signature=fc468b5a62bebebc498dc7fbcaad89f82ec63e577905990c0d9cf504e0a8620d
-e Current_Content/September_2025/09e65a8c-7b10-1014-94dc-fed6c00f9286.meca	biorxiv/unpacked/Current_Content/September_2025/09e65a8c-7b10-1014-94dc-fed6c00f9286/content/673499.pdf	https://biorxiv-copy.s3.eu-west-2.amazonaws.com/biorxiv/unpacked/Current_Content/September_2025/09e65a8c-7b10-1014-94dc-fed6c00f9286/content/673499.pdf?X-Amz-Algorithm=AWS4-HMAC-SHA256&X-Amz-Credential=AKIASDVMRCD4TLKVRSCH%2F20250920%2Feu-west-2%2Fs3%2Faws4_request&X-Amz-Date=20250920T173951Z&X-Amz-Expires=360000&X-Amz-SignedHeaders=host&X-Amz-Signature=21d2b1073df1f3b3c463226ca2bf3ed79cc4c6a046b9ce2b91db254afa7cbd9d
-e Current_Content/September_2025/09eb8078-7c3e-1014-a4bb-acfaf6eb6bf6.meca	biorxiv/unpacked/Current_Content/September_2025/09eb8078-7c3e-1014-a4bb-acfaf6eb6bf6/content/674138.pdf	https://biorxiv-copy.s3.eu-west-2.amazonaws.com/biorxiv/unpacked/Current_Content/September_2025/09eb8078-7c3e-1014-a4bb-acfaf6eb6bf6/content/674138.pdf?X-Amz-Algorithm=AWS4-HMAC-SHA256&X-Amz-Credential=AKIASDVMRCD4TLKVRSCH%2F20250920%2Feu-west-2%2Fs3%2Faws4_request&X-Amz-Date=20250920T173952Z&X-Amz-Expires=360000&X-Amz-SignedHeaders=host&X-Amz-Signature=6e2ef2ea11949b3901db1d77bac7ba03f91a0a4fa812b553e1f36e66e11fd3b4
-e Current_Content/September_2025/0a09eda0-715d-1014-8cc7-8fd2b0ac1c2a.meca	biorxiv/unpacked/Current_Content/September_2025/0a09eda0-715d-1014-8cc7-8fd2b0ac1c2a/content/675695.pdf	https://biorxiv-copy.s3.eu-west-2.amazonaws.com/biorxiv/unpacked/Current_Content/September_2025/0a09eda0-715d-1014-8cc7-8fd2b0ac1c2a/content/675695.pdf?X-Amz-Algorithm=AWS4-HMAC-SHA256&X-Amz-Credential=AKIASDVMRCD4TLKVRSCH%2F20250920%2Feu-west-2%2Fs3%2Faws4_request&X-Amz-Date=20250920T173953Z&X-Amz-Expires=360000&X-Amz-SignedHeaders=host&X-Amz-Signature=73af2187bd09094c8066779454ff402cf9edb2fa2440cdebc8e52f83b1945e84
-e Current_Content/September_2025/0a184f59-7e0f-1014-a43c-bad8c90dbdb0.meca	biorxiv/unpacked/Current_Content/September_2025/0a184f59-7e0f-1014-a43c-bad8c90dbdb0/content/674052.pdf	https://biorxiv-copy.s3.eu-west-2.amazonaws.com/biorxiv/unpacked/Current_Content/September_2025/0a184f59-7e0f-1014-a43c-bad8c90dbdb0/content/674052.pdf?X-Amz-Algorithm=AWS4-HMAC-SHA256&X-Amz-Credential=AKIASDVMRCD4TLKVRSCH%2F20250920%2Feu-west-2%2Fs3%2Faws4_request&X-Amz-Date=20250920T173954Z&X-Amz-Expires=360000&X-Amz-SignedHeaders=host&X-Amz-Signature=42334acca75b0e79758c3f78c96511266f0ca8e2696ca5f4e7a62b47b521d5d3
-e Current_Content/September_2025/0a20984b-70f1-1014-8744-8eac069158a2.meca	biorxiv/unpacked/Current_Content/September_2025/0a20984b-70f1-1014-8744-8eac069158a2/content/675830.pdf	https://biorxiv-copy.s3.eu-west-2.amazonaws.com/biorxiv/unpacked/Current_Content/September_2025/0a20984b-70f1-1014-8744-8eac069158a2/content/675830.pdf?X-Amz-Algorithm=AWS4-HMAC-SHA256&X-Amz-Credential=AKIASDVMRCD4TLKVRSCH%2F20250920%2Feu-west-2%2Fs3%2Faws4_request&X-Amz-Date=20250920T173955Z&X-Amz-Expires=360000&X-Amz-SignedHeaders=host&X-Amz-Signature=0038a7171d621cb93a59b64e0efe3c8c015d6cd33b5d74aed79d3e7c57ee0499
-e Current_Content/September_2025/0a26fb0a-6e65-1014-b1e9-bca2937f533e.meca	biorxiv/unpacked/Current_Content/September_2025/0a26fb0a-6e65-1014-b1e9-bca2937f533e/content/675263.pdf	https://biorxiv-copy.s3.eu-west-2.amazonaws.com/biorxiv/unpacked/Current_Content/September_2025/0a26fb0a-6e65-1014-b1e9-bca2937f533e/content/675263.pdf?X-Amz-Algorithm=AWS4-HMAC-SHA256&X-Amz-Credential=AKIASDVMRCD4TLKVRSCH%2F20250920%2Feu-west-2%2Fs3%2Faws4_request&X-Amz-Date=20250920T173956Z&X-Amz-Expires=360000&X-Amz-SignedHeaders=host&X-Amz-Signature=0b5681f704be2fa4262016403a00afbe7a3062e8ee4b4e45c6a3270b770a27e0
-e Current_Content/September_2025/0a394b7c-70ce-1014-84da-894196ae2ff7.meca	biorxiv/unpacked/Current_Content/September_2025/0a394b7c-70ce-1014-84da-894196ae2ff7/content/675657.pdf	https://biorxiv-copy.s3.eu-west-2.amazonaws.com/biorxiv/unpacked/Current_Content/September_2025/0a394b7c-70ce-1014-84da-894196ae2ff7/content/675657.pdf?X-Amz-Algorithm=AWS4-HMAC-SHA256&X-Amz-Credential=AKIASDVMRCD4TLKVRSCH%2F20250920%2Feu-west-2%2Fs3%2Faws4_request&X-Amz-Date=20250920T173957Z&X-Amz-Expires=360000&X-Amz-SignedHeaders=host&X-Amz-Signature=a8e657d0238d1943001620fc0ec029e6d2e229a95917b894d2d7dd5b09d4be70
-e Current_Content/September_2025/0a3db96e-6ca6-1014-a8e7-a83240f0c35c.meca	biorxiv/unpacked/Current_Content/September_2025/0a3db96e-6ca6-1014-a8e7-a83240f0c35c/content/672604.pdf	https://biorxiv-copy.s3.eu-west-2.amazonaws.com/biorxiv/unpacked/Current_Content/September_2025/0a3db96e-6ca6-1014-a8e7-a83240f0c35c/content/672604.pdf?X-Amz-Algorithm=AWS4-HMAC-SHA256&X-Amz-Credential=AKIASDVMRCD4TLKVRSCH%2F20250920%2Feu-west-2%2Fs3%2Faws4_request&X-Amz-Date=20250920T173957Z&X-Amz-Expires=360000&X-Amz-SignedHeaders=host&X-Amz-Signature=07ea1e50fdbc906ff07e42177962c2eb01a5ffbd12563a7c81f98eda362a7e5e
-e Current_Content/September_2025/0a66e6b0-70f0-1014-91a6-afd9607a546e.meca	biorxiv/unpacked/Current_Content/September_2025/0a66e6b0-70f0-1014-91a6-afd9607a546e/content/supplements/656568_file02.pdf	https://biorxiv-copy.s3.eu-west-2.amazonaws.com/biorxiv/unpacked/Current_Content/September_2025/0a66e6b0-70f0-1014-91a6-afd9607a546e/content/supplements/656568_file02.pdf?X-Amz-Algorithm=AWS4-HMAC-SHA256&X-Amz-Credential=AKIASDVMRCD4TLKVRSCH%2F20250920%2Feu-west-2%2Fs3%2Faws4_request&X-Amz-Date=20250920T173958Z&X-Amz-Expires=360000&X-Amz-SignedHeaders=host&X-Amz-Signature=4e56122a4ff8e00584c9f7b34baac0e5213c03f1b1c013ea232b6ee786274593
-e Current_Content/September_2025/0ac3e4e6-7d06-1014-8568-fb61a6ebceaa.meca	biorxiv/unpacked/Current_Content/September_2025/0ac3e4e6-7d06-1014-8568-fb61a6ebceaa/content/supplements/674515_file07.pdf	https://biorxiv-copy.s3.eu-west-2.amazonaws.com/biorxiv/unpacked/Current_Content/September_2025/0ac3e4e6-7d06-1014-8568-fb61a6ebceaa/content/supplements/674515_file07.pdf?X-Amz-Algorithm=AWS4-HMAC-SHA256&X-Amz-Credential=AKIASDVMRCD4TLKVRSCH%2F20250920%2Feu-west-2%2Fs3%2Faws4_request&X-Amz-Date=20250920T174000Z&X-Amz-Expires=360000&X-Amz-SignedHeaders=host&X-Amz-Signature=5a49af93794e72555e065f5c5140665f42cefe7df07abade33c1ecc42bf6c54c
-e Current_Content/September_2025/0adb2601-70d0-1014-9cc9-a2de6071c5a9.meca	biorxiv/unpacked/Current_Content/September_2025/0adb2601-70d0-1014-9cc9-a2de6071c5a9/content/676353.pdf	https://biorxiv-copy.s3.eu-west-2.amazonaws.com/biorxiv/unpacked/Current_Content/September_2025/0adb2601-70d0-1014-9cc9-a2de6071c5a9/content/676353.pdf?X-Amz-Algorithm=AWS4-HMAC-SHA256&X-Amz-Credential=AKIASDVMRCD4TLKVRSCH%2F20250920%2Feu-west-2%2Fs3%2Faws4_request&X-Amz-Date=20250920T174001Z&X-Amz-Expires=360000&X-Amz-SignedHeaders=host&X-Amz-Signature=1b7fb6bff7f64146f78b967c94142fe32f43b216169ecc58064ac569f209689c
-e Current_Content/September_2025/0afb84a7-6e49-1014-8541-8196dd0a6ce5.meca	biorxiv/unpacked/Current_Content/September_2025/0afb84a7-6e49-1014-8541-8196dd0a6ce5/content/675316.pdf	https://biorxiv-copy.s3.eu-west-2.amazonaws.com/biorxiv/unpacked/Current_Content/September_2025/0afb84a7-6e49-1014-8541-8196dd0a6ce5/content/675316.pdf?X-Amz-Algorithm=AWS4-HMAC-SHA256&X-Amz-Credential=AKIASDVMRCD4TLKVRSCH%2F20250920%2Feu-west-2%2Fs3%2Faws4_request&X-Amz-Date=20250920T174002Z&X-Amz-Expires=360000&X-Amz-SignedHeaders=host&X-Amz-Signature=7f60cce57ce90fbc66e3359129dce24be1b2e96955ecd4e3475a43df06d3a7b2
-e Current_Content/September_2025/0b05e4fb-7964-1014-976a-ab8e74341077.meca	biorxiv/unpacked/Current_Content/September_2025/0b05e4fb-7964-1014-976a-ab8e74341077/content/619884.pdf	https://biorxiv-copy.s3.eu-west-2.amazonaws.com/biorxiv/unpacked/Current_Content/September_2025/0b05e4fb-7964-1014-976a-ab8e74341077/content/619884.pdf?X-Amz-Algorithm=AWS4-HMAC-SHA256&X-Amz-Credential=AKIASDVMRCD4TLKVRSCH%2F20250920%2Feu-west-2%2Fs3%2Faws4_request&X-Amz-Date=20250920T174003Z&X-Amz-Expires=360000&X-Amz-SignedHeaders=host&X-Amz-Signature=263e33c74630123fe7ef7ba48f1d3cd832618c12be47ef503f813a929b8a6d94
-e Current_Content/September_2025/0b07ce48-7099-1014-a45a-bfdd18a50bae.meca	biorxiv/unpacked/Current_Content/September_2025/0b07ce48-7099-1014-a45a-bfdd18a50bae/content/641544.pdf	https://biorxiv-copy.s3.eu-west-2.amazonaws.com/biorxiv/unpacked/Current_Content/September_2025/0b07ce48-7099-1014-a45a-bfdd18a50bae/content/641544.pdf?X-Amz-Algorithm=AWS4-HMAC-SHA256&X-Amz-Credential=AKIASDVMRCD4TLKVRSCH%2F20250920%2Feu-west-2%2Fs3%2Faws4_request&X-Amz-Date=20250920T174004Z&X-Amz-Expires=360000&X-Amz-SignedHeaders=host&X-Amz-Signature=725c2e62171895aa69c004753f573c937c6944f59405b04b55b41561aa003645
-e Current_Content/September_2025/0b0c3c3c-7aab-1014-bb98-a52021fe100a.meca	biorxiv/unpacked/Current_Content/September_2025/0b0c3c3c-7aab-1014-bb98-a52021fe100a/content/673034.pdf	https://biorxiv-copy.s3.eu-west-2.amazonaws.com/biorxiv/unpacked/Current_Content/September_2025/0b0c3c3c-7aab-1014-bb98-a52021fe100a/content/673034.pdf?X-Amz-Algorithm=AWS4-HMAC-SHA256&X-Amz-Credential=AKIASDVMRCD4TLKVRSCH%2F20250920%2Feu-west-2%2Fs3%2Faws4_request&X-Amz-Date=20250920T174005Z&X-Amz-Expires=360000&X-Amz-SignedHeaders=host&X-Amz-Signature=b432a063b1fcd5126ac857042504b2391cd69471e50caf641ab093a01430944b
-e Current_Content/September_2025/0b49aec7-7175-1014-90c2-e5cbf9e95915.meca	biorxiv/unpacked/Current_Content/September_2025/0b49aec7-7175-1014-90c2-e5cbf9e95915/content/676235.pdf	https://biorxiv-copy.s3.eu-west-2.amazonaws.com/biorxiv/unpacked/Current_Content/September_2025/0b49aec7-7175-1014-90c2-e5cbf9e95915/content/676235.pdf?X-Amz-Algorithm=AWS4-HMAC-SHA256&X-Amz-Credential=AKIASDVMRCD4TLKVRSCH%2F20250920%2Feu-west-2%2Fs3%2Faws4_request&X-Amz-Date=20250920T174005Z&X-Amz-Expires=360000&X-Amz-SignedHeaders=host&X-Amz-Signature=bb9f1a15b7cd67dadd37ca26b3fc3b890c658869ad78fb5cf688fb3233710c4a
-e Current_Content/September_2025/0b4ff3e2-7ac8-1014-bb05-d9268193ff5e.meca	biorxiv/unpacked/Current_Content/September_2025/0b4ff3e2-7ac8-1014-bb05-d9268193ff5e/content/673704.pdf	https://biorxiv-copy.s3.eu-west-2.amazonaws.com/biorxiv/unpacked/Current_Content/September_2025/0b4ff3e2-7ac8-1014-bb05-d9268193ff5e/content/673704.pdf?X-Amz-Algorithm=AWS4-HMAC-SHA256&X-Amz-Credential=AKIASDVMRCD4TLKVRSCH%2F20250920%2Feu-west-2%2Fs3%2Faws4_request&X-Amz-Date=20250920T174006Z&X-Amz-Expires=360000&X-Amz-SignedHeaders=host&X-Amz-Signature=8d198b05a9d05c642ad3ac4c4ec679ed7f9b5e0419ade20c1e4227a48769fa07
-e Current_Content/September_2025/0b507a90-7bc5-1014-a19c-a977b5bcf353.meca	biorxiv/unpacked/Current_Content/September_2025/0b507a90-7bc5-1014-a19c-a977b5bcf353/content/supplements/674208_file08.pdf	https://biorxiv-copy.s3.eu-west-2.amazonaws.com/biorxiv/unpacked/Current_Content/September_2025/0b507a90-7bc5-1014-a19c-a977b5bcf353/content/supplements/674208_file08.pdf?X-Amz-Algorithm=AWS4-HMAC-SHA256&X-Amz-Credential=AKIASDVMRCD4TLKVRSCH%2F20250920%2Feu-west-2%2Fs3%2Faws4_request&X-Amz-Date=20250920T174007Z&X-Amz-Expires=360000&X-Amz-SignedHeaders=host&X-Amz-Signature=fca6ce71e9211e80944059e9dfc759836674d88450793c494e777bfb83230f13
-e Current_Content/September_2025/0b5a6809-6eff-1014-8a51-af3d1e3adc53.meca	biorxiv/unpacked/Current_Content/September_2025/0b5a6809-6eff-1014-8a51-af3d1e3adc53/content/673486.pdf	https://biorxiv-copy.s3.eu-west-2.amazonaws.com/biorxiv/unpacked/Current_Content/September_2025/0b5a6809-6eff-1014-8a51-af3d1e3adc53/content/673486.pdf?X-Amz-Algorithm=AWS4-HMAC-SHA256&X-Amz-Credential=AKIASDVMRCD4TLKVRSCH%2F20250920%2Feu-west-2%2Fs3%2Faws4_request&X-Amz-Date=20250920T174008Z&X-Amz-Expires=360000&X-Amz-SignedHeaders=host&X-Amz-Signature=dda398d722c84ccc594399dfb28c279d0711466fc42baabc24a72b937b6c45b6
-e Current_Content/September_2025/0b5cb2bb-7d66-1014-a763-ba6c7b78cfc9.meca	biorxiv/unpacked/Current_Content/September_2025/0b5cb2bb-7d66-1014-a763-ba6c7b78cfc9/content/672437.pdf	https://biorxiv-copy.s3.eu-west-2.amazonaws.com/biorxiv/unpacked/Current_Content/September_2025/0b5cb2bb-7d66-1014-a763-ba6c7b78cfc9/content/672437.pdf?X-Amz-Algorithm=AWS4-HMAC-SHA256&X-Amz-Credential=AKIASDVMRCD4TLKVRSCH%2F20250920%2Feu-west-2%2Fs3%2Faws4_request&X-Amz-Date=20250920T174010Z&X-Amz-Expires=360000&X-Amz-SignedHeaders=host&X-Amz-Signature=2baacabece94d0569bd8ea37226268290974b48a37048e2a17be9ec854037003
-e Current_Content/September_2025/0b75efa2-6c78-1014-a009-d6a5a4ab57dd.meca	biorxiv/unpacked/Current_Content/September_2025/0b75efa2-6c78-1014-a009-d6a5a4ab57dd/content/672665.pdf	https://biorxiv-copy.s3.eu-west-2.amazonaws.com/biorxiv/unpacked/Current_Content/September_2025/0b75efa2-6c78-1014-a009-d6a5a4ab57dd/content/672665.pdf?X-Amz-Algorithm=AWS4-HMAC-SHA256&X-Amz-Credential=AKIASDVMRCD4TLKVRSCH%2F20250920%2Feu-west-2%2Fs3%2Faws4_request&X-Amz-Date=20250920T174011Z&X-Amz-Expires=360000&X-Amz-SignedHeaders=host&X-Amz-Signature=30703521b7459d3ddbf9543710a2ad1acbbfd5ae4b91dfeed8ca38b48bff62ae
-e Current_Content/September_2025/0b88765d-6caa-1014-b733-e8458c1bc235.meca	biorxiv/unpacked/Current_Content/September_2025/0b88765d-6caa-1014-b733-e8458c1bc235/content/673025.pdf	https://biorxiv-copy.s3.eu-west-2.amazonaws.com/biorxiv/unpacked/Current_Content/September_2025/0b88765d-6caa-1014-b733-e8458c1bc235/content/673025.pdf?X-Amz-Algorithm=AWS4-HMAC-SHA256&X-Amz-Credential=AKIASDVMRCD4TLKVRSCH%2F20250920%2Feu-west-2%2Fs3%2Faws4_request&X-Amz-Date=20250920T174012Z&X-Amz-Expires=360000&X-Amz-SignedHeaders=host&X-Amz-Signature=e569bc9f514a7a928dd321619c0579faca28abebbc61070b1a530913767dc5d2
-e Current_Content/September_2025/0b90ca30-6f02-1014-bc50-c7c10ca7dd62.meca	biorxiv/unpacked/Current_Content/September_2025/0b90ca30-6f02-1014-bc50-c7c10ca7dd62/content/675458.pdf	https://biorxiv-copy.s3.eu-west-2.amazonaws.com/biorxiv/unpacked/Current_Content/September_2025/0b90ca30-6f02-1014-bc50-c7c10ca7dd62/content/675458.pdf?X-Amz-Algorithm=AWS4-HMAC-SHA256&X-Amz-Credential=AKIASDVMRCD4TLKVRSCH%2F20250920%2Feu-west-2%2Fs3%2Faws4_request&X-Amz-Date=20250920T174012Z&X-Amz-Expires=360000&X-Amz-SignedHeaders=host&X-Amz-Signature=512177bf52b7ee7b556c92b0cc548e3474cf91a043651ccd6052ec8564ee9b66
-e Current_Content/September_2025/0bca628c-7e99-1014-be05-c3b4858585b9.meca	biorxiv/unpacked/Current_Content/September_2025/0bca628c-7e99-1014-be05-c3b4858585b9/content/665116.pdf	https://biorxiv-copy.s3.eu-west-2.amazonaws.com/biorxiv/unpacked/Current_Content/September_2025/0bca628c-7e99-1014-be05-c3b4858585b9/content/665116.pdf?X-Amz-Algorithm=AWS4-HMAC-SHA256&X-Amz-Credential=AKIASDVMRCD4TLKVRSCH%2F20250920%2Feu-west-2%2Fs3%2Faws4_request&X-Amz-Date=20250920T174013Z&X-Amz-Expires=360000&X-Amz-SignedHeaders=host&X-Amz-Signature=05e603ff699d34c08ab8303423d0b16df5ecd04e35d8d4a8146ba1362cb37c00
-e Current_Content/September_2025/0bce5afc-7048-1014-a16d-eb27eb93c916.meca	biorxiv/unpacked/Current_Content/September_2025/0bce5afc-7048-1014-a16d-eb27eb93c916/content/676507.pdf	https://biorxiv-copy.s3.eu-west-2.amazonaws.com/biorxiv/unpacked/Current_Content/September_2025/0bce5afc-7048-1014-a16d-eb27eb93c916/content/676507.pdf?X-Amz-Algorithm=AWS4-HMAC-SHA256&X-Amz-Credential=AKIASDVMRCD4TLKVRSCH%2F20250920%2Feu-west-2%2Fs3%2Faws4_request&X-Amz-Date=20250920T174014Z&X-Amz-Expires=360000&X-Amz-SignedHeaders=host&X-Amz-Signature=44fc575203c408417154d2a62a212d3abea0256cfc5ca92bb14acfc269568126
-e Current_Content/September_2025/0be523d7-7002-1014-8e2c-8445f83a8c1c.meca	biorxiv/unpacked/Current_Content/September_2025/0be523d7-7002-1014-8e2c-8445f83a8c1c/content/supplements/675490_file02.pdf	https://biorxiv-copy.s3.eu-west-2.amazonaws.com/biorxiv/unpacked/Current_Content/September_2025/0be523d7-7002-1014-8e2c-8445f83a8c1c/content/supplements/675490_file02.pdf?X-Amz-Algorithm=AWS4-HMAC-SHA256&X-Amz-Credential=AKIASDVMRCD4TLKVRSCH%2F20250920%2Feu-west-2%2Fs3%2Faws4_request&X-Amz-Date=20250920T174015Z&X-Amz-Expires=360000&X-Amz-SignedHeaders=host&X-Amz-Signature=624b3800ab3ae2523d87de1c0099b3bc237282727a24547f8470844c8e8b2d84
-e Current_Content/September_2025/0bf91991-6c84-1014-87bd-cc6d3ce5c980.meca	biorxiv/unpacked/Current_Content/September_2025/0bf91991-6c84-1014-87bd-cc6d3ce5c980/content/supplements/672534_file02.pdf	https://biorxiv-copy.s3.eu-west-2.amazonaws.com/biorxiv/unpacked/Current_Content/September_2025/0bf91991-6c84-1014-87bd-cc6d3ce5c980/content/supplements/672534_file02.pdf?X-Amz-Algorithm=AWS4-HMAC-SHA256&X-Amz-Credential=AKIASDVMRCD4TLKVRSCH%2F20250920%2Feu-west-2%2Fs3%2Faws4_request&X-Amz-Date=20250920T174016Z&X-Amz-Expires=360000&X-Amz-SignedHeaders=host&X-Amz-Signature=f35ca7fd54430627cbb4a958a17c445f6661f84077fe5e064747298975e58a7e
-e Current_Content/September_2025/0c693bbd-7e98-1014-ba11-c16f970ab8b8.meca	biorxiv/unpacked/Current_Content/September_2025/0c693bbd-7e98-1014-ba11-c16f970ab8b8/content/675021.pdf	https://biorxiv-copy.s3.eu-west-2.amazonaws.com/biorxiv/unpacked/Current_Content/September_2025/0c693bbd-7e98-1014-ba11-c16f970ab8b8/content/675021.pdf?X-Amz-Algorithm=AWS4-HMAC-SHA256&X-Amz-Credential=AKIASDVMRCD4TLKVRSCH%2F20250920%2Feu-west-2%2Fs3%2Faws4_request&X-Amz-Date=20250920T174017Z&X-Amz-Expires=360000&X-Amz-SignedHeaders=host&X-Amz-Signature=1c62cfbac16572099940bd391d527dcbbef31c35ed7639ff2bcadbb7f1d305ff
-e Current_Content/September_2025/0c6a01e8-7e0f-1014-ba01-9c4dac6c9e38.meca	biorxiv/unpacked/Current_Content/September_2025/0c6a01e8-7e0f-1014-ba01-9c4dac6c9e38/content/674100.pdf	https://biorxiv-copy.s3.eu-west-2.amazonaws.com/biorxiv/unpacked/Current_Content/September_2025/0c6a01e8-7e0f-1014-ba01-9c4dac6c9e38/content/674100.pdf?X-Amz-Algorithm=AWS4-HMAC-SHA256&X-Amz-Credential=AKIASDVMRCD4TLKVRSCH%2F20250920%2Feu-west-2%2Fs3%2Faws4_request&X-Amz-Date=20250920T174018Z&X-Amz-Expires=360000&X-Amz-SignedHeaders=host&X-Amz-Signature=d6feea7f60cc5117e5dd939274a1812f8a09f940f59a4f30f188411c7e6e43be
-e Current_Content/September_2025/0c8478aa-6d72-1014-9ec7-d69c5fbaa3e0.meca	biorxiv/unpacked/Current_Content/September_2025/0c8478aa-6d72-1014-9ec7-d69c5fbaa3e0/content/674759.pdf	https://biorxiv-copy.s3.eu-west-2.amazonaws.com/biorxiv/unpacked/Current_Content/September_2025/0c8478aa-6d72-1014-9ec7-d69c5fbaa3e0/content/674759.pdf?X-Amz-Algorithm=AWS4-HMAC-SHA256&X-Amz-Credential=AKIASDVMRCD4TLKVRSCH%2F20250920%2Feu-west-2%2Fs3%2Faws4_request&X-Amz-Date=20250920T174019Z&X-Amz-Expires=360000&X-Amz-SignedHeaders=host&X-Amz-Signature=91bd69d361e3772e92c76f9856e6953de80465b46a8396ae7597cfb36f9a7e19
-e Current_Content/September_2025/0c8fcdb8-7734-1014-9f36-b33cfe3367a2.meca	biorxiv/unpacked/Current_Content/September_2025/0c8fcdb8-7734-1014-9f36-b33cfe3367a2/content/672721.pdf	https://biorxiv-copy.s3.eu-west-2.amazonaws.com/biorxiv/unpacked/Current_Content/September_2025/0c8fcdb8-7734-1014-9f36-b33cfe3367a2/content/672721.pdf?X-Amz-Algorithm=AWS4-HMAC-SHA256&X-Amz-Credential=AKIASDVMRCD4TLKVRSCH%2F20250920%2Feu-west-2%2Fs3%2Faws4_request&X-Amz-Date=20250920T174020Z&X-Amz-Expires=360000&X-Amz-SignedHeaders=host&X-Amz-Signature=81e982ad4c64675ff404862c35a63f973cbb48583768012a01f356f55f3494e1
-e Current_Content/September_2025/0c9d713b-7c89-1014-8211-caa6d4ca41de.meca	biorxiv/unpacked/Current_Content/September_2025/0c9d713b-7c89-1014-8211-caa6d4ca41de/content/674214.pdf	https://biorxiv-copy.s3.eu-west-2.amazonaws.com/biorxiv/unpacked/Current_Content/September_2025/0c9d713b-7c89-1014-8211-caa6d4ca41de/content/674214.pdf?X-Amz-Algorithm=AWS4-HMAC-SHA256&X-Amz-Credential=AKIASDVMRCD4TLKVRSCH%2F20250920%2Feu-west-2%2Fs3%2Faws4_request&X-Amz-Date=20250920T174021Z&X-Amz-Expires=360000&X-Amz-SignedHeaders=host&X-Amz-Signature=56ab67459f9d7d435734bc8a38ffcf6cc99769b7c1c0fa4783dee2dc685550fb
-e Current_Content/September_2025/0c9f1e8f-7001-1014-8325-de6b804d5c77.meca	biorxiv/unpacked/Current_Content/September_2025/0c9f1e8f-7001-1014-8325-de6b804d5c77/content/629682.pdf	https://biorxiv-copy.s3.eu-west-2.amazonaws.com/biorxiv/unpacked/Current_Content/September_2025/0c9f1e8f-7001-1014-8325-de6b804d5c77/content/629682.pdf?X-Amz-Algorithm=AWS4-HMAC-SHA256&X-Amz-Credential=AKIASDVMRCD4TLKVRSCH%2F20250920%2Feu-west-2%2Fs3%2Faws4_request&X-Amz-Date=20250920T174023Z&X-Amz-Expires=360000&X-Amz-SignedHeaders=host&X-Amz-Signature=47ff26f1980719f49680991e3663a7894cd51fdb9b140761c9ca1ce0095a63dc
-e Current_Content/September_2025/0cadae78-7dd2-1014-94cf-e8938c601be5.meca	biorxiv/unpacked/Current_Content/September_2025/0cadae78-7dd2-1014-94cf-e8938c601be5/content/674892.pdf	https://biorxiv-copy.s3.eu-west-2.amazonaws.com/biorxiv/unpacked/Current_Content/September_2025/0cadae78-7dd2-1014-94cf-e8938c601be5/content/674892.pdf?X-Amz-Algorithm=AWS4-HMAC-SHA256&X-Amz-Credential=AKIASDVMRCD4TLKVRSCH%2F20250920%2Feu-west-2%2Fs3%2Faws4_request&X-Amz-Date=20250920T174024Z&X-Amz-Expires=360000&X-Amz-SignedHeaders=host&X-Amz-Signature=fdb5b68a3e7d5bf6d681cb93b20e3d1f94fcd669e26d8664296698a170a5fead
-e Current_Content/September_2025/0cc54b90-6e65-1014-bb06-d33caf00a271.meca	biorxiv/unpacked/Current_Content/September_2025/0cc54b90-6e65-1014-bb06-d33caf00a271/content/675324.pdf	https://biorxiv-copy.s3.eu-west-2.amazonaws.com/biorxiv/unpacked/Current_Content/September_2025/0cc54b90-6e65-1014-bb06-d33caf00a271/content/675324.pdf?X-Amz-Algorithm=AWS4-HMAC-SHA256&X-Amz-Credential=AKIASDVMRCD4TLKVRSCH%2F20250920%2Feu-west-2%2Fs3%2Faws4_request&X-Amz-Date=20250920T174025Z&X-Amz-Expires=360000&X-Amz-SignedHeaders=host&X-Amz-Signature=677d2616e3ab4311d1fc357db42218817d1fce4c6571b7bf3f38c255707c4ee0
-e Current_Content/September_2025/0ccfd355-7bed-1014-b7f9-e83ac178fe42.meca	biorxiv/unpacked/Current_Content/September_2025/0ccfd355-7bed-1014-b7f9-e83ac178fe42/content/644937.pdf	https://biorxiv-copy.s3.eu-west-2.amazonaws.com/biorxiv/unpacked/Current_Content/September_2025/0ccfd355-7bed-1014-b7f9-e83ac178fe42/content/644937.pdf?X-Amz-Algorithm=AWS4-HMAC-SHA256&X-Amz-Credential=AKIASDVMRCD4TLKVRSCH%2F20250920%2Feu-west-2%2Fs3%2Faws4_request&X-Amz-Date=20250920T174027Z&X-Amz-Expires=360000&X-Amz-SignedHeaders=host&X-Amz-Signature=0654c294b544d285b57cbc16f3167f147e798f6dc444ffb003802a18b2a4a435
-e Current_Content/September_2025/0ce22da9-6ca6-1014-88b7-c102ee8dce5a.meca	biorxiv/unpacked/Current_Content/September_2025/0ce22da9-6ca6-1014-88b7-c102ee8dce5a/content/672799.pdf	https://biorxiv-copy.s3.eu-west-2.amazonaws.com/biorxiv/unpacked/Current_Content/September_2025/0ce22da9-6ca6-1014-88b7-c102ee8dce5a/content/672799.pdf?X-Amz-Algorithm=AWS4-HMAC-SHA256&X-Amz-Credential=AKIASDVMRCD4TLKVRSCH%2F20250920%2Feu-west-2%2Fs3%2Faws4_request&X-Amz-Date=20250920T174027Z&X-Amz-Expires=360000&X-Amz-SignedHeaders=host&X-Amz-Signature=c8659e80da278571de5365a83481c13cd380decef1b183009a956b0d32feb378
-e Current_Content/September_2025/0d132ffd-6f35-1014-b0be-8a84e19caae9.meca	biorxiv/unpacked/Current_Content/September_2025/0d132ffd-6f35-1014-b0be-8a84e19caae9/content/602611.pdf	https://biorxiv-copy.s3.eu-west-2.amazonaws.com/biorxiv/unpacked/Current_Content/September_2025/0d132ffd-6f35-1014-b0be-8a84e19caae9/content/602611.pdf?X-Amz-Algorithm=AWS4-HMAC-SHA256&X-Amz-Credential=AKIASDVMRCD4TLKVRSCH%2F20250920%2Feu-west-2%2Fs3%2Faws4_request&X-Amz-Date=20250920T174028Z&X-Amz-Expires=360000&X-Amz-SignedHeaders=host&X-Amz-Signature=7af3992c2f800aa3959fea22d428833868c531ecd44d9c4aa45ef5bb69b1f621
-e Current_Content/September_2025/0d20c4c8-70f0-1014-ab3d-88d8d0c4b3e5.meca	biorxiv/unpacked/Current_Content/September_2025/0d20c4c8-70f0-1014-ab3d-88d8d0c4b3e5/content/659742.pdf	https://biorxiv-copy.s3.eu-west-2.amazonaws.com/biorxiv/unpacked/Current_Content/September_2025/0d20c4c8-70f0-1014-ab3d-88d8d0c4b3e5/content/659742.pdf?X-Amz-Algorithm=AWS4-HMAC-SHA256&X-Amz-Credential=AKIASDVMRCD4TLKVRSCH%2F20250920%2Feu-west-2%2Fs3%2Faws4_request&X-Amz-Date=20250920T174029Z&X-Amz-Expires=360000&X-Amz-SignedHeaders=host&X-Amz-Signature=f7676826417e6f620c678e68ba82b273cff3606ad7e694bac5003f5346be3a6c
-e Current_Content/September_2025/0d2ce29c-6df0-1014-bd1c-d402919d6d51.meca	biorxiv/unpacked/Current_Content/September_2025/0d2ce29c-6df0-1014-bd1c-d402919d6d51/content/673975.pdf	https://biorxiv-copy.s3.eu-west-2.amazonaws.com/biorxiv/unpacked/Current_Content/September_2025/0d2ce29c-6df0-1014-bd1c-d402919d6d51/content/673975.pdf?X-Amz-Algorithm=AWS4-HMAC-SHA256&X-Amz-Credential=AKIASDVMRCD4TLKVRSCH%2F20250920%2Feu-west-2%2Fs3%2Faws4_request&X-Amz-Date=20250920T174030Z&X-Amz-Expires=360000&X-Amz-SignedHeaders=host&X-Amz-Signature=047e896e351b5eefbf363f49ed7a23c3d46b376f7449dc9c6d552984aa0a082c
-e Current_Content/September_2025/0d55d2ee-70ce-1014-80f3-8e29026eb867.meca	biorxiv/unpacked/Current_Content/September_2025/0d55d2ee-70ce-1014-80f3-8e29026eb867/content/675658.pdf	https://biorxiv-copy.s3.eu-west-2.amazonaws.com/biorxiv/unpacked/Current_Content/September_2025/0d55d2ee-70ce-1014-80f3-8e29026eb867/content/675658.pdf?X-Amz-Algorithm=AWS4-HMAC-SHA256&X-Amz-Credential=AKIASDVMRCD4TLKVRSCH%2F20250920%2Feu-west-2%2Fs3%2Faws4_request&X-Amz-Date=20250920T174031Z&X-Amz-Expires=360000&X-Amz-SignedHeaders=host&X-Amz-Signature=57f16e87cd1e9310353fca06afc3d469c7fcc5bf421ca68c4fa6e3d34d812339
-e Current_Content/September_2025/0d566669-7c3e-1014-8700-f9f41e8bb14f.meca	biorxiv/unpacked/Current_Content/September_2025/0d566669-7c3e-1014-8700-f9f41e8bb14f/content/674196.pdf	https://biorxiv-copy.s3.eu-west-2.amazonaws.com/biorxiv/unpacked/Current_Content/September_2025/0d566669-7c3e-1014-8700-f9f41e8bb14f/content/674196.pdf?X-Amz-Algorithm=AWS4-HMAC-SHA256&X-Amz-Credential=AKIASDVMRCD4TLKVRSCH%2F20250920%2Feu-west-2%2Fs3%2Faws4_request&X-Amz-Date=20250920T174032Z&X-Amz-Expires=360000&X-Amz-SignedHeaders=host&X-Amz-Signature=1c55331172f87b5a28e252df110c0bf7174097cef8d97b05f9e7aa7d46a10299
-e Current_Content/September_2025/0d741760-778a-1014-9d02-8c0383158b5a.meca	biorxiv/unpacked/Current_Content/September_2025/0d741760-778a-1014-9d02-8c0383158b5a/content/631802.pdf	https://biorxiv-copy.s3.eu-west-2.amazonaws.com/biorxiv/unpacked/Current_Content/September_2025/0d741760-778a-1014-9d02-8c0383158b5a/content/631802.pdf?X-Amz-Algorithm=AWS4-HMAC-SHA256&X-Amz-Credential=AKIASDVMRCD4TLKVRSCH%2F20250920%2Feu-west-2%2Fs3%2Faws4_request&X-Amz-Date=20250920T174033Z&X-Amz-Expires=360000&X-Amz-SignedHeaders=host&X-Amz-Signature=d10f8b7980c6467f9b14c179992e0f2d9be0105fdd26cca0176dbc96f4d1731b
-e Current_Content/September_2025/0d96a84d-778c-1014-80f6-d603de9ad6c8.meca	biorxiv/unpacked/Current_Content/September_2025/0d96a84d-778c-1014-80f6-d603de9ad6c8/content/supplements/672630_file02.pdf	https://biorxiv-copy.s3.eu-west-2.amazonaws.com/biorxiv/unpacked/Current_Content/September_2025/0d96a84d-778c-1014-80f6-d603de9ad6c8/content/supplements/672630_file02.pdf?X-Amz-Algorithm=AWS4-HMAC-SHA256&X-Amz-Credential=AKIASDVMRCD4TLKVRSCH%2F20250920%2Feu-west-2%2Fs3%2Faws4_request&X-Amz-Date=20250920T174034Z&X-Amz-Expires=360000&X-Amz-SignedHeaders=host&X-Amz-Signature=836640f4af011d1ccac7f2b0a56852fa6c19badcd02a24ad21e331576aafe74f
-e Current_Content/September_2025/0d9c4341-709c-1014-89ca-c89dd2cf064a.meca	biorxiv/unpacked/Current_Content/September_2025/0d9c4341-709c-1014-89ca-c89dd2cf064a/content/supplements/675751_file02.pdf	https://biorxiv-copy.s3.eu-west-2.amazonaws.com/biorxiv/unpacked/Current_Content/September_2025/0d9c4341-709c-1014-89ca-c89dd2cf064a/content/supplements/675751_file02.pdf?X-Amz-Algorithm=AWS4-HMAC-SHA256&X-Amz-Credential=AKIASDVMRCD4TLKVRSCH%2F20250920%2Feu-west-2%2Fs3%2Faws4_request&X-Amz-Date=20250920T174035Z&X-Amz-Expires=360000&X-Amz-SignedHeaders=host&X-Amz-Signature=467ed9c20db95e71f959e181347b95ae1ff8a03b9625dab7e562e15ab72d6ca1
-e Current_Content/September_2025/0da0629c-7d3f-1014-8409-8afbf08bf3c4.meca	biorxiv/unpacked/Current_Content/September_2025/0da0629c-7d3f-1014-8409-8afbf08bf3c4/content/674414.pdf	https://biorxiv-copy.s3.eu-west-2.amazonaws.com/biorxiv/unpacked/Current_Content/September_2025/0da0629c-7d3f-1014-8409-8afbf08bf3c4/content/674414.pdf?X-Amz-Algorithm=AWS4-HMAC-SHA256&X-Amz-Credential=AKIASDVMRCD4TLKVRSCH%2F20250920%2Feu-west-2%2Fs3%2Faws4_request&X-Amz-Date=20250920T174036Z&X-Amz-Expires=360000&X-Amz-SignedHeaders=host&X-Amz-Signature=c5836b8ca37c78dcd66bf172dd22d979dc6520fa9404ae46fd9bd5bc0f6fd26b
-e Current_Content/September_2025/0da5ac51-6fc8-1014-983a-8cacd02f1743.meca	biorxiv/unpacked/Current_Content/September_2025/0da5ac51-6fc8-1014-983a-8cacd02f1743/content/601498.pdf	https://biorxiv-copy.s3.eu-west-2.amazonaws.com/biorxiv/unpacked/Current_Content/September_2025/0da5ac51-6fc8-1014-983a-8cacd02f1743/content/601498.pdf?X-Amz-Algorithm=AWS4-HMAC-SHA256&X-Amz-Credential=AKIASDVMRCD4TLKVRSCH%2F20250920%2Feu-west-2%2Fs3%2Faws4_request&X-Amz-Date=20250920T174037Z&X-Amz-Expires=360000&X-Amz-SignedHeaders=host&X-Amz-Signature=4128009644921067b9267835210ec921227deede21ef1adaaf034c4ca4c16da2
-e Current_Content/September_2025/0db14115-6d61-1014-b432-ac5881075352.meca	biorxiv/unpacked/Current_Content/September_2025/0db14115-6d61-1014-b432-ac5881075352/content/674556.pdf	https://biorxiv-copy.s3.eu-west-2.amazonaws.com/biorxiv/unpacked/Current_Content/September_2025/0db14115-6d61-1014-b432-ac5881075352/content/674556.pdf?X-Amz-Algorithm=AWS4-HMAC-SHA256&X-Amz-Credential=AKIASDVMRCD4TLKVRSCH%2F20250920%2Feu-west-2%2Fs3%2Faws4_request&X-Amz-Date=20250920T174038Z&X-Amz-Expires=360000&X-Amz-SignedHeaders=host&X-Amz-Signature=b8effc49e11f542adf7ac06d006a2e116f6ced85ea321e33439aa708479b7595
-e Current_Content/September_2025/0db7b5f4-6f49-1014-bb33-fa3f8b0f4a65.meca	biorxiv/unpacked/Current_Content/September_2025/0db7b5f4-6f49-1014-bb33-fa3f8b0f4a65/content/supplements/676066_file02.pdf	https://biorxiv-copy.s3.eu-west-2.amazonaws.com/biorxiv/unpacked/Current_Content/September_2025/0db7b5f4-6f49-1014-bb33-fa3f8b0f4a65/content/supplements/676066_file02.pdf?X-Amz-Algorithm=AWS4-HMAC-SHA256&X-Amz-Credential=AKIASDVMRCD4TLKVRSCH%2F20250920%2Feu-west-2%2Fs3%2Faws4_request&X-Amz-Date=20250920T174039Z&X-Amz-Expires=360000&X-Amz-SignedHeaders=host&X-Amz-Signature=efcfaf4b6bbc295bffa3071846bd41099c1b2be23eebc24e2a953d02e41bd853
-e Current_Content/September_2025/0dbbe694-7aab-1014-8655-de69365dcb21.meca	biorxiv/unpacked/Current_Content/September_2025/0dbbe694-7aab-1014-8655-de69365dcb21/content/supplements/670777_file03.pdf	https://biorxiv-copy.s3.eu-west-2.amazonaws.com/biorxiv/unpacked/Current_Content/September_2025/0dbbe694-7aab-1014-8655-de69365dcb21/content/supplements/670777_file03.pdf?X-Amz-Algorithm=AWS4-HMAC-SHA256&X-Amz-Credential=AKIASDVMRCD4TLKVRSCH%2F20250920%2Feu-west-2%2Fs3%2Faws4_request&X-Amz-Date=20250920T174040Z&X-Amz-Expires=360000&X-Amz-SignedHeaders=host&X-Amz-Signature=772cff7e19ef701b7f740e7504b9c1b7357d239018d9bb8bc1c54a8f914e41fb
-e Current_Content/September_2025/0dcbdda2-7d06-1014-ba87-935e54d6bb46.meca	biorxiv/unpacked/Current_Content/September_2025/0dcbdda2-7d06-1014-ba87-935e54d6bb46/content/674541.pdf	https://biorxiv-copy.s3.eu-west-2.amazonaws.com/biorxiv/unpacked/Current_Content/September_2025/0dcbdda2-7d06-1014-ba87-935e54d6bb46/content/674541.pdf?X-Amz-Algorithm=AWS4-HMAC-SHA256&X-Amz-Credential=AKIASDVMRCD4TLKVRSCH%2F20250920%2Feu-west-2%2Fs3%2Faws4_request&X-Amz-Date=20250920T174041Z&X-Amz-Expires=360000&X-Amz-SignedHeaders=host&X-Amz-Signature=6067f72a7bdcde5c497c4d66c1c37cbca853686d25eaba55110bf5c903a41162
-e Current_Content/September_2025/0dd432f4-7bed-1014-b220-e90790141bb7.meca	biorxiv/unpacked/Current_Content/September_2025/0dd432f4-7bed-1014-b220-e90790141bb7/content/supplements/672741_file03.pdf	https://biorxiv-copy.s3.eu-west-2.amazonaws.com/biorxiv/unpacked/Current_Content/September_2025/0dd432f4-7bed-1014-b220-e90790141bb7/content/supplements/672741_file03.pdf?X-Amz-Algorithm=AWS4-HMAC-SHA256&X-Amz-Credential=AKIASDVMRCD4TLKVRSCH%2F20250920%2Feu-west-2%2Fs3%2Faws4_request&X-Amz-Date=20250920T174042Z&X-Amz-Expires=360000&X-Amz-SignedHeaders=host&X-Amz-Signature=c95a9a605b492f317a7353a87783b25711c047386d2290ea18fe3c890b8c5a4d
-e Current_Content/September_2025/0dd90e85-6eff-1014-821b-f9168a773735.meca	biorxiv/unpacked/Current_Content/September_2025/0dd90e85-6eff-1014-821b-f9168a773735/content/673503.pdf	https://biorxiv-copy.s3.eu-west-2.amazonaws.com/biorxiv/unpacked/Current_Content/September_2025/0dd90e85-6eff-1014-821b-f9168a773735/content/673503.pdf?X-Amz-Algorithm=AWS4-HMAC-SHA256&X-Amz-Credential=AKIASDVMRCD4TLKVRSCH%2F20250920%2Feu-west-2%2Fs3%2Faws4_request&X-Amz-Date=20250920T174043Z&X-Amz-Expires=360000&X-Amz-SignedHeaders=host&X-Amz-Signature=14caa646a76448bc8258bf814eb614d5b69249c3b248a838524bfd1c548bc442
-e Current_Content/September_2025/0dde80e7-7b10-1014-8b3e-f87026bc0c46.meca	biorxiv/unpacked/Current_Content/September_2025/0dde80e7-7b10-1014-8b3e-f87026bc0c46/content/supplements/673502_file02.pdf	https://biorxiv-copy.s3.eu-west-2.amazonaws.com/biorxiv/unpacked/Current_Content/September_2025/0dde80e7-7b10-1014-8b3e-f87026bc0c46/content/supplements/673502_file02.pdf?X-Amz-Algorithm=AWS4-HMAC-SHA256&X-Amz-Credential=AKIASDVMRCD4TLKVRSCH%2F20250920%2Feu-west-2%2Fs3%2Faws4_request&X-Amz-Date=20250920T174045Z&X-Amz-Expires=360000&X-Amz-SignedHeaders=host&X-Amz-Signature=e1bf44e1f6673c99ef5ec904eeed32c87e6f8b63521f7b882dac4dbb9790c5a0
-e Current_Content/September_2025/0de8dccc-7ac8-1014-9c2c-b387b561d220.meca	biorxiv/unpacked/Current_Content/September_2025/0de8dccc-7ac8-1014-9c2c-b387b561d220/content/supplements/673708_file03.pdf	https://biorxiv-copy.s3.eu-west-2.amazonaws.com/biorxiv/unpacked/Current_Content/September_2025/0de8dccc-7ac8-1014-9c2c-b387b561d220/content/supplements/673708_file03.pdf?X-Amz-Algorithm=AWS4-HMAC-SHA256&X-Amz-Credential=AKIASDVMRCD4TLKVRSCH%2F20250920%2Feu-west-2%2Fs3%2Faws4_request&X-Amz-Date=20250920T174046Z&X-Amz-Expires=360000&X-Amz-SignedHeaders=host&X-Amz-Signature=3b0dea8ccda8fc3a8a4607c5dcb4d282a08a3a4c7dee60d17b64f7a180516b48
-e Current_Content/September_2025/0df2afbb-7ca4-1014-9391-e72e18124028.meca	biorxiv/unpacked/Current_Content/September_2025/0df2afbb-7ca4-1014-9391-e72e18124028/content/supplements/674342_file02.pdf	https://biorxiv-copy.s3.eu-west-2.amazonaws.com/biorxiv/unpacked/Current_Content/September_2025/0df2afbb-7ca4-1014-9391-e72e18124028/content/supplements/674342_file02.pdf?X-Amz-Algorithm=AWS4-HMAC-SHA256&X-Amz-Credential=AKIASDVMRCD4TLKVRSCH%2F20250920%2Feu-west-2%2Fs3%2Faws4_request&X-Amz-Date=20250920T174047Z&X-Amz-Expires=360000&X-Amz-SignedHeaders=host&X-Amz-Signature=0acc5e0e7f8529c7bf597b0701186ce121a8ef9049d6e6eed2540070ed2c03af
-e Current_Content/September_2025/0df6435a-6d61-1014-a9b3-ad5328c33557.meca	biorxiv/unpacked/Current_Content/September_2025/0df6435a-6d61-1014-a9b3-ad5328c33557/content/558900.pdf	https://biorxiv-copy.s3.eu-west-2.amazonaws.com/biorxiv/unpacked/Current_Content/September_2025/0df6435a-6d61-1014-a9b3-ad5328c33557/content/558900.pdf?X-Amz-Algorithm=AWS4-HMAC-SHA256&X-Amz-Credential=AKIASDVMRCD4TLKVRSCH%2F20250920%2Feu-west-2%2Fs3%2Faws4_request&X-Amz-Date=20250920T174048Z&X-Amz-Expires=360000&X-Amz-SignedHeaders=host&X-Amz-Signature=76e8c03cf0582559abe5f68c557cc5d9ba1245205b69d0b71e20b723673762db
-e Current_Content/September_2025/0e0a1a7f-7d22-1014-b011-c0a19397a86f.meca	biorxiv/unpacked/Current_Content/September_2025/0e0a1a7f-7d22-1014-b011-c0a19397a86f/content/673896.pdf	https://biorxiv-copy.s3.eu-west-2.amazonaws.com/biorxiv/unpacked/Current_Content/September_2025/0e0a1a7f-7d22-1014-b011-c0a19397a86f/content/673896.pdf?X-Amz-Algorithm=AWS4-HMAC-SHA256&X-Amz-Credential=AKIASDVMRCD4TLKVRSCH%2F20250920%2Feu-west-2%2Fs3%2Faws4_request&X-Amz-Date=20250920T174049Z&X-Amz-Expires=360000&X-Amz-SignedHeaders=host&X-Amz-Signature=78dfc6073d61644e39a3ac515a0f802e002575562fd82cd213eb46c401468c38
-e Current_Content/September_2025/0e1a5836-6f5c-1014-b4b4-f110c76f187a.meca	biorxiv/unpacked/Current_Content/September_2025/0e1a5836-6f5c-1014-b4b4-f110c76f187a/content/675443.pdf	https://biorxiv-copy.s3.eu-west-2.amazonaws.com/biorxiv/unpacked/Current_Content/September_2025/0e1a5836-6f5c-1014-b4b4-f110c76f187a/content/675443.pdf?X-Amz-Algorithm=AWS4-HMAC-SHA256&X-Amz-Credential=AKIASDVMRCD4TLKVRSCH%2F20250920%2Feu-west-2%2Fs3%2Faws4_request&X-Amz-Date=20250920T174050Z&X-Amz-Expires=360000&X-Amz-SignedHeaders=host&X-Amz-Signature=43b1153e490538d5c53348b559d3fa5bc4201b383789af82ad7bfefe12d9326c
-e Current_Content/September_2025/0e310929-6c78-1014-8cbb-81219c5caa7e.meca	biorxiv/unpacked/Current_Content/September_2025/0e310929-6c78-1014-8cbb-81219c5caa7e/content/672675.pdf	https://biorxiv-copy.s3.eu-west-2.amazonaws.com/biorxiv/unpacked/Current_Content/September_2025/0e310929-6c78-1014-8cbb-81219c5caa7e/content/672675.pdf?X-Amz-Algorithm=AWS4-HMAC-SHA256&X-Amz-Credential=AKIASDVMRCD4TLKVRSCH%2F20250920%2Feu-west-2%2Fs3%2Faws4_request&X-Amz-Date=20250920T174051Z&X-Amz-Expires=360000&X-Amz-SignedHeaders=host&X-Amz-Signature=30eda2f21145dfd1b5d392d691b01fb88f18a5849785a0853b2beaca2ad9e7e6
-e Current_Content/September_2025/0e40584c-7aab-1014-b4a7-86b762991238.meca	biorxiv/unpacked/Current_Content/September_2025/0e40584c-7aab-1014-b4a7-86b762991238/content/673055.pdf	https://biorxiv-copy.s3.eu-west-2.amazonaws.com/biorxiv/unpacked/Current_Content/September_2025/0e40584c-7aab-1014-b4a7-86b762991238/content/673055.pdf?X-Amz-Algorithm=AWS4-HMAC-SHA256&X-Amz-Credential=AKIASDVMRCD4TLKVRSCH%2F20250920%2Feu-west-2%2Fs3%2Faws4_request&X-Amz-Date=20250920T174052Z&X-Amz-Expires=360000&X-Amz-SignedHeaders=host&X-Amz-Signature=c901ccc917fa7ade13fbf7ffc8d89c81188577cf72bc7cf224108c10816c12fe
-e Current_Content/September_2025/0e4ac58f-7002-1014-83ee-bf28c78afa03.meca	biorxiv/unpacked/Current_Content/September_2025/0e4ac58f-7002-1014-83ee-bf28c78afa03/content/675494.pdf	https://biorxiv-copy.s3.eu-west-2.amazonaws.com/biorxiv/unpacked/Current_Content/September_2025/0e4ac58f-7002-1014-83ee-bf28c78afa03/content/675494.pdf?X-Amz-Algorithm=AWS4-HMAC-SHA256&X-Amz-Credential=AKIASDVMRCD4TLKVRSCH%2F20250920%2Feu-west-2%2Fs3%2Faws4_request&X-Amz-Date=20250920T174053Z&X-Amz-Expires=360000&X-Amz-SignedHeaders=host&X-Amz-Signature=d6b585bbff3bfc6679717d2561980cb1487d3172d10a04a2abd308a4ed8c23b7
-e Current_Content/September_2025/0e598d41-7bbe-1014-9f40-8da1c6e537e7.meca	biorxiv/unpacked/Current_Content/September_2025/0e598d41-7bbe-1014-9f40-8da1c6e537e7/content/supplements/463886_file03.pdf	https://biorxiv-copy.s3.eu-west-2.amazonaws.com/biorxiv/unpacked/Current_Content/September_2025/0e598d41-7bbe-1014-9f40-8da1c6e537e7/content/supplements/463886_file03.pdf?X-Amz-Algorithm=AWS4-HMAC-SHA256&X-Amz-Credential=AKIASDVMRCD4TLKVRSCH%2F20250920%2Feu-west-2%2Fs3%2Faws4_request&X-Amz-Date=20250920T174054Z&X-Amz-Expires=360000&X-Amz-SignedHeaders=host&X-Amz-Signature=5a7d962e1168d76ec18dbfcc857391918490f5ea1b426cb559c8ea5ba1753e54
-e Current_Content/September_2025/0e6822fc-70f1-1014-a685-a33640d25413.meca	biorxiv/unpacked/Current_Content/September_2025/0e6822fc-70f1-1014-a685-a33640d25413/content/675835.pdf	https://biorxiv-copy.s3.eu-west-2.amazonaws.com/biorxiv/unpacked/Current_Content/September_2025/0e6822fc-70f1-1014-a685-a33640d25413/content/675835.pdf?X-Amz-Algorithm=AWS4-HMAC-SHA256&X-Amz-Credential=AKIASDVMRCD4TLKVRSCH%2F20250920%2Feu-west-2%2Fs3%2Faws4_request&X-Amz-Date=20250920T174055Z&X-Amz-Expires=360000&X-Amz-SignedHeaders=host&X-Amz-Signature=6454d887c71fb6333511b4b5050a359011e15ac8f36c6430d6f2c22a21c4c085
-e Current_Content/September_2025/0e7be125-6c84-1014-97a9-ccf46a7f9857.meca	biorxiv/unpacked/Current_Content/September_2025/0e7be125-6c84-1014-97a9-ccf46a7f9857/content/supplements/672670_file02.pdf	https://biorxiv-copy.s3.eu-west-2.amazonaws.com/biorxiv/unpacked/Current_Content/September_2025/0e7be125-6c84-1014-97a9-ccf46a7f9857/content/supplements/672670_file02.pdf?X-Amz-Algorithm=AWS4-HMAC-SHA256&X-Amz-Credential=AKIASDVMRCD4TLKVRSCH%2F20250920%2Feu-west-2%2Fs3%2Faws4_request&X-Amz-Date=20250920T174056Z&X-Amz-Expires=360000&X-Amz-SignedHeaders=host&X-Amz-Signature=e34a23fc6cf355ca549333c1d2fa8cfe8021e58ce960ebcf537abee28573ead1
-e Current_Content/September_2025/0e896566-7964-1014-9f06-f177b7c26446.meca	biorxiv/unpacked/Current_Content/September_2025/0e896566-7964-1014-9f06-f177b7c26446/content/631041.pdf	https://biorxiv-copy.s3.eu-west-2.amazonaws.com/biorxiv/unpacked/Current_Content/September_2025/0e896566-7964-1014-9f06-f177b7c26446/content/631041.pdf?X-Amz-Algorithm=AWS4-HMAC-SHA256&X-Amz-Credential=AKIASDVMRCD4TLKVRSCH%2F20250920%2Feu-west-2%2Fs3%2Faws4_request&X-Amz-Date=20250920T174057Z&X-Amz-Expires=360000&X-Amz-SignedHeaders=host&X-Amz-Signature=b6bafc256b20884f17557f81da01e314fb815220249c67038a22dc22ae80d362
-e Current_Content/September_2025/0ea346cb-7048-1014-a5d3-d23c8828e500.meca	biorxiv/unpacked/Current_Content/September_2025/0ea346cb-7048-1014-a5d3-d23c8828e500/content/supplements/676535_file02.pdf	https://biorxiv-copy.s3.eu-west-2.amazonaws.com/biorxiv/unpacked/Current_Content/September_2025/0ea346cb-7048-1014-a5d3-d23c8828e500/content/supplements/676535_file02.pdf?X-Amz-Algorithm=AWS4-HMAC-SHA256&X-Amz-Credential=AKIASDVMRCD4TLKVRSCH%2F20250920%2Feu-west-2%2Fs3%2Faws4_request&X-Amz-Date=20250920T174057Z&X-Amz-Expires=360000&X-Amz-SignedHeaders=host&X-Amz-Signature=019c6c8e7a7110dd66b388590a15ab6ef9fb1f60b86ddf30c416313a5c8677be
-e Current_Content/September_2025/0ea4ce63-7175-1014-9c3d-96c5a1839a22.meca	biorxiv/unpacked/Current_Content/September_2025/0ea4ce63-7175-1014-9c3d-96c5a1839a22/content/676273.pdf	https://biorxiv-copy.s3.eu-west-2.amazonaws.com/biorxiv/unpacked/Current_Content/September_2025/0ea4ce63-7175-1014-9c3d-96c5a1839a22/content/676273.pdf?X-Amz-Algorithm=AWS4-HMAC-SHA256&X-Amz-Credential=AKIASDVMRCD4TLKVRSCH%2F20250920%2Feu-west-2%2Fs3%2Faws4_request&X-Amz-Date=20250920T174058Z&X-Amz-Expires=360000&X-Amz-SignedHeaders=host&X-Amz-Signature=13fa32cac20d04fac862bdd8759459b0f08df8e69f27a68f74e9a3fb85a96e23
-e Current_Content/September_2025/0eaaf634-7856-1014-9e71-8b96d1f82d28.meca	biorxiv/unpacked/Current_Content/September_2025/0eaaf634-7856-1014-9e71-8b96d1f82d28/content/673664.pdf	https://biorxiv-copy.s3.eu-west-2.amazonaws.com/biorxiv/unpacked/Current_Content/September_2025/0eaaf634-7856-1014-9e71-8b96d1f82d28/content/673664.pdf?X-Amz-Algorithm=AWS4-HMAC-SHA256&X-Amz-Credential=AKIASDVMRCD4TLKVRSCH%2F20250920%2Feu-west-2%2Fs3%2Faws4_request&X-Amz-Date=20250920T174100Z&X-Amz-Expires=360000&X-Amz-SignedHeaders=host&X-Amz-Signature=8bb053f6973f3bc4fd96607971d3a34a78776b9b7df3b891b00f51098a6bb4ff
-e Current_Content/September_2025/0eb07cc3-6e49-1014-9f1c-9ef24c867009.meca	biorxiv/unpacked/Current_Content/September_2025/0eb07cc3-6e49-1014-9f1c-9ef24c867009/content/supplements/675329_file02.pdf	https://biorxiv-copy.s3.eu-west-2.amazonaws.com/biorxiv/unpacked/Current_Content/September_2025/0eb07cc3-6e49-1014-9f1c-9ef24c867009/content/supplements/675329_file02.pdf?X-Amz-Algorithm=AWS4-HMAC-SHA256&X-Amz-Credential=AKIASDVMRCD4TLKVRSCH%2F20250920%2Feu-west-2%2Fs3%2Faws4_request&X-Amz-Date=20250920T174101Z&X-Amz-Expires=360000&X-Amz-SignedHeaders=host&X-Amz-Signature=52bba2dcf8d79faab495b146072c00824ab9ae96b9f45091096909a6398b1ef0
-e Current_Content/September_2025/0ec27d70-6f35-1014-a28c-aeb0a03af30c.meca	biorxiv/unpacked/Current_Content/September_2025/0ec27d70-6f35-1014-a28c-aeb0a03af30c/content/674960.pdf	https://biorxiv-copy.s3.eu-west-2.amazonaws.com/biorxiv/unpacked/Current_Content/September_2025/0ec27d70-6f35-1014-a28c-aeb0a03af30c/content/674960.pdf?X-Amz-Algorithm=AWS4-HMAC-SHA256&X-Amz-Credential=AKIASDVMRCD4TLKVRSCH%2F20250920%2Feu-west-2%2Fs3%2Faws4_request&X-Amz-Date=20250920T174102Z&X-Amz-Expires=360000&X-Amz-SignedHeaders=host&X-Amz-Signature=602a48cbfc1b252d61ecddab51f0b6467a0dfed3f31a11f9a60a71cd73bd2f72
-e Current_Content/September_2025/0ecd4585-6cf9-1014-844e-ac1ce4aa35f1.meca	biorxiv/unpacked/Current_Content/September_2025/0ecd4585-6cf9-1014-844e-ac1ce4aa35f1/content/673024.pdf	https://biorxiv-copy.s3.eu-west-2.amazonaws.com/biorxiv/unpacked/Current_Content/September_2025/0ecd4585-6cf9-1014-844e-ac1ce4aa35f1/content/673024.pdf?X-Amz-Algorithm=AWS4-HMAC-SHA256&X-Amz-Credential=AKIASDVMRCD4TLKVRSCH%2F20250920%2Feu-west-2%2Fs3%2Faws4_request&X-Amz-Date=20250920T174103Z&X-Amz-Expires=360000&X-Amz-SignedHeaders=host&X-Amz-Signature=e0d7043dcf26b966f656299d7df0a5762b2b6659f582c201ea5010be5705514b
-e Current_Content/September_2025/0ee61ea1-7d66-1014-a083-840873b58260.meca	biorxiv/unpacked/Current_Content/September_2025/0ee61ea1-7d66-1014-a083-840873b58260/content/673722.pdf	https://biorxiv-copy.s3.eu-west-2.amazonaws.com/biorxiv/unpacked/Current_Content/September_2025/0ee61ea1-7d66-1014-a083-840873b58260/content/673722.pdf?X-Amz-Algorithm=AWS4-HMAC-SHA256&X-Amz-Credential=AKIASDVMRCD4TLKVRSCH%2F20250920%2Feu-west-2%2Fs3%2Faws4_request&X-Amz-Date=20250920T174103Z&X-Amz-Expires=360000&X-Amz-SignedHeaders=host&X-Amz-Signature=cca6f142a604be542640685e70a697951ac52ca54f473b767ff8ee61915195f7
-e Current_Content/September_2025/0ef215dc-7b77-1014-a6fd-f45150bb5a19.meca	biorxiv/unpacked/Current_Content/September_2025/0ef215dc-7b77-1014-a6fd-f45150bb5a19/content/673899.pdf	https://biorxiv-copy.s3.eu-west-2.amazonaws.com/biorxiv/unpacked/Current_Content/September_2025/0ef215dc-7b77-1014-a6fd-f45150bb5a19/content/673899.pdf?X-Amz-Algorithm=AWS4-HMAC-SHA256&X-Amz-Credential=AKIASDVMRCD4TLKVRSCH%2F20250920%2Feu-west-2%2Fs3%2Faws4_request&X-Amz-Date=20250920T174104Z&X-Amz-Expires=360000&X-Amz-SignedHeaders=host&X-Amz-Signature=e0d156a5768060515403c0bd86fd45ae2404342319d455f31b30370ffb0591a0
-e Current_Content/September_2025/0f1dd9a4-6ca6-1014-b4a0-f9991438c2c2.meca	biorxiv/unpacked/Current_Content/September_2025/0f1dd9a4-6ca6-1014-b4a0-f9991438c2c2/content/673018.pdf	https://biorxiv-copy.s3.eu-west-2.amazonaws.com/biorxiv/unpacked/Current_Content/September_2025/0f1dd9a4-6ca6-1014-b4a0-f9991438c2c2/content/673018.pdf?X-Amz-Algorithm=AWS4-HMAC-SHA256&X-Amz-Credential=AKIASDVMRCD4TLKVRSCH%2F20250920%2Feu-west-2%2Fs3%2Faws4_request&X-Amz-Date=20250920T174106Z&X-Amz-Expires=360000&X-Amz-SignedHeaders=host&X-Amz-Signature=684c6cbad0d4f3be14c7efbb5a204422344046ec9980841be6968ed153ee5329
-e Current_Content/September_2025/0f3d331c-6f02-1014-bc0a-b252dda9e586.meca	biorxiv/unpacked/Current_Content/September_2025/0f3d331c-6f02-1014-bc0a-b252dda9e586/content/675664.pdf	https://biorxiv-copy.s3.eu-west-2.amazonaws.com/biorxiv/unpacked/Current_Content/September_2025/0f3d331c-6f02-1014-bc0a-b252dda9e586/content/675664.pdf?X-Amz-Algorithm=AWS4-HMAC-SHA256&X-Amz-Credential=AKIASDVMRCD4TLKVRSCH%2F20250920%2Feu-west-2%2Fs3%2Faws4_request&X-Amz-Date=20250920T174107Z&X-Amz-Expires=360000&X-Amz-SignedHeaders=host&X-Amz-Signature=5159a1ba9de4f9689cdef63de9a35c411b139a50b773c45eb783cce933e88eae
-e Current_Content/September_2025/0f4301fd-7e0f-1014-8614-91e9c6eb8c87.meca	biorxiv/unpacked/Current_Content/September_2025/0f4301fd-7e0f-1014-8614-91e9c6eb8c87/content/674126.pdf	https://biorxiv-copy.s3.eu-west-2.amazonaws.com/biorxiv/unpacked/Current_Content/September_2025/0f4301fd-7e0f-1014-8614-91e9c6eb8c87/content/674126.pdf?X-Amz-Algorithm=AWS4-HMAC-SHA256&X-Amz-Credential=AKIASDVMRCD4TLKVRSCH%2F20250920%2Feu-west-2%2Fs3%2Faws4_request&X-Amz-Date=20250920T174108Z&X-Amz-Expires=360000&X-Amz-SignedHeaders=host&X-Amz-Signature=e7267d39da27e6d20fee97d68e67ff86722483431b246bed2721d3f80ebd309d
-e Current_Content/September_2025/0f7ca148-7eb1-1014-9478-f30c129c0df0.meca	biorxiv/unpacked/Current_Content/September_2025/0f7ca148-7eb1-1014-9478-f30c129c0df0/content/supplements/675389_file02.pdf	https://biorxiv-copy.s3.eu-west-2.amazonaws.com/biorxiv/unpacked/Current_Content/September_2025/0f7ca148-7eb1-1014-9478-f30c129c0df0/content/supplements/675389_file02.pdf?X-Amz-Algorithm=AWS4-HMAC-SHA256&X-Amz-Credential=AKIASDVMRCD4TLKVRSCH%2F20250920%2Feu-west-2%2Fs3%2Faws4_request&X-Amz-Date=20250920T174108Z&X-Amz-Expires=360000&X-Amz-SignedHeaders=host&X-Amz-Signature=5a21a918cded80c4cf3741850c8d94b59254737e1db04787ded54600406d17c0
-e Current_Content/September_2025/0f9ad0f3-7c89-1014-a85b-9303eaab3300.meca	biorxiv/unpacked/Current_Content/September_2025/0f9ad0f3-7c89-1014-a85b-9303eaab3300/content/674235.pdf	https://biorxiv-copy.s3.eu-west-2.amazonaws.com/biorxiv/unpacked/Current_Content/September_2025/0f9ad0f3-7c89-1014-a85b-9303eaab3300/content/674235.pdf?X-Amz-Algorithm=AWS4-HMAC-SHA256&X-Amz-Credential=AKIASDVMRCD4TLKVRSCH%2F20250920%2Feu-west-2%2Fs3%2Faws4_request&X-Amz-Date=20250920T174109Z&X-Amz-Expires=360000&X-Amz-SignedHeaders=host&X-Amz-Signature=398b39b25edd06a6f2f190a0f9e09de2385e45b49f853cd3e8600cd4b704dc44
-e Current_Content/September_2025/0fcadc29-715d-1014-9bbd-fb9957e2455f.meca	biorxiv/unpacked/Current_Content/September_2025/0fcadc29-715d-1014-9bbd-fb9957e2455f/content/supplements/675711_file09.pdf	https://biorxiv-copy.s3.eu-west-2.amazonaws.com/biorxiv/unpacked/Current_Content/September_2025/0fcadc29-715d-1014-9bbd-fb9957e2455f/content/supplements/675711_file09.pdf?X-Amz-Algorithm=AWS4-HMAC-SHA256&X-Amz-Credential=AKIASDVMRCD4TLKVRSCH%2F20250920%2Feu-west-2%2Fs3%2Faws4_request&X-Amz-Date=20250920T174110Z&X-Amz-Expires=360000&X-Amz-SignedHeaders=host&X-Amz-Signature=eabcedc2ee8bcd8648835d03170b4520ca244c2fb26ee6fefdd6e2c4686d2795
-e Current_Content/September_2025/0fe21088-6caa-1014-9350-c263facb39fc.meca	biorxiv/unpacked/Current_Content/September_2025/0fe21088-6caa-1014-9350-c263facb39fc/content/supplements/673028_file02.pdf	https://biorxiv-copy.s3.eu-west-2.amazonaws.com/biorxiv/unpacked/Current_Content/September_2025/0fe21088-6caa-1014-9350-c263facb39fc/content/supplements/673028_file02.pdf?X-Amz-Algorithm=AWS4-HMAC-SHA256&X-Amz-Credential=AKIASDVMRCD4TLKVRSCH%2F20250920%2Feu-west-2%2Fs3%2Faws4_request&X-Amz-Date=20250920T174111Z&X-Amz-Expires=360000&X-Amz-SignedHeaders=host&X-Amz-Signature=2e468230593a19a6607b10d3a0efbd8c976d601ad79b68a72a83279cef759644
-e Current_Content/September_2025/0fe88ab2-6d72-1014-b729-c1e404ffbdd6.meca	biorxiv/unpacked/Current_Content/September_2025/0fe88ab2-6d72-1014-b729-c1e404ffbdd6/content/674762.pdf	https://biorxiv-copy.s3.eu-west-2.amazonaws.com/biorxiv/unpacked/Current_Content/September_2025/0fe88ab2-6d72-1014-b729-c1e404ffbdd6/content/674762.pdf?X-Amz-Algorithm=AWS4-HMAC-SHA256&X-Amz-Credential=AKIASDVMRCD4TLKVRSCH%2F20250920%2Feu-west-2%2Fs3%2Faws4_request&X-Amz-Date=20250920T174112Z&X-Amz-Expires=360000&X-Amz-SignedHeaders=host&X-Amz-Signature=b0f52ca773d3c8dc4d455dc42b8fa9a7cd27fc547be30dc7d37d55c98b6870d4
-e Current_Content/September_2025/0ffa3fd6-70f0-1014-8025-fcbb4c567f0c.meca	biorxiv/unpacked/Current_Content/September_2025/0ffa3fd6-70f0-1014-8025-fcbb4c567f0c/content/660233.pdf	https://biorxiv-copy.s3.eu-west-2.amazonaws.com/biorxiv/unpacked/Current_Content/September_2025/0ffa3fd6-70f0-1014-8025-fcbb4c567f0c/content/660233.pdf?X-Amz-Algorithm=AWS4-HMAC-SHA256&X-Amz-Credential=AKIASDVMRCD4TLKVRSCH%2F20250920%2Feu-west-2%2Fs3%2Faws4_request&X-Amz-Date=20250920T174113Z&X-Amz-Expires=360000&X-Amz-SignedHeaders=host&X-Amz-Signature=3e0dd92203ab6a43789f4f5ad7ce013d6dda153bac10a47e228f0ac4021c9d7b
-e Current_Content/September_2025/0ffc4bc1-6d71-1014-852c-b0831762aa58.meca	biorxiv/unpacked/Current_Content/September_2025/0ffc4bc1-6d71-1014-852c-b0831762aa58/content/674491.pdf	https://biorxiv-copy.s3.eu-west-2.amazonaws.com/biorxiv/unpacked/Current_Content/September_2025/0ffc4bc1-6d71-1014-852c-b0831762aa58/content/674491.pdf?X-Amz-Algorithm=AWS4-HMAC-SHA256&X-Amz-Credential=AKIASDVMRCD4TLKVRSCH%2F20250920%2Feu-west-2%2Fs3%2Faws4_request&X-Amz-Date=20250920T174115Z&X-Amz-Expires=360000&X-Amz-SignedHeaders=host&X-Amz-Signature=c723880400f6e7d21aa0b6eb14ac1cb398bf88087f53fec8e40950c101b217da
-e Current_Content/September_2025/10011cd7-7dd2-1014-9790-d735c5ea4159.meca	biorxiv/unpacked/Current_Content/September_2025/10011cd7-7dd2-1014-9790-d735c5ea4159/content/674918.pdf	https://biorxiv-copy.s3.eu-west-2.amazonaws.com/biorxiv/unpacked/Current_Content/September_2025/10011cd7-7dd2-1014-9790-d735c5ea4159/content/674918.pdf?X-Amz-Algorithm=AWS4-HMAC-SHA256&X-Amz-Credential=AKIASDVMRCD4TLKVRSCH%2F20250920%2Feu-west-2%2Fs3%2Faws4_request&X-Amz-Date=20250920T174116Z&X-Amz-Expires=360000&X-Amz-SignedHeaders=host&X-Amz-Signature=54fb9bcb18404d00dd45497e80134f5eea987eb6ae1c37ac6f98e01bb3485e6d
-e Current_Content/September_2025/102b64db-70aa-1014-a288-c3ed3f7a9761.meca	biorxiv/unpacked/Current_Content/September_2025/102b64db-70aa-1014-a288-c3ed3f7a9761/content/675793.pdf	https://biorxiv-copy.s3.eu-west-2.amazonaws.com/biorxiv/unpacked/Current_Content/September_2025/102b64db-70aa-1014-a288-c3ed3f7a9761/content/675793.pdf?X-Amz-Algorithm=AWS4-HMAC-SHA256&X-Amz-Credential=AKIASDVMRCD4TLKVRSCH%2F20250920%2Feu-west-2%2Fs3%2Faws4_request&X-Amz-Date=20250920T174116Z&X-Amz-Expires=360000&X-Amz-SignedHeaders=host&X-Amz-Signature=dddad72514a507e0ea96fd67d03d96fcb307f15867a7b7963adb3b5829448005
-e Current_Content/September_2025/102d496b-7e0f-1014-aad4-f965bc76efbd.meca	biorxiv/unpacked/Current_Content/September_2025/102d496b-7e0f-1014-aad4-f965bc76efbd/content/619803.pdf	https://biorxiv-copy.s3.eu-west-2.amazonaws.com/biorxiv/unpacked/Current_Content/September_2025/102d496b-7e0f-1014-aad4-f965bc76efbd/content/619803.pdf?X-Amz-Algorithm=AWS4-HMAC-SHA256&X-Amz-Credential=AKIASDVMRCD4TLKVRSCH%2F20250920%2Feu-west-2%2Fs3%2Faws4_request&X-Amz-Date=20250920T174117Z&X-Amz-Expires=360000&X-Amz-SignedHeaders=host&X-Amz-Signature=e8073e9d1af3213160baad4c1fde15eb0eeffaf40ac592f1ea1bdc92955e3ec8
-e Current_Content/September_2025/10345700-7c3e-1014-9bc7-e933e23be6b8.meca	biorxiv/unpacked/Current_Content/September_2025/10345700-7c3e-1014-9bc7-e933e23be6b8/content/674281.pdf	https://biorxiv-copy.s3.eu-west-2.amazonaws.com/biorxiv/unpacked/Current_Content/September_2025/10345700-7c3e-1014-9bc7-e933e23be6b8/content/674281.pdf?X-Amz-Algorithm=AWS4-HMAC-SHA256&X-Amz-Credential=AKIASDVMRCD4TLKVRSCH%2F20250920%2Feu-west-2%2Fs3%2Faws4_request&X-Amz-Date=20250920T174118Z&X-Amz-Expires=360000&X-Amz-SignedHeaders=host&X-Amz-Signature=c4aeb1ded3ede1b979666a5f8229cf5fc586c67375b1f9556d7034be6375f341
-e Current_Content/September_2025/1044e10a-7001-1014-a866-baad973f78b7.meca	biorxiv/unpacked/Current_Content/September_2025/1044e10a-7001-1014-a866-baad973f78b7/content/631197.pdf	https://biorxiv-copy.s3.eu-west-2.amazonaws.com/biorxiv/unpacked/Current_Content/September_2025/1044e10a-7001-1014-a866-baad973f78b7/content/631197.pdf?X-Amz-Algorithm=AWS4-HMAC-SHA256&X-Amz-Credential=AKIASDVMRCD4TLKVRSCH%2F20250920%2Feu-west-2%2Fs3%2Faws4_request&X-Amz-Date=20250920T174119Z&X-Amz-Expires=360000&X-Amz-SignedHeaders=host&X-Amz-Signature=9f26469039e487d68ec2a73ac8dcb66943736febf508476c68a249f2f1fdbabc
-e Current_Content/September_2025/105e5d81-6e65-1014-8342-b913fafd26fe.meca	biorxiv/unpacked/Current_Content/September_2025/105e5d81-6e65-1014-8342-b913fafd26fe/content/675346.pdf	https://biorxiv-copy.s3.eu-west-2.amazonaws.com/biorxiv/unpacked/Current_Content/September_2025/105e5d81-6e65-1014-8342-b913fafd26fe/content/675346.pdf?X-Amz-Algorithm=AWS4-HMAC-SHA256&X-Amz-Credential=AKIASDVMRCD4TLKVRSCH%2F20250920%2Feu-west-2%2Fs3%2Faws4_request&X-Amz-Date=20250920T174120Z&X-Amz-Expires=360000&X-Amz-SignedHeaders=host&X-Amz-Signature=fc0159c34d6522554e896a45f02790d86e54f17b336dd190eb37ca74a7b8c429
-e Current_Content/September_2025/1091ff2d-6d61-1014-80dd-b72b09a4bc73.meca	biorxiv/unpacked/Current_Content/September_2025/1091ff2d-6d61-1014-80dd-b72b09a4bc73/content/674558.pdf	https://biorxiv-copy.s3.eu-west-2.amazonaws.com/biorxiv/unpacked/Current_Content/September_2025/1091ff2d-6d61-1014-80dd-b72b09a4bc73/content/674558.pdf?X-Amz-Algorithm=AWS4-HMAC-SHA256&X-Amz-Credential=AKIASDVMRCD4TLKVRSCH%2F20250920%2Feu-west-2%2Fs3%2Faws4_request&X-Amz-Date=20250920T174121Z&X-Amz-Expires=360000&X-Amz-SignedHeaders=host&X-Amz-Signature=28b5914da64d1d235c91707426c877e1d8fef9ccbff8483fe2b0cffd1699b471
-e Current_Content/September_2025/109fc431-7aab-1014-8e03-956258d119e7.meca	biorxiv/unpacked/Current_Content/September_2025/109fc431-7aab-1014-8e03-956258d119e7/content/671334.pdf	https://biorxiv-copy.s3.eu-west-2.amazonaws.com/biorxiv/unpacked/Current_Content/September_2025/109fc431-7aab-1014-8e03-956258d119e7/content/671334.pdf?X-Amz-Algorithm=AWS4-HMAC-SHA256&X-Amz-Credential=AKIASDVMRCD4TLKVRSCH%2F20250920%2Feu-west-2%2Fs3%2Faws4_request&X-Amz-Date=20250920T174122Z&X-Amz-Expires=360000&X-Amz-SignedHeaders=host&X-Amz-Signature=c1fdb75b1b2e0da5b4b6de34aced79f39059939a135049947c6e88f548d8d9f1
-e Current_Content/September_2025/10a687fe-7ac8-1014-a75e-80f1d08abc38.meca	biorxiv/unpacked/Current_Content/September_2025/10a687fe-7ac8-1014-a75e-80f1d08abc38/content/673718.pdf	https://biorxiv-copy.s3.eu-west-2.amazonaws.com/biorxiv/unpacked/Current_Content/September_2025/10a687fe-7ac8-1014-a75e-80f1d08abc38/content/673718.pdf?X-Amz-Algorithm=AWS4-HMAC-SHA256&X-Amz-Credential=AKIASDVMRCD4TLKVRSCH%2F20250920%2Feu-west-2%2Fs3%2Faws4_request&X-Amz-Date=20250920T174123Z&X-Amz-Expires=360000&X-Amz-SignedHeaders=host&X-Amz-Signature=b51aa2d81d60da3e0ca996508eaf7179fa2b9c0bec0ac41b8aaf89556de43274
-e Current_Content/September_2025/10b333f0-6c78-1014-8231-ea97c93997d8.meca	biorxiv/unpacked/Current_Content/September_2025/10b333f0-6c78-1014-8231-ea97c93997d8/content/672681.pdf	https://biorxiv-copy.s3.eu-west-2.amazonaws.com/biorxiv/unpacked/Current_Content/September_2025/10b333f0-6c78-1014-8231-ea97c93997d8/content/672681.pdf?X-Amz-Algorithm=AWS4-HMAC-SHA256&X-Amz-Credential=AKIASDVMRCD4TLKVRSCH%2F20250920%2Feu-west-2%2Fs3%2Faws4_request&X-Amz-Date=20250920T174124Z&X-Amz-Expires=360000&X-Amz-SignedHeaders=host&X-Amz-Signature=4ee29e9a52dfab0322544fd69c8b67577d3143e1fc7f6a61ddc4dbf66ddbbfbe
-e Current_Content/September_2025/10befbe5-77f3-1014-90ec-dccec0c4ceda.meca	biorxiv/unpacked/Current_Content/September_2025/10befbe5-77f3-1014-90ec-dccec0c4ceda/content/672513.pdf	https://biorxiv-copy.s3.eu-west-2.amazonaws.com/biorxiv/unpacked/Current_Content/September_2025/10befbe5-77f3-1014-90ec-dccec0c4ceda/content/672513.pdf?X-Amz-Algorithm=AWS4-HMAC-SHA256&X-Amz-Credential=AKIASDVMRCD4TLKVRSCH%2F20250920%2Feu-west-2%2Fs3%2Faws4_request&X-Amz-Date=20250920T174125Z&X-Amz-Expires=360000&X-Amz-SignedHeaders=host&X-Amz-Signature=50a7ee7586bb5fb8dcda8680f04cc87553cd685ae6bb4e96c389e45b1e23456a
-e Current_Content/September_2025/10c9e1f9-7d06-1014-b212-88b3941ab77a.meca	biorxiv/unpacked/Current_Content/September_2025/10c9e1f9-7d06-1014-b212-88b3941ab77a/content/674554.pdf	https://biorxiv-copy.s3.eu-west-2.amazonaws.com/biorxiv/unpacked/Current_Content/September_2025/10c9e1f9-7d06-1014-b212-88b3941ab77a/content/674554.pdf?X-Amz-Algorithm=AWS4-HMAC-SHA256&X-Amz-Credential=AKIASDVMRCD4TLKVRSCH%2F20250920%2Feu-west-2%2Fs3%2Faws4_request&X-Amz-Date=20250920T174126Z&X-Amz-Expires=360000&X-Amz-SignedHeaders=host&X-Amz-Signature=a66e6459534c08e021f96e4cd4108ec4eb93542179423f3a56e99c5e9fda4ac3
-e Current_Content/September_2025/10db904b-7ca4-1014-a211-e5a30dd134c7.meca	biorxiv/unpacked/Current_Content/September_2025/10db904b-7ca4-1014-a211-e5a30dd134c7/content/674380.pdf	https://biorxiv-copy.s3.eu-west-2.amazonaws.com/biorxiv/unpacked/Current_Content/September_2025/10db904b-7ca4-1014-a211-e5a30dd134c7/content/674380.pdf?X-Amz-Algorithm=AWS4-HMAC-SHA256&X-Amz-Credential=AKIASDVMRCD4TLKVRSCH%2F20250920%2Feu-west-2%2Fs3%2Faws4_request&X-Amz-Date=20250920T174126Z&X-Amz-Expires=360000&X-Amz-SignedHeaders=host&X-Amz-Signature=8f1cc7ec509c70336212397be9b98a120463da58767eed271f989b6ba0b88422
-e Current_Content/September_2025/1104ef57-7b10-1014-a634-df73ff532e96.meca	biorxiv/unpacked/Current_Content/September_2025/1104ef57-7b10-1014-a634-df73ff532e96/content/673505.pdf	https://biorxiv-copy.s3.eu-west-2.amazonaws.com/biorxiv/unpacked/Current_Content/September_2025/1104ef57-7b10-1014-a634-df73ff532e96/content/673505.pdf?X-Amz-Algorithm=AWS4-HMAC-SHA256&X-Amz-Credential=AKIASDVMRCD4TLKVRSCH%2F20250920%2Feu-west-2%2Fs3%2Faws4_request&X-Amz-Date=20250920T174127Z&X-Amz-Expires=360000&X-Amz-SignedHeaders=host&X-Amz-Signature=60bb4ba57cb244cd7973535f8ac0970970fb3d9d0fed396a037502b1e6f884eb
-e Current_Content/September_2025/1120f79d-70f1-1014-afa7-cec508f3f66a.meca	biorxiv/unpacked/Current_Content/September_2025/1120f79d-70f1-1014-afa7-cec508f3f66a/content/675837.pdf	https://biorxiv-copy.s3.eu-west-2.amazonaws.com/biorxiv/unpacked/Current_Content/September_2025/1120f79d-70f1-1014-afa7-cec508f3f66a/content/675837.pdf?X-Amz-Algorithm=AWS4-HMAC-SHA256&X-Amz-Credential=AKIASDVMRCD4TLKVRSCH%2F20250920%2Feu-west-2%2Fs3%2Faws4_request&X-Amz-Date=20250920T174128Z&X-Amz-Expires=360000&X-Amz-SignedHeaders=host&X-Amz-Signature=831209c318dd524a3261c9ca26b2d741d626c051466943ad046d6d8062323b8f
-e Current_Content/September_2025/1132ced2-7175-1014-9ad3-8c05cd79a7bb.meca	biorxiv/unpacked/Current_Content/September_2025/1132ced2-7175-1014-9ad3-8c05cd79a7bb/content/supplements/676285_file03.pdf	https://biorxiv-copy.s3.eu-west-2.amazonaws.com/biorxiv/unpacked/Current_Content/September_2025/1132ced2-7175-1014-9ad3-8c05cd79a7bb/content/supplements/676285_file03.pdf?X-Amz-Algorithm=AWS4-HMAC-SHA256&X-Amz-Credential=AKIASDVMRCD4TLKVRSCH%2F20250920%2Feu-west-2%2Fs3%2Faws4_request&X-Amz-Date=20250920T174130Z&X-Amz-Expires=360000&X-Amz-SignedHeaders=host&X-Amz-Signature=56bf80d5895568e631c31220743fa31807b7d04c6a925932604fbb2864f80be9
-e Current_Content/September_2025/11464099-709c-1014-8a6a-f7bb56d23c05.meca	biorxiv/unpacked/Current_Content/September_2025/11464099-709c-1014-8a6a-f7bb56d23c05/content/675753.pdf	https://biorxiv-copy.s3.eu-west-2.amazonaws.com/biorxiv/unpacked/Current_Content/September_2025/11464099-709c-1014-8a6a-f7bb56d23c05/content/675753.pdf?X-Amz-Algorithm=AWS4-HMAC-SHA256&X-Amz-Credential=AKIASDVMRCD4TLKVRSCH%2F20250920%2Feu-west-2%2Fs3%2Faws4_request&X-Amz-Date=20250920T174131Z&X-Amz-Expires=360000&X-Amz-SignedHeaders=host&X-Amz-Signature=32eda635b7da25c99773b9cc07740f5281fe5787459a3368015b838c644d581b
-e Current_Content/September_2025/11510a08-7002-1014-b424-ea5d9009f717.meca	biorxiv/unpacked/Current_Content/September_2025/11510a08-7002-1014-b424-ea5d9009f717/content/675507.pdf	https://biorxiv-copy.s3.eu-west-2.amazonaws.com/biorxiv/unpacked/Current_Content/September_2025/11510a08-7002-1014-b424-ea5d9009f717/content/675507.pdf?X-Amz-Algorithm=AWS4-HMAC-SHA256&X-Amz-Credential=AKIASDVMRCD4TLKVRSCH%2F20250920%2Feu-west-2%2Fs3%2Faws4_request&X-Amz-Date=20250920T174132Z&X-Amz-Expires=360000&X-Amz-SignedHeaders=host&X-Amz-Signature=a64cc0338c722bccbcae89a21f88466358818a5740e2de4eb0bd4bdcef31ae4d
-e Current_Content/September_2025/115961f6-6f49-1014-8e01-8fbdac98ed75.meca	biorxiv/unpacked/Current_Content/September_2025/115961f6-6f49-1014-8e01-8fbdac98ed75/content/676101.pdf	https://biorxiv-copy.s3.eu-west-2.amazonaws.com/biorxiv/unpacked/Current_Content/September_2025/115961f6-6f49-1014-8e01-8fbdac98ed75/content/676101.pdf?X-Amz-Algorithm=AWS4-HMAC-SHA256&X-Amz-Credential=AKIASDVMRCD4TLKVRSCH%2F20250920%2Feu-west-2%2Fs3%2Faws4_request&X-Amz-Date=20250920T174133Z&X-Amz-Expires=360000&X-Amz-SignedHeaders=host&X-Amz-Signature=4eea77147fec46a6fe4bf41d0144146ea885eb8dd78f39f14d00f2e3974b6192
-e Current_Content/September_2025/11770c11-70ce-1014-88cb-8e02a1da21b6.meca	biorxiv/unpacked/Current_Content/September_2025/11770c11-70ce-1014-88cb-8e02a1da21b6/content/675682.pdf	https://biorxiv-copy.s3.eu-west-2.amazonaws.com/biorxiv/unpacked/Current_Content/September_2025/11770c11-70ce-1014-88cb-8e02a1da21b6/content/675682.pdf?X-Amz-Algorithm=AWS4-HMAC-SHA256&X-Amz-Credential=AKIASDVMRCD4TLKVRSCH%2F20250920%2Feu-west-2%2Fs3%2Faws4_request&X-Amz-Date=20250920T174133Z&X-Amz-Expires=360000&X-Amz-SignedHeaders=host&X-Amz-Signature=52ab24410a8b22b30c7f27896dfbd799dea051bf84ccb17cb78bf87901eefebc
-e Current_Content/September_2025/11795fde-7bbe-1014-b1be-96fa4fa8ae16.meca	biorxiv/unpacked/Current_Content/September_2025/11795fde-7bbe-1014-b1be-96fa4fa8ae16/content/494639.pdf	https://biorxiv-copy.s3.eu-west-2.amazonaws.com/biorxiv/unpacked/Current_Content/September_2025/11795fde-7bbe-1014-b1be-96fa4fa8ae16/content/494639.pdf?X-Amz-Algorithm=AWS4-HMAC-SHA256&X-Amz-Credential=AKIASDVMRCD4TLKVRSCH%2F20250920%2Feu-west-2%2Fs3%2Faws4_request&X-Amz-Date=20250920T174134Z&X-Amz-Expires=360000&X-Amz-SignedHeaders=host&X-Amz-Signature=11fba17ca7593fdd49326addf4f92a84bc186c8c53801ebe6162a53b8d2dd6d7
-e Current_Content/September_2025/117fd6de-6eff-1014-b279-befee9ff5297.meca	biorxiv/unpacked/Current_Content/September_2025/117fd6de-6eff-1014-b279-befee9ff5297/content/673522.pdf	https://biorxiv-copy.s3.eu-west-2.amazonaws.com/biorxiv/unpacked/Current_Content/September_2025/117fd6de-6eff-1014-b279-befee9ff5297/content/673522.pdf?X-Amz-Algorithm=AWS4-HMAC-SHA256&X-Amz-Credential=AKIASDVMRCD4TLKVRSCH%2F20250920%2Feu-west-2%2Fs3%2Faws4_request&X-Amz-Date=20250920T174135Z&X-Amz-Expires=360000&X-Amz-SignedHeaders=host&X-Amz-Signature=d25ea80b26f5d4082f00823ed46ebcf097774e5b3f0315e3faaceaf4514e3f82
-e Current_Content/September_2025/11873dad-6cf9-1014-b6d4-c750887a2fbb.meca	biorxiv/unpacked/Current_Content/September_2025/11873dad-6cf9-1014-b6d4-c750887a2fbb/content/supplements/673081_file03.pdf	https://biorxiv-copy.s3.eu-west-2.amazonaws.com/biorxiv/unpacked/Current_Content/September_2025/11873dad-6cf9-1014-b6d4-c750887a2fbb/content/supplements/673081_file03.pdf?X-Amz-Algorithm=AWS4-HMAC-SHA256&X-Amz-Credential=AKIASDVMRCD4TLKVRSCH%2F20250920%2Feu-west-2%2Fs3%2Faws4_request&X-Amz-Date=20250920T174136Z&X-Amz-Expires=360000&X-Amz-SignedHeaders=host&X-Amz-Signature=de7da14534b94a4034c4b6713ff9c98eac6e1e327c93e8a636a70832e9e8a1fe
-e Current_Content/September_2025/119eb37b-7d22-1014-bec3-af7058c6b637.meca	biorxiv/unpacked/Current_Content/September_2025/119eb37b-7d22-1014-bec3-af7058c6b637/content/673914.pdf	https://biorxiv-copy.s3.eu-west-2.amazonaws.com/biorxiv/unpacked/Current_Content/September_2025/119eb37b-7d22-1014-bec3-af7058c6b637/content/673914.pdf?X-Amz-Algorithm=AWS4-HMAC-SHA256&X-Amz-Credential=AKIASDVMRCD4TLKVRSCH%2F20250920%2Feu-west-2%2Fs3%2Faws4_request&X-Amz-Date=20250920T174137Z&X-Amz-Expires=360000&X-Amz-SignedHeaders=host&X-Amz-Signature=8a44adcd0eced0ee38518dfb10774890bcd8c59acbb9f570716447960bf7c8f9
-e Current_Content/September_2025/11a45e20-7e98-1014-ad72-a8da742abed7.meca	biorxiv/unpacked/Current_Content/September_2025/11a45e20-7e98-1014-ad72-a8da742abed7/content/supplements/675080_file02.pdf	https://biorxiv-copy.s3.eu-west-2.amazonaws.com/biorxiv/unpacked/Current_Content/September_2025/11a45e20-7e98-1014-ad72-a8da742abed7/content/supplements/675080_file02.pdf?X-Amz-Algorithm=AWS4-HMAC-SHA256&X-Amz-Credential=AKIASDVMRCD4TLKVRSCH%2F20250920%2Feu-west-2%2Fs3%2Faws4_request&X-Amz-Date=20250920T174138Z&X-Amz-Expires=360000&X-Amz-SignedHeaders=host&X-Amz-Signature=55faac568d24035963c1e460acf351fd324c11f3bfc2f89ea548671a370c03c2
-e Current_Content/September_2025/11af314d-6ca6-1014-9105-a3ce08c6d1ad.meca	biorxiv/unpacked/Current_Content/September_2025/11af314d-6ca6-1014-9105-a3ce08c6d1ad/content/673316.pdf	https://biorxiv-copy.s3.eu-west-2.amazonaws.com/biorxiv/unpacked/Current_Content/September_2025/11af314d-6ca6-1014-9105-a3ce08c6d1ad/content/673316.pdf?X-Amz-Algorithm=AWS4-HMAC-SHA256&X-Amz-Credential=AKIASDVMRCD4TLKVRSCH%2F20250920%2Feu-west-2%2Fs3%2Faws4_request&X-Amz-Date=20250920T174139Z&X-Amz-Expires=360000&X-Amz-SignedHeaders=host&X-Amz-Signature=772fd8805e60e249b6c471638809d67049b66db0c57f90bdb438729e8ffc9f65
-e Current_Content/September_2025/11b2482e-7d66-1014-9aa0-bc18961856ed.meca	biorxiv/unpacked/Current_Content/September_2025/11b2482e-7d66-1014-9aa0-bc18961856ed/content/673792.pdf	https://biorxiv-copy.s3.eu-west-2.amazonaws.com/biorxiv/unpacked/Current_Content/September_2025/11b2482e-7d66-1014-9aa0-bc18961856ed/content/673792.pdf?X-Amz-Algorithm=AWS4-HMAC-SHA256&X-Amz-Credential=AKIASDVMRCD4TLKVRSCH%2F20250920%2Feu-west-2%2Fs3%2Faws4_request&X-Amz-Date=20250920T174140Z&X-Amz-Expires=360000&X-Amz-SignedHeaders=host&X-Amz-Signature=87e6b98f8fb60974169e8916648683aada044639003f62f3eda75a2955345489
-e Current_Content/September_2025/11c4eb57-7bed-1014-a1e1-a28fa8190d7b.meca	biorxiv/unpacked/Current_Content/September_2025/11c4eb57-7bed-1014-a1e1-a28fa8190d7b/content/supplements/672814_file02.pdf	https://biorxiv-copy.s3.eu-west-2.amazonaws.com/biorxiv/unpacked/Current_Content/September_2025/11c4eb57-7bed-1014-a1e1-a28fa8190d7b/content/supplements/672814_file02.pdf?X-Amz-Algorithm=AWS4-HMAC-SHA256&X-Amz-Credential=AKIASDVMRCD4TLKVRSCH%2F20250920%2Feu-west-2%2Fs3%2Faws4_request&X-Amz-Date=20250920T174141Z&X-Amz-Expires=360000&X-Amz-SignedHeaders=host&X-Amz-Signature=4ff664de10af6502bbeae62c8a5c551b3e9242797f81dca63adc2c9ac03e9a7b
-e Current_Content/September_2025/11cb9dfc-6e49-1014-b86d-b278d263ed4f.meca	biorxiv/unpacked/Current_Content/September_2025/11cb9dfc-6e49-1014-b86d-b278d263ed4f/content/675379.pdf	https://biorxiv-copy.s3.eu-west-2.amazonaws.com/biorxiv/unpacked/Current_Content/September_2025/11cb9dfc-6e49-1014-b86d-b278d263ed4f/content/675379.pdf?X-Amz-Algorithm=AWS4-HMAC-SHA256&X-Amz-Credential=AKIASDVMRCD4TLKVRSCH%2F20250920%2Feu-west-2%2Fs3%2Faws4_request&X-Amz-Date=20250920T174142Z&X-Amz-Expires=360000&X-Amz-SignedHeaders=host&X-Amz-Signature=1a12f25a8248a198d8bd35414b0b8caebe92d9cf39e15091361d036b0f725bfb
-e Current_Content/September_2025/11e45470-7aab-1014-9c7b-d8959c6d7979.meca	biorxiv/unpacked/Current_Content/September_2025/11e45470-7aab-1014-9c7b-d8959c6d7979/content/673075.pdf	https://biorxiv-copy.s3.eu-west-2.amazonaws.com/biorxiv/unpacked/Current_Content/September_2025/11e45470-7aab-1014-9c7b-d8959c6d7979/content/673075.pdf?X-Amz-Algorithm=AWS4-HMAC-SHA256&X-Amz-Credential=AKIASDVMRCD4TLKVRSCH%2F20250920%2Feu-west-2%2Fs3%2Faws4_request&X-Amz-Date=20250920T174143Z&X-Amz-Expires=360000&X-Amz-SignedHeaders=host&X-Amz-Signature=992c1841080d1ae169b1c320467ce2aa0c5a6d717aa63e9e10f9abad2f933b9d
-e Current_Content/September_2025/11e50beb-7bed-1014-8757-b149f47b79c6.meca	biorxiv/unpacked/Current_Content/September_2025/11e50beb-7bed-1014-8757-b149f47b79c6/content/supplements/654237_file02.pdf	https://biorxiv-copy.s3.eu-west-2.amazonaws.com/biorxiv/unpacked/Current_Content/September_2025/11e50beb-7bed-1014-8757-b149f47b79c6/content/supplements/654237_file02.pdf?X-Amz-Algorithm=AWS4-HMAC-SHA256&X-Amz-Credential=AKIASDVMRCD4TLKVRSCH%2F20250920%2Feu-west-2%2Fs3%2Faws4_request&X-Amz-Date=20250920T174144Z&X-Amz-Expires=360000&X-Amz-SignedHeaders=host&X-Amz-Signature=39a7fb14758aca8dfa94d45e717ce2604ea9d03616eac8ef9ba98d92c440f978
-e Current_Content/September_2025/11eb18df-7734-1014-ae45-8ce473189b99.meca	biorxiv/unpacked/Current_Content/September_2025/11eb18df-7734-1014-ae45-8ce473189b99/content/672790.pdf	https://biorxiv-copy.s3.eu-west-2.amazonaws.com/biorxiv/unpacked/Current_Content/September_2025/11eb18df-7734-1014-ae45-8ce473189b99/content/672790.pdf?X-Amz-Algorithm=AWS4-HMAC-SHA256&X-Amz-Credential=AKIASDVMRCD4TLKVRSCH%2F20250920%2Feu-west-2%2Fs3%2Faws4_request&X-Amz-Date=20250920T174145Z&X-Amz-Expires=360000&X-Amz-SignedHeaders=host&X-Amz-Signature=de01a13bbd397b06b787bd0f7d7516db6e0ac230dcd08b023b500ea47beef8da
-e Current_Content/September_2025/122a494b-778c-1014-b5ef-b31d8615ad31.meca	biorxiv/unpacked/Current_Content/September_2025/122a494b-778c-1014-b5ef-b31d8615ad31/content/672631.pdf	https://biorxiv-copy.s3.eu-west-2.amazonaws.com/biorxiv/unpacked/Current_Content/September_2025/122a494b-778c-1014-b5ef-b31d8615ad31/content/672631.pdf?X-Amz-Algorithm=AWS4-HMAC-SHA256&X-Amz-Credential=AKIASDVMRCD4TLKVRSCH%2F20250920%2Feu-west-2%2Fs3%2Faws4_request&X-Amz-Date=20250920T174146Z&X-Amz-Expires=360000&X-Amz-SignedHeaders=host&X-Amz-Signature=9a98dc2b95c4e41c59a1e32fd61f55e3784af382641bcbbf283b757b369ef023
-e Current_Content/September_2025/1239106e-7046-1014-a2a4-f3a59b419a4e.meca	biorxiv/unpacked/Current_Content/September_2025/1239106e-7046-1014-a2a4-f3a59b419a4e/content/supplements/600362_file03.pdf	https://biorxiv-copy.s3.eu-west-2.amazonaws.com/biorxiv/unpacked/Current_Content/September_2025/1239106e-7046-1014-a2a4-f3a59b419a4e/content/supplements/600362_file03.pdf?X-Amz-Algorithm=AWS4-HMAC-SHA256&X-Amz-Credential=AKIASDVMRCD4TLKVRSCH%2F20250920%2Feu-west-2%2Fs3%2Faws4_request&X-Amz-Date=20250920T174147Z&X-Amz-Expires=360000&X-Amz-SignedHeaders=host&X-Amz-Signature=ec6ae02ac444e6d18746207c09c151fa764bccf84952282cec99d1c087b0c4c3
-e Current_Content/September_2025/124046e5-7c89-1014-99cc-f6a711f2138d.meca	biorxiv/unpacked/Current_Content/September_2025/124046e5-7c89-1014-99cc-f6a711f2138d/content/674238.pdf	https://biorxiv-copy.s3.eu-west-2.amazonaws.com/biorxiv/unpacked/Current_Content/September_2025/124046e5-7c89-1014-99cc-f6a711f2138d/content/674238.pdf?X-Amz-Algorithm=AWS4-HMAC-SHA256&X-Amz-Credential=AKIASDVMRCD4TLKVRSCH%2F20250920%2Feu-west-2%2Fs3%2Faws4_request&X-Amz-Date=20250920T174148Z&X-Amz-Expires=360000&X-Amz-SignedHeaders=host&X-Amz-Signature=2b121aff078bdd7c94ee5f28271059c3437933df6d1e19cb2215d0e3fb7c9200
-e Current_Content/September_2025/1249a19c-7ac8-1014-a8b6-95c7512805e1.meca	biorxiv/unpacked/Current_Content/September_2025/1249a19c-7ac8-1014-a8b6-95c7512805e1/content/667757.pdf	https://biorxiv-copy.s3.eu-west-2.amazonaws.com/biorxiv/unpacked/Current_Content/September_2025/1249a19c-7ac8-1014-a8b6-95c7512805e1/content/667757.pdf?X-Amz-Algorithm=AWS4-HMAC-SHA256&X-Amz-Credential=AKIASDVMRCD4TLKVRSCH%2F20250920%2Feu-west-2%2Fs3%2Faws4_request&X-Amz-Date=20250920T174149Z&X-Amz-Expires=360000&X-Amz-SignedHeaders=host&X-Amz-Signature=3998bede930860be40b390a77ca05e656c8e83d3e5f30581490cf0bb74c52271
-e Current_Content/September_2025/125e9a1b-7d3f-1014-8040-c1b87abf6422.meca	biorxiv/unpacked/Current_Content/September_2025/125e9a1b-7d3f-1014-8040-c1b87abf6422/content/674504.pdf	https://biorxiv-copy.s3.eu-west-2.amazonaws.com/biorxiv/unpacked/Current_Content/September_2025/125e9a1b-7d3f-1014-8040-c1b87abf6422/content/674504.pdf?X-Amz-Algorithm=AWS4-HMAC-SHA256&X-Amz-Credential=AKIASDVMRCD4TLKVRSCH%2F20250920%2Feu-west-2%2Fs3%2Faws4_request&X-Amz-Date=20250920T174150Z&X-Amz-Expires=360000&X-Amz-SignedHeaders=host&X-Amz-Signature=c48ec1045b6c0dc8c3244cee60e9e7ba41c6ad454fd8b241b584b8e841b72c69
-e Current_Content/September_2025/126b2fcb-778a-1014-bee5-db6e382e1fbe.meca	biorxiv/unpacked/Current_Content/September_2025/126b2fcb-778a-1014-bee5-db6e382e1fbe/content/supplements/650540_file08.pdf	https://biorxiv-copy.s3.eu-west-2.amazonaws.com/biorxiv/unpacked/Current_Content/September_2025/126b2fcb-778a-1014-bee5-db6e382e1fbe/content/supplements/650540_file08.pdf?X-Amz-Algorithm=AWS4-HMAC-SHA256&X-Amz-Credential=AKIASDVMRCD4TLKVRSCH%2F20250920%2Feu-west-2%2Fs3%2Faws4_request&X-Amz-Date=20250920T174150Z&X-Amz-Expires=360000&X-Amz-SignedHeaders=host&X-Amz-Signature=29fd8b96219fbe4d446d0d8992a874531ef4980807a2256048be67f199adca93
-e Current_Content/September_2025/12b0d648-6caa-1014-a71e-ba26ace6ce58.meca	biorxiv/unpacked/Current_Content/September_2025/12b0d648-6caa-1014-a71e-ba26ace6ce58/content/673049.pdf	https://biorxiv-copy.s3.eu-west-2.amazonaws.com/biorxiv/unpacked/Current_Content/September_2025/12b0d648-6caa-1014-a71e-ba26ace6ce58/content/673049.pdf?X-Amz-Algorithm=AWS4-HMAC-SHA256&X-Amz-Credential=AKIASDVMRCD4TLKVRSCH%2F20250920%2Feu-west-2%2Fs3%2Faws4_request&X-Amz-Date=20250920T174151Z&X-Amz-Expires=360000&X-Amz-SignedHeaders=host&X-Amz-Signature=b81afd1eb3c8f634249c1e17e547e2ea0a0edc47c7108d178fe5955599980c06
-e Current_Content/September_2025/12d46a02-7eb1-1014-bf7e-ba832f356e40.meca	biorxiv/unpacked/Current_Content/September_2025/12d46a02-7eb1-1014-bf7e-ba832f356e40/content/supplements/815803_file07.pdf	https://biorxiv-copy.s3.eu-west-2.amazonaws.com/biorxiv/unpacked/Current_Content/September_2025/12d46a02-7eb1-1014-bf7e-ba832f356e40/content/supplements/815803_file07.pdf?X-Amz-Algorithm=AWS4-HMAC-SHA256&X-Amz-Credential=AKIASDVMRCD4TLKVRSCH%2F20250920%2Feu-west-2%2Fs3%2Faws4_request&X-Amz-Date=20250920T174153Z&X-Amz-Expires=360000&X-Amz-SignedHeaders=host&X-Amz-Signature=7112672e9055a8da0b6945958d6cebc1791082e2e810e54498eb25c1f9635b53
-e Current_Content/September_2025/12d89d22-7dd2-1014-a023-937e8dbf2e6c.meca	biorxiv/unpacked/Current_Content/September_2025/12d89d22-7dd2-1014-a023-937e8dbf2e6c/content/674930.pdf	https://biorxiv-copy.s3.eu-west-2.amazonaws.com/biorxiv/unpacked/Current_Content/September_2025/12d89d22-7dd2-1014-a023-937e8dbf2e6c/content/674930.pdf?X-Amz-Algorithm=AWS4-HMAC-SHA256&X-Amz-Credential=AKIASDVMRCD4TLKVRSCH%2F20250920%2Feu-west-2%2Fs3%2Faws4_request&X-Amz-Date=20250920T174154Z&X-Amz-Expires=360000&X-Amz-SignedHeaders=host&X-Amz-Signature=5216b1eb1bbf40b5cff8f7d62cfa9461c840d954d1f2dcf6a815b26afbe245a2
-e Current_Content/September_2025/12ff668b-7bc5-1014-85a4-fbba800f04df.meca	biorxiv/unpacked/Current_Content/September_2025/12ff668b-7bc5-1014-85a4-fbba800f04df/content/674218.pdf	https://biorxiv-copy.s3.eu-west-2.amazonaws.com/biorxiv/unpacked/Current_Content/September_2025/12ff668b-7bc5-1014-85a4-fbba800f04df/content/674218.pdf?X-Amz-Algorithm=AWS4-HMAC-SHA256&X-Amz-Credential=AKIASDVMRCD4TLKVRSCH%2F20250920%2Feu-west-2%2Fs3%2Faws4_request&X-Amz-Date=20250920T174155Z&X-Amz-Expires=360000&X-Amz-SignedHeaders=host&X-Amz-Signature=3bf7b9aaa6dd60a5760d5fb526e64e85f05a36093f43f7a5de53a44d0f8a62e0
-e Current_Content/September_2025/131b3d3a-6c8b-1014-af2c-e292614d735f.meca	biorxiv/unpacked/Current_Content/September_2025/131b3d3a-6c8b-1014-af2c-e292614d735f/content/615863.pdf	https://biorxiv-copy.s3.eu-west-2.amazonaws.com/biorxiv/unpacked/Current_Content/September_2025/131b3d3a-6c8b-1014-af2c-e292614d735f/content/615863.pdf?X-Amz-Algorithm=AWS4-HMAC-SHA256&X-Amz-Credential=AKIASDVMRCD4TLKVRSCH%2F20250920%2Feu-west-2%2Fs3%2Faws4_request&X-Amz-Date=20250920T174156Z&X-Amz-Expires=360000&X-Amz-SignedHeaders=host&X-Amz-Signature=b7ab85bf98d07ffaf5bcfdffc83a63098a9d6916e1b51b61ff26da7a53fb12de
-e Current_Content/September_2025/132191ad-70f0-1014-b910-f3b3bf653693.meca	biorxiv/unpacked/Current_Content/September_2025/132191ad-70f0-1014-b910-f3b3bf653693/content/667873.pdf	https://biorxiv-copy.s3.eu-west-2.amazonaws.com/biorxiv/unpacked/Current_Content/September_2025/132191ad-70f0-1014-b910-f3b3bf653693/content/667873.pdf?X-Amz-Algorithm=AWS4-HMAC-SHA256&X-Amz-Credential=AKIASDVMRCD4TLKVRSCH%2F20250920%2Feu-west-2%2Fs3%2Faws4_request&X-Amz-Date=20250920T174157Z&X-Amz-Expires=360000&X-Amz-SignedHeaders=host&X-Amz-Signature=f6547b6822a16a8aad4d31b706e09ec5dec74036d47046203e867b439eeffbaf
-e Current_Content/September_2025/132b8a0d-6d72-1014-a6f6-901e6c758327.meca	biorxiv/unpacked/Current_Content/September_2025/132b8a0d-6d72-1014-a6f6-901e6c758327/content/674845.pdf	https://biorxiv-copy.s3.eu-west-2.amazonaws.com/biorxiv/unpacked/Current_Content/September_2025/132b8a0d-6d72-1014-a6f6-901e6c758327/content/674845.pdf?X-Amz-Algorithm=AWS4-HMAC-SHA256&X-Amz-Credential=AKIASDVMRCD4TLKVRSCH%2F20250920%2Feu-west-2%2Fs3%2Faws4_request&X-Amz-Date=20250920T174158Z&X-Amz-Expires=360000&X-Amz-SignedHeaders=host&X-Amz-Signature=99e1423ca6a035b4c49da268f6139fc9ade1c0c3c52d99de7b73177582f82533
-e Current_Content/September_2025/134cda0c-7001-1014-a6a5-8df7e1e5d1cc.meca	biorxiv/unpacked/Current_Content/September_2025/134cda0c-7001-1014-a6a5-8df7e1e5d1cc/content/632126.pdf	https://biorxiv-copy.s3.eu-west-2.amazonaws.com/biorxiv/unpacked/Current_Content/September_2025/134cda0c-7001-1014-a6a5-8df7e1e5d1cc/content/632126.pdf?X-Amz-Algorithm=AWS4-HMAC-SHA256&X-Amz-Credential=AKIASDVMRCD4TLKVRSCH%2F20250920%2Feu-west-2%2Fs3%2Faws4_request&X-Amz-Date=20250920T174159Z&X-Amz-Expires=360000&X-Amz-SignedHeaders=host&X-Amz-Signature=bb0243c33be005cc2e4c804af0b5b674d24cd2ba6cec628d7626f0c0bec0a3ce
-e Current_Content/September_2025/134eacb7-6f35-1014-adc1-b778517e9271.meca	biorxiv/unpacked/Current_Content/September_2025/134eacb7-6f35-1014-adc1-b778517e9271/content/615308.pdf	https://biorxiv-copy.s3.eu-west-2.amazonaws.com/biorxiv/unpacked/Current_Content/September_2025/134eacb7-6f35-1014-adc1-b778517e9271/content/615308.pdf?X-Amz-Algorithm=AWS4-HMAC-SHA256&X-Amz-Credential=AKIASDVMRCD4TLKVRSCH%2F20250920%2Feu-west-2%2Fs3%2Faws4_request&X-Amz-Date=20250920T174200Z&X-Amz-Expires=360000&X-Amz-SignedHeaders=host&X-Amz-Signature=eefb1188e5ab46451768f891056b29935aba6fe2db578adb0fc096caa6242009
-e Current_Content/September_2025/135e5a38-6f35-1014-aee0-bda4cdc11e55.meca	biorxiv/unpacked/Current_Content/September_2025/135e5a38-6f35-1014-aee0-bda4cdc11e55/content/674962.pdf	https://biorxiv-copy.s3.eu-west-2.amazonaws.com/biorxiv/unpacked/Current_Content/September_2025/135e5a38-6f35-1014-aee0-bda4cdc11e55/content/674962.pdf?X-Amz-Algorithm=AWS4-HMAC-SHA256&X-Amz-Credential=AKIASDVMRCD4TLKVRSCH%2F20250920%2Feu-west-2%2Fs3%2Faws4_request&X-Amz-Date=20250920T174200Z&X-Amz-Expires=360000&X-Amz-SignedHeaders=host&X-Amz-Signature=586f8c79c9034b26a56aaa547430cdd0b35f44beb205c548d87106581d60502f
-e Current_Content/September_2025/13834862-7964-1014-9b55-8a93b7888f52.meca	biorxiv/unpacked/Current_Content/September_2025/13834862-7964-1014-9b55-8a93b7888f52/content/supplements/631147_file02.pdf	https://biorxiv-copy.s3.eu-west-2.amazonaws.com/biorxiv/unpacked/Current_Content/September_2025/13834862-7964-1014-9b55-8a93b7888f52/content/supplements/631147_file02.pdf?X-Amz-Algorithm=AWS4-HMAC-SHA256&X-Amz-Credential=AKIASDVMRCD4TLKVRSCH%2F20250920%2Feu-west-2%2Fs3%2Faws4_request&X-Amz-Date=20250920T174201Z&X-Amz-Expires=360000&X-Amz-SignedHeaders=host&X-Amz-Signature=bf651ee08191fce9801a858ba1189084845eca8759337633f5e205493c40c368
-e Current_Content/September_2025/13a4d679-7e0f-1014-bf25-9c78a18c4146.meca	biorxiv/unpacked/Current_Content/September_2025/13a4d679-7e0f-1014-bf25-9c78a18c4146/content/674162.pdf	https://biorxiv-copy.s3.eu-west-2.amazonaws.com/biorxiv/unpacked/Current_Content/September_2025/13a4d679-7e0f-1014-bf25-9c78a18c4146/content/674162.pdf?X-Amz-Algorithm=AWS4-HMAC-SHA256&X-Amz-Credential=AKIASDVMRCD4TLKVRSCH%2F20250920%2Feu-west-2%2Fs3%2Faws4_request&X-Amz-Date=20250920T174202Z&X-Amz-Expires=360000&X-Amz-SignedHeaders=host&X-Amz-Signature=bd717e625eda728f9d65a32fc0c43214c0c4423e52b803b686024e7fbbbe8bfe
-e Current_Content/September_2025/13b16a71-6c78-1014-99de-97f34aea39ef.meca	biorxiv/unpacked/Current_Content/September_2025/13b16a71-6c78-1014-99de-97f34aea39ef/content/672687.pdf	https://biorxiv-copy.s3.eu-west-2.amazonaws.com/biorxiv/unpacked/Current_Content/September_2025/13b16a71-6c78-1014-99de-97f34aea39ef/content/672687.pdf?X-Amz-Algorithm=AWS4-HMAC-SHA256&X-Amz-Credential=AKIASDVMRCD4TLKVRSCH%2F20250920%2Feu-west-2%2Fs3%2Faws4_request&X-Amz-Date=20250920T174203Z&X-Amz-Expires=360000&X-Amz-SignedHeaders=host&X-Amz-Signature=72dff04d6736e8f545bc9f463884f9100d4b32bff17890f9126a5b20c8014347
-e Current_Content/September_2025/13b75f4c-7c3e-1014-8fa4-e179967ee8c3.meca	biorxiv/unpacked/Current_Content/September_2025/13b75f4c-7c3e-1014-8fa4-e179967ee8c3/content/674365.pdf	https://biorxiv-copy.s3.eu-west-2.amazonaws.com/biorxiv/unpacked/Current_Content/September_2025/13b75f4c-7c3e-1014-8fa4-e179967ee8c3/content/674365.pdf?X-Amz-Algorithm=AWS4-HMAC-SHA256&X-Amz-Credential=AKIASDVMRCD4TLKVRSCH%2F20250920%2Feu-west-2%2Fs3%2Faws4_request&X-Amz-Date=20250920T174204Z&X-Amz-Expires=360000&X-Amz-SignedHeaders=host&X-Amz-Signature=ca33bf161ed37355cb4f5b54559ff98f1443af07dbe3e33b0d171fdc01643115
-e Current_Content/September_2025/13bd40d9-6c36-1014-b6fa-bbe9e9167aa3.meca	biorxiv/unpacked/Current_Content/September_2025/13bd40d9-6c36-1014-b6fa-bbe9e9167aa3/content/supplements/610389_file02.pdf	https://biorxiv-copy.s3.eu-west-2.amazonaws.com/biorxiv/unpacked/Current_Content/September_2025/13bd40d9-6c36-1014-b6fa-bbe9e9167aa3/content/supplements/610389_file02.pdf?X-Amz-Algorithm=AWS4-HMAC-SHA256&X-Amz-Credential=AKIASDVMRCD4TLKVRSCH%2F20250920%2Feu-west-2%2Fs3%2Faws4_request&X-Amz-Date=20250920T174205Z&X-Amz-Expires=360000&X-Amz-SignedHeaders=host&X-Amz-Signature=fdf642f08018cfb9513dffa1b89e6758175f10272035e3c5d975c97dabc5f467
-e Current_Content/September_2025/13bee233-7b77-1014-b84e-a10e985e8405.meca	biorxiv/unpacked/Current_Content/September_2025/13bee233-7b77-1014-b84e-a10e985e8405/content/674037.pdf	https://biorxiv-copy.s3.eu-west-2.amazonaws.com/biorxiv/unpacked/Current_Content/September_2025/13bee233-7b77-1014-b84e-a10e985e8405/content/674037.pdf?X-Amz-Algorithm=AWS4-HMAC-SHA256&X-Amz-Credential=AKIASDVMRCD4TLKVRSCH%2F20250920%2Feu-west-2%2Fs3%2Faws4_request&X-Amz-Date=20250920T174206Z&X-Amz-Expires=360000&X-Amz-SignedHeaders=host&X-Amz-Signature=92585c39f1cff8667784be85262675f7603d7a78a6baad545fd0b55a495c3e38
-e Current_Content/September_2025/13c45b8c-7002-1014-a83d-809f273bfb90.meca	biorxiv/unpacked/Current_Content/September_2025/13c45b8c-7002-1014-a83d-809f273bfb90/content/675514.pdf	https://biorxiv-copy.s3.eu-west-2.amazonaws.com/biorxiv/unpacked/Current_Content/September_2025/13c45b8c-7002-1014-a83d-809f273bfb90/content/675514.pdf?X-Amz-Algorithm=AWS4-HMAC-SHA256&X-Amz-Credential=AKIASDVMRCD4TLKVRSCH%2F20250920%2Feu-west-2%2Fs3%2Faws4_request&X-Amz-Date=20250920T174207Z&X-Amz-Expires=360000&X-Amz-SignedHeaders=host&X-Amz-Signature=c330700628b5c297f18aa3288a53cdbe0c79c23df95065e460f1a27c9ed3070a
-e Current_Content/September_2025/13d2141f-7e99-1014-bac5-90f2533cff5e.meca	biorxiv/unpacked/Current_Content/September_2025/13d2141f-7e99-1014-bac5-90f2533cff5e/content/671724.pdf	https://biorxiv-copy.s3.eu-west-2.amazonaws.com/biorxiv/unpacked/Current_Content/September_2025/13d2141f-7e99-1014-bac5-90f2533cff5e/content/671724.pdf?X-Amz-Algorithm=AWS4-HMAC-SHA256&X-Amz-Credential=AKIASDVMRCD4TLKVRSCH%2F20250920%2Feu-west-2%2Fs3%2Faws4_request&X-Amz-Date=20250920T174208Z&X-Amz-Expires=360000&X-Amz-SignedHeaders=host&X-Amz-Signature=34423f512802196f21192109fff34887c107c213e96c03b0a682fc5085902815
-e Current_Content/September_2025/13d4571c-70f1-1014-a540-be973280c931.meca	biorxiv/unpacked/Current_Content/September_2025/13d4571c-70f1-1014-a540-be973280c931/content/675841.pdf	https://biorxiv-copy.s3.eu-west-2.amazonaws.com/biorxiv/unpacked/Current_Content/September_2025/13d4571c-70f1-1014-a540-be973280c931/content/675841.pdf?X-Amz-Algorithm=AWS4-HMAC-SHA256&X-Amz-Credential=AKIASDVMRCD4TLKVRSCH%2F20250920%2Feu-west-2%2Fs3%2Faws4_request&X-Amz-Date=20250920T174209Z&X-Amz-Expires=360000&X-Amz-SignedHeaders=host&X-Amz-Signature=2857e0500f380880a5fd5db8d4887ff1237e2813aba297e363f534446f7bba17
-e Current_Content/September_2025/13daeec5-6f02-1014-aea8-90e13ca975c9.meca	biorxiv/unpacked/Current_Content/September_2025/13daeec5-6f02-1014-aea8-90e13ca975c9/content/675685.pdf	https://biorxiv-copy.s3.eu-west-2.amazonaws.com/biorxiv/unpacked/Current_Content/September_2025/13daeec5-6f02-1014-aea8-90e13ca975c9/content/675685.pdf?X-Amz-Algorithm=AWS4-HMAC-SHA256&X-Amz-Credential=AKIASDVMRCD4TLKVRSCH%2F20250920%2Feu-west-2%2Fs3%2Faws4_request&X-Amz-Date=20250920T174210Z&X-Amz-Expires=360000&X-Amz-SignedHeaders=host&X-Amz-Signature=d45d22de4ebdc621473a43c5ad958eeb79208641e2de9a989e361fceeeeb182a
-e Current_Content/September_2025/140481ad-7d06-1014-a569-aea87d7c05c6.meca	biorxiv/unpacked/Current_Content/September_2025/140481ad-7d06-1014-a569-aea87d7c05c6/content/674564.pdf	https://biorxiv-copy.s3.eu-west-2.amazonaws.com/biorxiv/unpacked/Current_Content/September_2025/140481ad-7d06-1014-a569-aea87d7c05c6/content/674564.pdf?X-Amz-Algorithm=AWS4-HMAC-SHA256&X-Amz-Credential=AKIASDVMRCD4TLKVRSCH%2F20250920%2Feu-west-2%2Fs3%2Faws4_request&X-Amz-Date=20250920T174211Z&X-Amz-Expires=360000&X-Amz-SignedHeaders=host&X-Amz-Signature=5c8c22aa4d21ee855ccca8b0d8d12ab71c62a02b2884fb0e72ca441a3b415899
-e Current_Content/September_2025/141b009c-7bbe-1014-9817-e7d15d66d9f9.meca	biorxiv/unpacked/Current_Content/September_2025/141b009c-7bbe-1014-9817-e7d15d66d9f9/content/supplements/576737_file02.pdf	https://biorxiv-copy.s3.eu-west-2.amazonaws.com/biorxiv/unpacked/Current_Content/September_2025/141b009c-7bbe-1014-9817-e7d15d66d9f9/content/supplements/576737_file02.pdf?X-Amz-Algorithm=AWS4-HMAC-SHA256&X-Amz-Credential=AKIASDVMRCD4TLKVRSCH%2F20250920%2Feu-west-2%2Fs3%2Faws4_request&X-Amz-Date=20250920T174212Z&X-Amz-Expires=360000&X-Amz-SignedHeaders=host&X-Amz-Signature=1db9ea85f5f0d65f1f6f3d2fff61f96833de1e9a49e16afaab666171e8f89800
-e Current_Content/September_2025/142aff21-709c-1014-9c5f-a99955bf9617.meca	biorxiv/unpacked/Current_Content/September_2025/142aff21-709c-1014-9c5f-a99955bf9617/content/675757.pdf	https://biorxiv-copy.s3.eu-west-2.amazonaws.com/biorxiv/unpacked/Current_Content/September_2025/142aff21-709c-1014-9c5f-a99955bf9617/content/675757.pdf?X-Amz-Algorithm=AWS4-HMAC-SHA256&X-Amz-Credential=AKIASDVMRCD4TLKVRSCH%2F20250920%2Feu-west-2%2Fs3%2Faws4_request&X-Amz-Date=20250920T174213Z&X-Amz-Expires=360000&X-Amz-SignedHeaders=host&X-Amz-Signature=c7a78c594854038061aca462c8b3a0a600dd5753ef3998dc8cbfd3b095843976
-e Current_Content/September_2025/142f0773-7ca4-1014-b229-f4fcc5d096ab.meca	biorxiv/unpacked/Current_Content/September_2025/142f0773-7ca4-1014-b229-f4fcc5d096ab/content/674461.pdf	https://biorxiv-copy.s3.eu-west-2.amazonaws.com/biorxiv/unpacked/Current_Content/September_2025/142f0773-7ca4-1014-b229-f4fcc5d096ab/content/674461.pdf?X-Amz-Algorithm=AWS4-HMAC-SHA256&X-Amz-Credential=AKIASDVMRCD4TLKVRSCH%2F20250920%2Feu-west-2%2Fs3%2Faws4_request&X-Amz-Date=20250920T174214Z&X-Amz-Expires=360000&X-Amz-SignedHeaders=host&X-Amz-Signature=2fb44079dfaa3f0e22f571fd4c52c97adf0ba08dc046c8d279c97251ff3c8499
-e Current_Content/September_2025/14327e2b-6c84-1014-8206-a9a3e258eddf.meca	biorxiv/unpacked/Current_Content/September_2025/14327e2b-6c84-1014-8206-a9a3e258eddf/content/supplements/672673_file03.pdf	https://biorxiv-copy.s3.eu-west-2.amazonaws.com/biorxiv/unpacked/Current_Content/September_2025/14327e2b-6c84-1014-8206-a9a3e258eddf/content/supplements/672673_file03.pdf?X-Amz-Algorithm=AWS4-HMAC-SHA256&X-Amz-Credential=AKIASDVMRCD4TLKVRSCH%2F20250920%2Feu-west-2%2Fs3%2Faws4_request&X-Amz-Date=20250920T174215Z&X-Amz-Expires=360000&X-Amz-SignedHeaders=host&X-Amz-Signature=212ef3a78045d2f89a54bb628066473e8bf085d4df96c10d12137b3356770eac
-e Current_Content/September_2025/1470b609-6d61-1014-9b78-e492a0c32052.meca	biorxiv/unpacked/Current_Content/September_2025/1470b609-6d61-1014-9b78-e492a0c32052/content/674571.pdf	https://biorxiv-copy.s3.eu-west-2.amazonaws.com/biorxiv/unpacked/Current_Content/September_2025/1470b609-6d61-1014-9b78-e492a0c32052/content/674571.pdf?X-Amz-Algorithm=AWS4-HMAC-SHA256&X-Amz-Credential=AKIASDVMRCD4TLKVRSCH%2F20250920%2Feu-west-2%2Fs3%2Faws4_request&X-Amz-Date=20250920T174216Z&X-Amz-Expires=360000&X-Amz-SignedHeaders=host&X-Amz-Signature=30d8c99219fb65f1e5e957e8c0cfb0572411a38a4c8423f4a551b813f00f7213
-e Current_Content/September_2025/14717afe-6f03-1014-a3e7-b2934b5019f7.meca	biorxiv/unpacked/Current_Content/September_2025/14717afe-6f03-1014-a3e7-b2934b5019f7/content/672380.pdf	https://biorxiv-copy.s3.eu-west-2.amazonaws.com/biorxiv/unpacked/Current_Content/September_2025/14717afe-6f03-1014-a3e7-b2934b5019f7/content/672380.pdf?X-Amz-Algorithm=AWS4-HMAC-SHA256&X-Amz-Credential=AKIASDVMRCD4TLKVRSCH%2F20250920%2Feu-west-2%2Fs3%2Faws4_request&X-Amz-Date=20250920T174217Z&X-Amz-Expires=360000&X-Amz-SignedHeaders=host&X-Amz-Signature=0646bf2eaa95e32b0c72f896e016e2fdfd2f206bcac68cca735bfae388c1e972
-e Current_Content/September_2025/14987507-6cf9-1014-88fd-e46fa0cccd1a.meca	biorxiv/unpacked/Current_Content/September_2025/14987507-6cf9-1014-88fd-e46fa0cccd1a/content/supplements/673177_file02.pdf	https://biorxiv-copy.s3.eu-west-2.amazonaws.com/biorxiv/unpacked/Current_Content/September_2025/14987507-6cf9-1014-88fd-e46fa0cccd1a/content/supplements/673177_file02.pdf?X-Amz-Algorithm=AWS4-HMAC-SHA256&X-Amz-Credential=AKIASDVMRCD4TLKVRSCH%2F20250920%2Feu-west-2%2Fs3%2Faws4_request&X-Amz-Date=20250920T174218Z&X-Amz-Expires=360000&X-Amz-SignedHeaders=host&X-Amz-Signature=7932fc9affd5c2f4a7eeb40bbc00b5dd223642823666b00d767dfe5fb089f797
-e Current_Content/September_2025/149c48ff-7d22-1014-bdd9-ab4157d4498e.meca	biorxiv/unpacked/Current_Content/September_2025/149c48ff-7d22-1014-bdd9-ab4157d4498e/content/673933.pdf	https://biorxiv-copy.s3.eu-west-2.amazonaws.com/biorxiv/unpacked/Current_Content/September_2025/149c48ff-7d22-1014-bdd9-ab4157d4498e/content/673933.pdf?X-Amz-Algorithm=AWS4-HMAC-SHA256&X-Amz-Credential=AKIASDVMRCD4TLKVRSCH%2F20250920%2Feu-west-2%2Fs3%2Faws4_request&X-Amz-Date=20250920T174219Z&X-Amz-Expires=360000&X-Amz-SignedHeaders=host&X-Amz-Signature=d234e276984009d816d59940246ac7dabc2e5473eaa5bec3aad807b43157cf2c
-e Current_Content/September_2025/14a48fc8-6df0-1014-8558-87b1a7483a78.meca	biorxiv/unpacked/Current_Content/September_2025/14a48fc8-6df0-1014-8558-87b1a7483a78/content/674405.pdf	https://biorxiv-copy.s3.eu-west-2.amazonaws.com/biorxiv/unpacked/Current_Content/September_2025/14a48fc8-6df0-1014-8558-87b1a7483a78/content/674405.pdf?X-Amz-Algorithm=AWS4-HMAC-SHA256&X-Amz-Credential=AKIASDVMRCD4TLKVRSCH%2F20250920%2Feu-west-2%2Fs3%2Faws4_request&X-Amz-Date=20250920T174220Z&X-Amz-Expires=360000&X-Amz-SignedHeaders=host&X-Amz-Signature=f98a6bdd6054fbc1faae839266aa271dfea0907dd9b9b1a0061ee4af961120ac
-e Current_Content/September_2025/14bd685e-7aab-1014-bcd8-db5009fa781a.meca	biorxiv/unpacked/Current_Content/September_2025/14bd685e-7aab-1014-bcd8-db5009fa781a/content/672006.pdf	https://biorxiv-copy.s3.eu-west-2.amazonaws.com/biorxiv/unpacked/Current_Content/September_2025/14bd685e-7aab-1014-bcd8-db5009fa781a/content/672006.pdf?X-Amz-Algorithm=AWS4-HMAC-SHA256&X-Amz-Credential=AKIASDVMRCD4TLKVRSCH%2F20250920%2Feu-west-2%2Fs3%2Faws4_request&X-Amz-Date=20250920T174221Z&X-Amz-Expires=360000&X-Amz-SignedHeaders=host&X-Amz-Signature=8dc122725d9cee71bbd079fa49bca800720f6cbcf8b9c2ebf84af1050e410985
-e Current_Content/September_2025/14e0c3f4-7d66-1014-a17f-f9925709339f.meca	biorxiv/unpacked/Current_Content/September_2025/14e0c3f4-7d66-1014-a17f-f9925709339f/content/673925.pdf	https://biorxiv-copy.s3.eu-west-2.amazonaws.com/biorxiv/unpacked/Current_Content/September_2025/14e0c3f4-7d66-1014-a17f-f9925709339f/content/673925.pdf?X-Amz-Algorithm=AWS4-HMAC-SHA256&X-Amz-Credential=AKIASDVMRCD4TLKVRSCH%2F20250920%2Feu-west-2%2Fs3%2Faws4_request&X-Amz-Date=20250920T174222Z&X-Amz-Expires=360000&X-Amz-SignedHeaders=host&X-Amz-Signature=b52d2996b1c90b9cd32abe686ac18d1830b623fa0ce822aa010e41c4d4f7bc00
-e Current_Content/September_2025/14e8dcd8-6eff-1014-909e-80005dc474d6.meca	biorxiv/unpacked/Current_Content/September_2025/14e8dcd8-6eff-1014-909e-80005dc474d6/content/supplements/673592_file02.pdf	https://biorxiv-copy.s3.eu-west-2.amazonaws.com/biorxiv/unpacked/Current_Content/September_2025/14e8dcd8-6eff-1014-909e-80005dc474d6/content/supplements/673592_file02.pdf?X-Amz-Algorithm=AWS4-HMAC-SHA256&X-Amz-Credential=AKIASDVMRCD4TLKVRSCH%2F20250920%2Feu-west-2%2Fs3%2Faws4_request&X-Amz-Date=20250920T174223Z&X-Amz-Expires=360000&X-Amz-SignedHeaders=host&X-Amz-Signature=c6c465950bff1e05738834e19ea5d2d84c9ec0546e99698a217c71cac983af76
-e Current_Content/September_2025/14ebe1f9-7ac8-1014-91c9-b5032fa05696.meca	biorxiv/unpacked/Current_Content/September_2025/14ebe1f9-7ac8-1014-91c9-b5032fa05696/content/673748.pdf	https://biorxiv-copy.s3.eu-west-2.amazonaws.com/biorxiv/unpacked/Current_Content/September_2025/14ebe1f9-7ac8-1014-91c9-b5032fa05696/content/673748.pdf?X-Amz-Algorithm=AWS4-HMAC-SHA256&X-Amz-Credential=AKIASDVMRCD4TLKVRSCH%2F20250920%2Feu-west-2%2Fs3%2Faws4_request&X-Amz-Date=20250920T174224Z&X-Amz-Expires=360000&X-Amz-SignedHeaders=host&X-Amz-Signature=22c0eb89ab30583ab7cd7dd36065a154816c4dd480e510663ea5a2abab2f840a
-e Current_Content/September_2025/14f0d622-7b10-1014-abad-8934d6d95350.meca	biorxiv/unpacked/Current_Content/September_2025/14f0d622-7b10-1014-abad-8934d6d95350/content/673515.pdf	https://biorxiv-copy.s3.eu-west-2.amazonaws.com/biorxiv/unpacked/Current_Content/September_2025/14f0d622-7b10-1014-abad-8934d6d95350/content/673515.pdf?X-Amz-Algorithm=AWS4-HMAC-SHA256&X-Amz-Credential=AKIASDVMRCD4TLKVRSCH%2F20250920%2Feu-west-2%2Fs3%2Faws4_request&X-Amz-Date=20250920T174225Z&X-Amz-Expires=360000&X-Amz-SignedHeaders=host&X-Amz-Signature=98d35a5bd699cd89f9bbd73daf6484e21e5730a92696a9cdd0ddb2bc964482af
-e Current_Content/September_2025/1518d8c2-6d61-1014-b868-ade7717c86c6.meca	biorxiv/unpacked/Current_Content/September_2025/1518d8c2-6d61-1014-b868-ade7717c86c6/content/559753.pdf	https://biorxiv-copy.s3.eu-west-2.amazonaws.com/biorxiv/unpacked/Current_Content/September_2025/1518d8c2-6d61-1014-b868-ade7717c86c6/content/559753.pdf?X-Amz-Algorithm=AWS4-HMAC-SHA256&X-Amz-Credential=AKIASDVMRCD4TLKVRSCH%2F20250920%2Feu-west-2%2Fs3%2Faws4_request&X-Amz-Date=20250920T174226Z&X-Amz-Expires=360000&X-Amz-SignedHeaders=host&X-Amz-Signature=1132372b1d4fed7f199073727ab9b53c91469ccfd86b55da84bbdf6ce1da50f4
-e Current_Content/September_2025/1528dc27-7e0f-1014-920a-e9f51553ccc8.meca	biorxiv/unpacked/Current_Content/September_2025/1528dc27-7e0f-1014-920a-e9f51553ccc8/content/supplements/630906_file02.pdf	https://biorxiv-copy.s3.eu-west-2.amazonaws.com/biorxiv/unpacked/Current_Content/September_2025/1528dc27-7e0f-1014-920a-e9f51553ccc8/content/supplements/630906_file02.pdf?X-Amz-Algorithm=AWS4-HMAC-SHA256&X-Amz-Credential=AKIASDVMRCD4TLKVRSCH%2F20250920%2Feu-west-2%2Fs3%2Faws4_request&X-Amz-Date=20250920T174227Z&X-Amz-Expires=360000&X-Amz-SignedHeaders=host&X-Amz-Signature=6b09f0ebd78ce80ccdead6ef87da9ae39d4d62587b2a2d13948cb956370d76db
-e Current_Content/September_2025/15359fcf-7c89-1014-84bf-d3e83459b107.meca	biorxiv/unpacked/Current_Content/September_2025/15359fcf-7c89-1014-84bf-d3e83459b107/content/supplements/674255_file02.pdf	https://biorxiv-copy.s3.eu-west-2.amazonaws.com/biorxiv/unpacked/Current_Content/September_2025/15359fcf-7c89-1014-84bf-d3e83459b107/content/supplements/674255_file02.pdf?X-Amz-Algorithm=AWS4-HMAC-SHA256&X-Amz-Credential=AKIASDVMRCD4TLKVRSCH%2F20250920%2Feu-west-2%2Fs3%2Faws4_request&X-Amz-Date=20250920T174228Z&X-Amz-Expires=360000&X-Amz-SignedHeaders=host&X-Amz-Signature=346e95ed0f16218ce335ae38732ee5e5bd5fa26635f7c790912e68c463f93506
-e Current_Content/September_2025/1572fb60-6d71-1014-98fc-98aa42d43c3b.meca	biorxiv/unpacked/Current_Content/September_2025/1572fb60-6d71-1014-98fc-98aa42d43c3b/content/674532.pdf	https://biorxiv-copy.s3.eu-west-2.amazonaws.com/biorxiv/unpacked/Current_Content/September_2025/1572fb60-6d71-1014-98fc-98aa42d43c3b/content/674532.pdf?X-Amz-Algorithm=AWS4-HMAC-SHA256&X-Amz-Credential=AKIASDVMRCD4TLKVRSCH%2F20250920%2Feu-west-2%2Fs3%2Faws4_request&X-Amz-Date=20250920T174229Z&X-Amz-Expires=360000&X-Amz-SignedHeaders=host&X-Amz-Signature=413463a35e5ee17e524c98bc70f823c6d12c258cc9d521f3e6169ac5fcdee148
-e Current_Content/September_2025/157378d8-7046-1014-970c-9e0e397a77b1.meca	biorxiv/unpacked/Current_Content/September_2025/157378d8-7046-1014-970c-9e0e397a77b1/content/supplements/605317_file06.pdf	https://biorxiv-copy.s3.eu-west-2.amazonaws.com/biorxiv/unpacked/Current_Content/September_2025/157378d8-7046-1014-970c-9e0e397a77b1/content/supplements/605317_file06.pdf?X-Amz-Algorithm=AWS4-HMAC-SHA256&X-Amz-Credential=AKIASDVMRCD4TLKVRSCH%2F20250920%2Feu-west-2%2Fs3%2Faws4_request&X-Amz-Date=20250920T174230Z&X-Amz-Expires=360000&X-Amz-SignedHeaders=host&X-Amz-Signature=a7bda4685e9f18993dff9192be622b2fb2e77ee22cd7ee956ca4173a71a27e9b
-e Current_Content/September_2025/158e1c21-6f49-1014-810a-f13c46cb99c9.meca	biorxiv/unpacked/Current_Content/September_2025/158e1c21-6f49-1014-810a-f13c46cb99c9/content/676134.pdf	https://biorxiv-copy.s3.eu-west-2.amazonaws.com/biorxiv/unpacked/Current_Content/September_2025/158e1c21-6f49-1014-810a-f13c46cb99c9/content/676134.pdf?X-Amz-Algorithm=AWS4-HMAC-SHA256&X-Amz-Credential=AKIASDVMRCD4TLKVRSCH%2F20250920%2Feu-west-2%2Fs3%2Faws4_request&X-Amz-Date=20250920T174231Z&X-Amz-Expires=360000&X-Amz-SignedHeaders=host&X-Amz-Signature=ec94fbd0ea27c4f857b91605300cb8010ad9c00bccd30e4a03a2a9599bb33961
-e Current_Content/September_2025/1597073b-6f35-1014-9e6c-f93217e22f77.meca	biorxiv/unpacked/Current_Content/September_2025/1597073b-6f35-1014-9e6c-f93217e22f77/content/674978.pdf	https://biorxiv-copy.s3.eu-west-2.amazonaws.com/biorxiv/unpacked/Current_Content/September_2025/1597073b-6f35-1014-9e6c-f93217e22f77/content/674978.pdf?X-Amz-Algorithm=AWS4-HMAC-SHA256&X-Amz-Credential=AKIASDVMRCD4TLKVRSCH%2F20250920%2Feu-west-2%2Fs3%2Faws4_request&X-Amz-Date=20250920T174232Z&X-Amz-Expires=360000&X-Amz-SignedHeaders=host&X-Amz-Signature=c4bb76fab9044e1b7f120ea602d69eb25b92c3b651c30f388cbc5a541e9b0a73
-e Current_Content/September_2025/159ca1e8-6c8b-1014-9f15-840b365e8ab9.meca	biorxiv/unpacked/Current_Content/September_2025/159ca1e8-6c8b-1014-9f15-840b365e8ab9/content/supplements/660721_file03.pdf	https://biorxiv-copy.s3.eu-west-2.amazonaws.com/biorxiv/unpacked/Current_Content/September_2025/159ca1e8-6c8b-1014-9f15-840b365e8ab9/content/supplements/660721_file03.pdf?X-Amz-Algorithm=AWS4-HMAC-SHA256&X-Amz-Credential=AKIASDVMRCD4TLKVRSCH%2F20250920%2Feu-west-2%2Fs3%2Faws4_request&X-Amz-Date=20250920T174233Z&X-Amz-Expires=360000&X-Amz-SignedHeaders=host&X-Amz-Signature=52f58e724138c2b6dc218d39fc2c1700591338553c9e2642bcd22d5419e1ccdc
-e Current_Content/September_2025/15b67889-7e98-1014-8a52-fb65b8b2dd42.meca	biorxiv/unpacked/Current_Content/September_2025/15b67889-7e98-1014-8a52-fb65b8b2dd42/content/675099.pdf	https://biorxiv-copy.s3.eu-west-2.amazonaws.com/biorxiv/unpacked/Current_Content/September_2025/15b67889-7e98-1014-8a52-fb65b8b2dd42/content/675099.pdf?X-Amz-Algorithm=AWS4-HMAC-SHA256&X-Amz-Credential=AKIASDVMRCD4TLKVRSCH%2F20250920%2Feu-west-2%2Fs3%2Faws4_request&X-Amz-Date=20250920T174234Z&X-Amz-Expires=360000&X-Amz-SignedHeaders=host&X-Amz-Signature=d1e18743f194ba570df52dd425284c605b5b8659bcf8e69d60732d6fb3e14706
-e Current_Content/September_2025/15c48354-6ebd-1014-9ecf-929736ab181b.meca	biorxiv/unpacked/Current_Content/September_2025/15c48354-6ebd-1014-9ecf-929736ab181b/content/supplements/672744_file02.pdf	https://biorxiv-copy.s3.eu-west-2.amazonaws.com/biorxiv/unpacked/Current_Content/September_2025/15c48354-6ebd-1014-9ecf-929736ab181b/content/supplements/672744_file02.pdf?X-Amz-Algorithm=AWS4-HMAC-SHA256&X-Amz-Credential=AKIASDVMRCD4TLKVRSCH%2F20250920%2Feu-west-2%2Fs3%2Faws4_request&X-Amz-Date=20250920T174235Z&X-Amz-Expires=360000&X-Amz-SignedHeaders=host&X-Amz-Signature=753f298610cc514182fd478919e1dec3be036b59bd07f634cf71b50a582b9617
-e Current_Content/September_2025/15e3c1da-70ce-1014-ba8a-a07c5f29251e.meca	biorxiv/unpacked/Current_Content/September_2025/15e3c1da-70ce-1014-ba8a-a07c5f29251e/content/675689.pdf	https://biorxiv-copy.s3.eu-west-2.amazonaws.com/biorxiv/unpacked/Current_Content/September_2025/15e3c1da-70ce-1014-ba8a-a07c5f29251e/content/675689.pdf?X-Amz-Algorithm=AWS4-HMAC-SHA256&X-Amz-Credential=AKIASDVMRCD4TLKVRSCH%2F20250920%2Feu-west-2%2Fs3%2Faws4_request&X-Amz-Date=20250920T174236Z&X-Amz-Expires=360000&X-Amz-SignedHeaders=host&X-Amz-Signature=11c005bcf480c9eaff7f774e5b0366d12d36de75045e1007968495401fce8fff
-e Current_Content/September_2025/15e413f9-7aab-1014-8f68-b90ca5d4fe66.meca	biorxiv/unpacked/Current_Content/September_2025/15e413f9-7aab-1014-8f68-b90ca5d4fe66/content/673089.pdf	https://biorxiv-copy.s3.eu-west-2.amazonaws.com/biorxiv/unpacked/Current_Content/September_2025/15e413f9-7aab-1014-8f68-b90ca5d4fe66/content/673089.pdf?X-Amz-Algorithm=AWS4-HMAC-SHA256&X-Amz-Credential=AKIASDVMRCD4TLKVRSCH%2F20250920%2Feu-west-2%2Fs3%2Faws4_request&X-Amz-Date=20250920T174237Z&X-Amz-Expires=360000&X-Amz-SignedHeaders=host&X-Amz-Signature=3b3a43d2b1c6e9be465019f44eaf1d2a564e894bea9fc709f7031b2527788ee1
-e Current_Content/September_2025/15ffbf46-7001-1014-b2d9-e890509b3842.meca	biorxiv/unpacked/Current_Content/September_2025/15ffbf46-7001-1014-b2d9-e890509b3842/content/632783.pdf	https://biorxiv-copy.s3.eu-west-2.amazonaws.com/biorxiv/unpacked/Current_Content/September_2025/15ffbf46-7001-1014-b2d9-e890509b3842/content/632783.pdf?X-Amz-Algorithm=AWS4-HMAC-SHA256&X-Amz-Credential=AKIASDVMRCD4TLKVRSCH%2F20250920%2Feu-west-2%2Fs3%2Faws4_request&X-Amz-Date=20250920T174238Z&X-Amz-Expires=360000&X-Amz-SignedHeaders=host&X-Amz-Signature=ab19f137fa336b4078e8d5c0a8969294d5753b9ed942b91ba4b07ef695674736
-e Current_Content/September_2025/16140957-6e65-1014-8bc8-aa6f3dc23c5b.meca	biorxiv/unpacked/Current_Content/September_2025/16140957-6e65-1014-8bc8-aa6f3dc23c5b/content/675391.pdf	https://biorxiv-copy.s3.eu-west-2.amazonaws.com/biorxiv/unpacked/Current_Content/September_2025/16140957-6e65-1014-8bc8-aa6f3dc23c5b/content/675391.pdf?X-Amz-Algorithm=AWS4-HMAC-SHA256&X-Amz-Credential=AKIASDVMRCD4TLKVRSCH%2F20250920%2Feu-west-2%2Fs3%2Faws4_request&X-Amz-Date=20250920T174239Z&X-Amz-Expires=360000&X-Amz-SignedHeaders=host&X-Amz-Signature=e39ca7d4097ca0129a5b24e2769baff51a6ce34343863af81c1a57992b36bed6
-e Current_Content/September_2025/1632f702-7734-1014-9fcf-d0ac03b2de5b.meca	biorxiv/unpacked/Current_Content/September_2025/1632f702-7734-1014-9fcf-d0ac03b2de5b/content/supplements/672807_file02.pdf	https://biorxiv-copy.s3.eu-west-2.amazonaws.com/biorxiv/unpacked/Current_Content/September_2025/1632f702-7734-1014-9fcf-d0ac03b2de5b/content/supplements/672807_file02.pdf?X-Amz-Algorithm=AWS4-HMAC-SHA256&X-Amz-Credential=AKIASDVMRCD4TLKVRSCH%2F20250920%2Feu-west-2%2Fs3%2Faws4_request&X-Amz-Date=20250920T174240Z&X-Amz-Expires=360000&X-Amz-SignedHeaders=host&X-Amz-Signature=9173c394b5446275b34abd8912658ad34a88a72794cd98a44764f28073088be0
-e Current_Content/September_2025/16353a2b-6c78-1014-aa98-e8a8703a624c.meca	biorxiv/unpacked/Current_Content/September_2025/16353a2b-6c78-1014-aa98-e8a8703a624c/content/672688.pdf	https://biorxiv-copy.s3.eu-west-2.amazonaws.com/biorxiv/unpacked/Current_Content/September_2025/16353a2b-6c78-1014-aa98-e8a8703a624c/content/672688.pdf?X-Amz-Algorithm=AWS4-HMAC-SHA256&X-Amz-Credential=AKIASDVMRCD4TLKVRSCH%2F20250920%2Feu-west-2%2Fs3%2Faws4_request&X-Amz-Date=20250920T174241Z&X-Amz-Expires=360000&X-Amz-SignedHeaders=host&X-Amz-Signature=f4bbb986e73099d3afd24b84452007d0692364e32fbd7b91555c2cd0ebcfe148
-e Current_Content/September_2025/16376644-6caa-1014-aa78-f9cd1e7dcd85.meca	biorxiv/unpacked/Current_Content/September_2025/16376644-6caa-1014-aa78-f9cd1e7dcd85/content/673118.pdf	https://biorxiv-copy.s3.eu-west-2.amazonaws.com/biorxiv/unpacked/Current_Content/September_2025/16376644-6caa-1014-aa78-f9cd1e7dcd85/content/673118.pdf?X-Amz-Algorithm=AWS4-HMAC-SHA256&X-Amz-Credential=AKIASDVMRCD4TLKVRSCH%2F20250920%2Feu-west-2%2Fs3%2Faws4_request&X-Amz-Date=20250920T174242Z&X-Amz-Expires=360000&X-Amz-SignedHeaders=host&X-Amz-Signature=45de7ecdb107e40d2aa257f78fafb66f99f5d1e13c9272588e6c2de0cb84e816
-e Current_Content/September_2025/1638d2c9-7bc5-1014-a3e3-97ef6fcea419.meca	biorxiv/unpacked/Current_Content/September_2025/1638d2c9-7bc5-1014-a3e3-97ef6fcea419/content/674236.pdf	https://biorxiv-copy.s3.eu-west-2.amazonaws.com/biorxiv/unpacked/Current_Content/September_2025/1638d2c9-7bc5-1014-a3e3-97ef6fcea419/content/674236.pdf?X-Amz-Algorithm=AWS4-HMAC-SHA256&X-Amz-Credential=AKIASDVMRCD4TLKVRSCH%2F20250920%2Feu-west-2%2Fs3%2Faws4_request&X-Amz-Date=20250920T174243Z&X-Amz-Expires=360000&X-Amz-SignedHeaders=host&X-Amz-Signature=da3374e858a6a66a72fd9ee18d0bcb9f77362aa4a19fd5af61bfca85ec2aba38
-e Current_Content/September_2025/1657871b-7bed-1014-a7d2-a448754f28a2.meca	biorxiv/unpacked/Current_Content/September_2025/1657871b-7bed-1014-a7d2-a448754f28a2/content/672927.pdf	https://biorxiv-copy.s3.eu-west-2.amazonaws.com/biorxiv/unpacked/Current_Content/September_2025/1657871b-7bed-1014-a7d2-a448754f28a2/content/672927.pdf?X-Amz-Algorithm=AWS4-HMAC-SHA256&X-Amz-Credential=AKIASDVMRCD4TLKVRSCH%2F20250920%2Feu-west-2%2Fs3%2Faws4_request&X-Amz-Date=20250920T174244Z&X-Amz-Expires=360000&X-Amz-SignedHeaders=host&X-Amz-Signature=9d26dc85d75f3acefd77b6d2bc658c5bf35530c41078931fcad98f1b032d2506
-e Current_Content/September_2025/1664b02a-7964-1014-b270-bd86089b6784.meca	biorxiv/unpacked/Current_Content/September_2025/1664b02a-7964-1014-b270-bd86089b6784/content/632126.pdf	https://biorxiv-copy.s3.eu-west-2.amazonaws.com/biorxiv/unpacked/Current_Content/September_2025/1664b02a-7964-1014-b270-bd86089b6784/content/632126.pdf?X-Amz-Algorithm=AWS4-HMAC-SHA256&X-Amz-Credential=AKIASDVMRCD4TLKVRSCH%2F20250920%2Feu-west-2%2Fs3%2Faws4_request&X-Amz-Date=20250920T174245Z&X-Amz-Expires=360000&X-Amz-SignedHeaders=host&X-Amz-Signature=6eebf64879b1f58a9ad1ebc5976e87f709f9af126d2659d5b3f12876de559d88
-e Current_Content/September_2025/166ec077-7002-1014-9233-fe02346390ad.meca	biorxiv/unpacked/Current_Content/September_2025/166ec077-7002-1014-9233-fe02346390ad/content/675533.pdf	https://biorxiv-copy.s3.eu-west-2.amazonaws.com/biorxiv/unpacked/Current_Content/September_2025/166ec077-7002-1014-9233-fe02346390ad/content/675533.pdf?X-Amz-Algorithm=AWS4-HMAC-SHA256&X-Amz-Credential=AKIASDVMRCD4TLKVRSCH%2F20250920%2Feu-west-2%2Fs3%2Faws4_request&X-Amz-Date=20250920T174246Z&X-Amz-Expires=360000&X-Amz-SignedHeaders=host&X-Amz-Signature=09caf276ddb606571576165140bd0904e66b76d2dd27c9d0120fc7727e7fab99
-e Current_Content/September_2025/16708a74-7bed-1014-97ae-f4bc2ade8e3a.meca	biorxiv/unpacked/Current_Content/September_2025/16708a74-7bed-1014-97ae-f4bc2ade8e3a/content/659947.pdf	https://biorxiv-copy.s3.eu-west-2.amazonaws.com/biorxiv/unpacked/Current_Content/September_2025/16708a74-7bed-1014-97ae-f4bc2ade8e3a/content/659947.pdf?X-Amz-Algorithm=AWS4-HMAC-SHA256&X-Amz-Credential=AKIASDVMRCD4TLKVRSCH%2F20250920%2Feu-west-2%2Fs3%2Faws4_request&X-Amz-Date=20250920T174247Z&X-Amz-Expires=360000&X-Amz-SignedHeaders=host&X-Amz-Signature=df18242152530f00d52e82834ebea77d483f2eb1418ddf15c66e0af6087493fb
-e Current_Content/September_2025/16712478-70f1-1014-8067-b0c0f47c221f.meca	biorxiv/unpacked/Current_Content/September_2025/16712478-70f1-1014-8067-b0c0f47c221f/content/675876.pdf	https://biorxiv-copy.s3.eu-west-2.amazonaws.com/biorxiv/unpacked/Current_Content/September_2025/16712478-70f1-1014-8067-b0c0f47c221f/content/675876.pdf?X-Amz-Algorithm=AWS4-HMAC-SHA256&X-Amz-Credential=AKIASDVMRCD4TLKVRSCH%2F20250920%2Feu-west-2%2Fs3%2Faws4_request&X-Amz-Date=20250920T174248Z&X-Amz-Expires=360000&X-Amz-SignedHeaders=host&X-Amz-Signature=26d7b75615076ad0faf3d5cae2c656d0162dc92abc78986428d7cf693e0080c5
-e Current_Content/September_2025/168dd4a6-6d72-1014-b766-b02f6610ccf5.meca	biorxiv/unpacked/Current_Content/September_2025/168dd4a6-6d72-1014-b766-b02f6610ccf5/content/675127.pdf	https://biorxiv-copy.s3.eu-west-2.amazonaws.com/biorxiv/unpacked/Current_Content/September_2025/168dd4a6-6d72-1014-b766-b02f6610ccf5/content/675127.pdf?X-Amz-Algorithm=AWS4-HMAC-SHA256&X-Amz-Credential=AKIASDVMRCD4TLKVRSCH%2F20250920%2Feu-west-2%2Fs3%2Faws4_request&X-Amz-Date=20250920T174248Z&X-Amz-Expires=360000&X-Amz-SignedHeaders=host&X-Amz-Signature=5cfc2d396a16ba8eddf631a98197b2cf2b01c4039d4a97abcee2047525c70970
-e Current_Content/September_2025/16acf93e-6f35-1014-b837-9990ac367625.meca	biorxiv/unpacked/Current_Content/September_2025/16acf93e-6f35-1014-b837-9990ac367625/content/620005.pdf	https://biorxiv-copy.s3.eu-west-2.amazonaws.com/biorxiv/unpacked/Current_Content/September_2025/16acf93e-6f35-1014-b837-9990ac367625/content/620005.pdf?X-Amz-Algorithm=AWS4-HMAC-SHA256&X-Amz-Credential=AKIASDVMRCD4TLKVRSCH%2F20250920%2Feu-west-2%2Fs3%2Faws4_request&X-Amz-Date=20250920T174249Z&X-Amz-Expires=360000&X-Amz-SignedHeaders=host&X-Amz-Signature=07f0901e9fd461344b9588b5fca611aa3e13c778abb9d67f6d7ab552bffb084e
-e Current_Content/September_2025/16b97d54-7d06-1014-a16d-aed90acbba99.meca	biorxiv/unpacked/Current_Content/September_2025/16b97d54-7d06-1014-a16d-aed90acbba99/content/674621.pdf	https://biorxiv-copy.s3.eu-west-2.amazonaws.com/biorxiv/unpacked/Current_Content/September_2025/16b97d54-7d06-1014-a16d-aed90acbba99/content/674621.pdf?X-Amz-Algorithm=AWS4-HMAC-SHA256&X-Amz-Credential=AKIASDVMRCD4TLKVRSCH%2F20250920%2Feu-west-2%2Fs3%2Faws4_request&X-Amz-Date=20250920T174250Z&X-Amz-Expires=360000&X-Amz-SignedHeaders=host&X-Amz-Signature=6f5df04ba2f66a489da940d698d4cf533a4395b304fe1324e197935169941951
-e Current_Content/September_2025/16bd0d3d-709c-1014-8576-f4531747e71d.meca	biorxiv/unpacked/Current_Content/September_2025/16bd0d3d-709c-1014-8576-f4531747e71d/content/675776.pdf	https://biorxiv-copy.s3.eu-west-2.amazonaws.com/biorxiv/unpacked/Current_Content/September_2025/16bd0d3d-709c-1014-8576-f4531747e71d/content/675776.pdf?X-Amz-Algorithm=AWS4-HMAC-SHA256&X-Amz-Credential=AKIASDVMRCD4TLKVRSCH%2F20250920%2Feu-west-2%2Fs3%2Faws4_request&X-Amz-Date=20250920T174251Z&X-Amz-Expires=360000&X-Amz-SignedHeaders=host&X-Amz-Signature=e6ea5d965f8413795e34b8d1fa420a5d4094c0beb9e942bc2e31fe53ce3c1a66
-e Current_Content/September_2025/16c8f579-7175-1014-b5f1-b055759b2017.meca	biorxiv/unpacked/Current_Content/September_2025/16c8f579-7175-1014-b5f1-b055759b2017/content/676312.pdf	https://biorxiv-copy.s3.eu-west-2.amazonaws.com/biorxiv/unpacked/Current_Content/September_2025/16c8f579-7175-1014-b5f1-b055759b2017/content/676312.pdf?X-Amz-Algorithm=AWS4-HMAC-SHA256&X-Amz-Credential=AKIASDVMRCD4TLKVRSCH%2F20250920%2Feu-west-2%2Fs3%2Faws4_request&X-Amz-Date=20250920T174252Z&X-Amz-Expires=360000&X-Amz-SignedHeaders=host&X-Amz-Signature=4663db35fb9392ac370f2f804bcb1ca7d7fe590e7126fce9f03897a132473c39
-e Current_Content/September_2025/16d55f0e-6d61-1014-9684-c99ff982cda1.meca	biorxiv/unpacked/Current_Content/September_2025/16d55f0e-6d61-1014-9684-c99ff982cda1/content/674577.pdf	https://biorxiv-copy.s3.eu-west-2.amazonaws.com/biorxiv/unpacked/Current_Content/September_2025/16d55f0e-6d61-1014-9684-c99ff982cda1/content/674577.pdf?X-Amz-Algorithm=AWS4-HMAC-SHA256&X-Amz-Credential=AKIASDVMRCD4TLKVRSCH%2F20250920%2Feu-west-2%2Fs3%2Faws4_request&X-Amz-Date=20250920T174253Z&X-Amz-Expires=360000&X-Amz-SignedHeaders=host&X-Amz-Signature=aeb4add003c913eb5d5563faec0dcbd2796f02b71325c84314bcfc22ce310b89
-e Current_Content/September_2025/16e54084-70f0-1014-915a-b5ab564e5614.meca	biorxiv/unpacked/Current_Content/September_2025/16e54084-70f0-1014-915a-b5ab564e5614/content/668429.pdf	https://biorxiv-copy.s3.eu-west-2.amazonaws.com/biorxiv/unpacked/Current_Content/September_2025/16e54084-70f0-1014-915a-b5ab564e5614/content/668429.pdf?X-Amz-Algorithm=AWS4-HMAC-SHA256&X-Amz-Credential=AKIASDVMRCD4TLKVRSCH%2F20250920%2Feu-west-2%2Fs3%2Faws4_request&X-Amz-Date=20250920T174254Z&X-Amz-Expires=360000&X-Amz-SignedHeaders=host&X-Amz-Signature=f5a8d25913d08070a16e2c5e2cd3c58bb337d6f208cec17c9386ef331d511bcf
-e Current_Content/September_2025/16fc6407-7d3f-1014-bda6-8f5868626178.meca	biorxiv/unpacked/Current_Content/September_2025/16fc6407-7d3f-1014-bda6-8f5868626178/content/674547.pdf	https://biorxiv-copy.s3.eu-west-2.amazonaws.com/biorxiv/unpacked/Current_Content/September_2025/16fc6407-7d3f-1014-bda6-8f5868626178/content/674547.pdf?X-Amz-Algorithm=AWS4-HMAC-SHA256&X-Amz-Credential=AKIASDVMRCD4TLKVRSCH%2F20250920%2Feu-west-2%2Fs3%2Faws4_request&X-Amz-Date=20250920T174255Z&X-Amz-Expires=360000&X-Amz-SignedHeaders=host&X-Amz-Signature=067fe20962639aa34bd9ba9a41b5f7f99ca6d811d6e1efcd54967e3ee6f8c33e
-e Current_Content/September_2025/1727f7d1-778c-1014-bc47-e666a53c3838.meca	biorxiv/unpacked/Current_Content/September_2025/1727f7d1-778c-1014-bc47-e666a53c3838/content/672633.pdf	https://biorxiv-copy.s3.eu-west-2.amazonaws.com/biorxiv/unpacked/Current_Content/September_2025/1727f7d1-778c-1014-bc47-e666a53c3838/content/672633.pdf?X-Amz-Algorithm=AWS4-HMAC-SHA256&X-Amz-Credential=AKIASDVMRCD4TLKVRSCH%2F20250920%2Feu-west-2%2Fs3%2Faws4_request&X-Amz-Date=20250920T174256Z&X-Amz-Expires=360000&X-Amz-SignedHeaders=host&X-Amz-Signature=c3efda1ee7fe18e11a2b54f4870b6ead09d4d3a87c6d8bf886aeea0a03c7e40d
-e Current_Content/September_2025/17288652-6cf9-1014-98c3-ecd7d7e4c30e.meca	biorxiv/unpacked/Current_Content/September_2025/17288652-6cf9-1014-98c3-ecd7d7e4c30e/content/673192.pdf	https://biorxiv-copy.s3.eu-west-2.amazonaws.com/biorxiv/unpacked/Current_Content/September_2025/17288652-6cf9-1014-98c3-ecd7d7e4c30e/content/673192.pdf?X-Amz-Algorithm=AWS4-HMAC-SHA256&X-Amz-Credential=AKIASDVMRCD4TLKVRSCH%2F20250920%2Feu-west-2%2Fs3%2Faws4_request&X-Amz-Date=20250920T174257Z&X-Amz-Expires=360000&X-Amz-SignedHeaders=host&X-Amz-Signature=967b317d2e95f1fcd98b5692114872d8edf97205a2f80cd9e62120b3b8eb8a70
-e Current_Content/September_2025/17348223-7e0f-1014-abca-cc475eda4529.meca	biorxiv/unpacked/Current_Content/September_2025/17348223-7e0f-1014-abca-cc475eda4529/content/674210.pdf	https://biorxiv-copy.s3.eu-west-2.amazonaws.com/biorxiv/unpacked/Current_Content/September_2025/17348223-7e0f-1014-abca-cc475eda4529/content/674210.pdf?X-Amz-Algorithm=AWS4-HMAC-SHA256&X-Amz-Credential=AKIASDVMRCD4TLKVRSCH%2F20250920%2Feu-west-2%2Fs3%2Faws4_request&X-Amz-Date=20250920T174258Z&X-Amz-Expires=360000&X-Amz-SignedHeaders=host&X-Amz-Signature=fd8aa56c5c17f827154ea377b8fc253c89c917b1164ae8b5dbde9c7465834d4b
-e Current_Content/September_2025/173e4359-6e49-1014-94c1-8a31db8847e4.meca	biorxiv/unpacked/Current_Content/September_2025/173e4359-6e49-1014-94c1-8a31db8847e4/content/675385.pdf	https://biorxiv-copy.s3.eu-west-2.amazonaws.com/biorxiv/unpacked/Current_Content/September_2025/173e4359-6e49-1014-94c1-8a31db8847e4/content/675385.pdf?X-Amz-Algorithm=AWS4-HMAC-SHA256&X-Amz-Credential=AKIASDVMRCD4TLKVRSCH%2F20250920%2Feu-west-2%2Fs3%2Faws4_request&X-Amz-Date=20250920T174259Z&X-Amz-Expires=360000&X-Amz-SignedHeaders=host&X-Amz-Signature=1adddf76760dc23df4b5bc9e111bbf066dae2db18187dbd6174bb29ef2a8d525
-e Current_Content/September_2025/175171c6-7bbe-1014-82c0-88a8c5ba093f.meca	biorxiv/unpacked/Current_Content/September_2025/175171c6-7bbe-1014-82c0-88a8c5ba093f/content/613622.pdf	https://biorxiv-copy.s3.eu-west-2.amazonaws.com/biorxiv/unpacked/Current_Content/September_2025/175171c6-7bbe-1014-82c0-88a8c5ba093f/content/613622.pdf?X-Amz-Algorithm=AWS4-HMAC-SHA256&X-Amz-Credential=AKIASDVMRCD4TLKVRSCH%2F20250920%2Feu-west-2%2Fs3%2Faws4_request&X-Amz-Date=20250920T174300Z&X-Amz-Expires=360000&X-Amz-SignedHeaders=host&X-Amz-Signature=ba6093dea788cad9ab27007f12038f935d15a3a68d55c1c614d0743eeddcc003
-e Current_Content/September_2025/176afa62-7c3e-1014-aea3-8b4e3da4e782.meca	biorxiv/unpacked/Current_Content/September_2025/176afa62-7c3e-1014-aea3-8b4e3da4e782/content/supplements/674548_file02.pdf	https://biorxiv-copy.s3.eu-west-2.amazonaws.com/biorxiv/unpacked/Current_Content/September_2025/176afa62-7c3e-1014-aea3-8b4e3da4e782/content/supplements/674548_file02.pdf?X-Amz-Algorithm=AWS4-HMAC-SHA256&X-Amz-Credential=AKIASDVMRCD4TLKVRSCH%2F20250920%2Feu-west-2%2Fs3%2Faws4_request&X-Amz-Date=20250920T174301Z&X-Amz-Expires=360000&X-Amz-SignedHeaders=host&X-Amz-Signature=85e03b03edeaf070359cc7847c54236a5c1e4d6e40ff70e40c83865060d59c41
-e Current_Content/September_2025/17a5dfae-6c8b-1014-8953-b278ddf32966.meca	biorxiv/unpacked/Current_Content/September_2025/17a5dfae-6c8b-1014-8953-b278ddf32966/content/672569.pdf	https://biorxiv-copy.s3.eu-west-2.amazonaws.com/biorxiv/unpacked/Current_Content/September_2025/17a5dfae-6c8b-1014-8953-b278ddf32966/content/672569.pdf?X-Amz-Algorithm=AWS4-HMAC-SHA256&X-Amz-Credential=AKIASDVMRCD4TLKVRSCH%2F20250920%2Feu-west-2%2Fs3%2Faws4_request&X-Amz-Date=20250920T174302Z&X-Amz-Expires=360000&X-Amz-SignedHeaders=host&X-Amz-Signature=28bc201263d25534fb6a13a303dc3c0e5459382c54f480d4837d32ea172d0f32
-e Current_Content/September_2025/17b4f6b2-715d-1014-8045-ed8d47037a26.meca	biorxiv/unpacked/Current_Content/September_2025/17b4f6b2-715d-1014-8045-ed8d47037a26/content/675772.pdf	https://biorxiv-copy.s3.eu-west-2.amazonaws.com/biorxiv/unpacked/Current_Content/September_2025/17b4f6b2-715d-1014-8045-ed8d47037a26/content/675772.pdf?X-Amz-Algorithm=AWS4-HMAC-SHA256&X-Amz-Credential=AKIASDVMRCD4TLKVRSCH%2F20250920%2Feu-west-2%2Fs3%2Faws4_request&X-Amz-Date=20250920T174303Z&X-Amz-Expires=360000&X-Amz-SignedHeaders=host&X-Amz-Signature=000dc01134ea3608e838395f8515f33c51c948a78ee75ddbc78340b603916f75
-e Current_Content/September_2025/17b559c3-7b10-1014-a623-938dc5f78ba2.meca	biorxiv/unpacked/Current_Content/September_2025/17b559c3-7b10-1014-a623-938dc5f78ba2/content/673553.pdf	https://biorxiv-copy.s3.eu-west-2.amazonaws.com/biorxiv/unpacked/Current_Content/September_2025/17b559c3-7b10-1014-a623-938dc5f78ba2/content/673553.pdf?X-Amz-Algorithm=AWS4-HMAC-SHA256&X-Amz-Credential=AKIASDVMRCD4TLKVRSCH%2F20250920%2Feu-west-2%2Fs3%2Faws4_request&X-Amz-Date=20250920T174304Z&X-Amz-Expires=360000&X-Amz-SignedHeaders=host&X-Amz-Signature=2d390e9ee0c28f15a191773c6368901846c59f2da4d6ed7448d35babe41264fd
-e Current_Content/September_2025/17cb6f32-70aa-1014-ab5e-c91b31c1b3e0.meca	biorxiv/unpacked/Current_Content/September_2025/17cb6f32-70aa-1014-ab5e-c91b31c1b3e0/content/675799.pdf	https://biorxiv-copy.s3.eu-west-2.amazonaws.com/biorxiv/unpacked/Current_Content/September_2025/17cb6f32-70aa-1014-ab5e-c91b31c1b3e0/content/675799.pdf?X-Amz-Algorithm=AWS4-HMAC-SHA256&X-Amz-Credential=AKIASDVMRCD4TLKVRSCH%2F20250920%2Feu-west-2%2Fs3%2Faws4_request&X-Amz-Date=20250920T174305Z&X-Amz-Expires=360000&X-Amz-SignedHeaders=host&X-Amz-Signature=1e091b67eaea02811fe5bc900f1a5c54efb5c1ee232f14dca5f4aca3dcd55119
-e Current_Content/September_2025/183ac40e-7c89-1014-817d-9da52b01346b.meca	biorxiv/unpacked/Current_Content/September_2025/183ac40e-7c89-1014-817d-9da52b01346b/content/674290.pdf	https://biorxiv-copy.s3.eu-west-2.amazonaws.com/biorxiv/unpacked/Current_Content/September_2025/183ac40e-7c89-1014-817d-9da52b01346b/content/674290.pdf?X-Amz-Algorithm=AWS4-HMAC-SHA256&X-Amz-Credential=AKIASDVMRCD4TLKVRSCH%2F20250920%2Feu-west-2%2Fs3%2Faws4_request&X-Amz-Date=20250920T174306Z&X-Amz-Expires=360000&X-Amz-SignedHeaders=host&X-Amz-Signature=32092c54ba797d9e744bd4692cb8ca7bd94254d33044e988c1583ce0219e962f
-e Current_Content/September_2025/18611fb7-6f35-1014-be1a-8ee144d6d4bb.meca	biorxiv/unpacked/Current_Content/September_2025/18611fb7-6f35-1014-be1a-8ee144d6d4bb/content/674998.pdf	https://biorxiv-copy.s3.eu-west-2.amazonaws.com/biorxiv/unpacked/Current_Content/September_2025/18611fb7-6f35-1014-be1a-8ee144d6d4bb/content/674998.pdf?X-Amz-Algorithm=AWS4-HMAC-SHA256&X-Amz-Credential=AKIASDVMRCD4TLKVRSCH%2F20250920%2Feu-west-2%2Fs3%2Faws4_request&X-Amz-Date=20250920T174307Z&X-Amz-Expires=360000&X-Amz-SignedHeaders=host&X-Amz-Signature=70f6323c14398388569e80ae1e4c1064f11b68dc87cc9457eddb338d85c9d0df
-e Current_Content/September_2025/18755056-6c78-1014-b154-b1a7006ed318.meca	biorxiv/unpacked/Current_Content/September_2025/18755056-6c78-1014-b154-b1a7006ed318/content/supplements/672698_file08.pdf	https://biorxiv-copy.s3.eu-west-2.amazonaws.com/biorxiv/unpacked/Current_Content/September_2025/18755056-6c78-1014-b154-b1a7006ed318/content/supplements/672698_file08.pdf?X-Amz-Algorithm=AWS4-HMAC-SHA256&X-Amz-Credential=AKIASDVMRCD4TLKVRSCH%2F20250920%2Feu-west-2%2Fs3%2Faws4_request&X-Amz-Date=20250920T174308Z&X-Amz-Expires=360000&X-Amz-SignedHeaders=host&X-Amz-Signature=df21af7c769ce97c5bacc2aefb8945c149d162c0877d1faf87e84a937bcc347d
-e Current_Content/September_2025/189bd7a9-6eff-1014-8520-d218e93a8462.meca	biorxiv/unpacked/Current_Content/September_2025/189bd7a9-6eff-1014-8520-d218e93a8462/content/673599.pdf	https://biorxiv-copy.s3.eu-west-2.amazonaws.com/biorxiv/unpacked/Current_Content/September_2025/189bd7a9-6eff-1014-8520-d218e93a8462/content/673599.pdf?X-Amz-Algorithm=AWS4-HMAC-SHA256&X-Amz-Credential=AKIASDVMRCD4TLKVRSCH%2F20250920%2Feu-west-2%2Fs3%2Faws4_request&X-Amz-Date=20250920T174309Z&X-Amz-Expires=360000&X-Amz-SignedHeaders=host&X-Amz-Signature=cbfefd18bae195376df032bd4a5e7d890bcfe882ce4b252d5e943f2fb605892c
-e Current_Content/September_2025/18ca2ae8-7046-1014-96ae-eacd66b823b1.meca	biorxiv/unpacked/Current_Content/September_2025/18ca2ae8-7046-1014-96ae-eacd66b823b1/content/630813.pdf	https://biorxiv-copy.s3.eu-west-2.amazonaws.com/biorxiv/unpacked/Current_Content/September_2025/18ca2ae8-7046-1014-96ae-eacd66b823b1/content/630813.pdf?X-Amz-Algorithm=AWS4-HMAC-SHA256&X-Amz-Credential=AKIASDVMRCD4TLKVRSCH%2F20250920%2Feu-west-2%2Fs3%2Faws4_request&X-Amz-Date=20250920T174310Z&X-Amz-Expires=360000&X-Amz-SignedHeaders=host&X-Amz-Signature=37bc1f14493b046b6cf80a956f8d2feed571822f99af8e53ac14ce764fe3c0c8
-e Current_Content/September_2025/18d647fd-6c36-1014-9870-bd13725ed8ff.meca	biorxiv/unpacked/Current_Content/September_2025/18d647fd-6c36-1014-9870-bd13725ed8ff/content/636658.pdf	https://biorxiv-copy.s3.eu-west-2.amazonaws.com/biorxiv/unpacked/Current_Content/September_2025/18d647fd-6c36-1014-9870-bd13725ed8ff/content/636658.pdf?X-Amz-Algorithm=AWS4-HMAC-SHA256&X-Amz-Credential=AKIASDVMRCD4TLKVRSCH%2F20250920%2Feu-west-2%2Fs3%2Faws4_request&X-Amz-Date=20250920T174311Z&X-Amz-Expires=360000&X-Amz-SignedHeaders=host&X-Amz-Signature=3459c0427e13b4909bb5a41709c6d31744c25ba525224b8ebc83b091bfb0ddbd
-e Current_Content/September_2025/18dacea7-7e99-1014-97f0-9f0e87898131.meca	biorxiv/unpacked/Current_Content/September_2025/18dacea7-7e99-1014-97f0-9f0e87898131/content/673216.pdf	https://biorxiv-copy.s3.eu-west-2.amazonaws.com/biorxiv/unpacked/Current_Content/September_2025/18dacea7-7e99-1014-97f0-9f0e87898131/content/673216.pdf?X-Amz-Algorithm=AWS4-HMAC-SHA256&X-Amz-Credential=AKIASDVMRCD4TLKVRSCH%2F20250920%2Feu-west-2%2Fs3%2Faws4_request&X-Amz-Date=20250920T174312Z&X-Amz-Expires=360000&X-Amz-SignedHeaders=host&X-Amz-Signature=e539192fb3f187f395352e73e66e88d3bb01fd15d3c0f910e0effccd32663507
-e Current_Content/September_2025/18e3ea12-7964-1014-b8b7-c40d1183ff70.meca	biorxiv/unpacked/Current_Content/September_2025/18e3ea12-7964-1014-b8b7-c40d1183ff70/content/639084.pdf	https://biorxiv-copy.s3.eu-west-2.amazonaws.com/biorxiv/unpacked/Current_Content/September_2025/18e3ea12-7964-1014-b8b7-c40d1183ff70/content/639084.pdf?X-Amz-Algorithm=AWS4-HMAC-SHA256&X-Amz-Credential=AKIASDVMRCD4TLKVRSCH%2F20250920%2Feu-west-2%2Fs3%2Faws4_request&X-Amz-Date=20250920T174313Z&X-Amz-Expires=360000&X-Amz-SignedHeaders=host&X-Amz-Signature=ec32b862e7a085a211e83b5d89e0e257c3dc94d67fd6b4693b143376ced5ee92
-e Current_Content/September_2025/18e449d3-6f49-1014-a485-a88847978b57.meca	biorxiv/unpacked/Current_Content/September_2025/18e449d3-6f49-1014-a485-a88847978b57/content/supplements/676250_file03.pdf	https://biorxiv-copy.s3.eu-west-2.amazonaws.com/biorxiv/unpacked/Current_Content/September_2025/18e449d3-6f49-1014-a485-a88847978b57/content/supplements/676250_file03.pdf?X-Amz-Algorithm=AWS4-HMAC-SHA256&X-Amz-Credential=AKIASDVMRCD4TLKVRSCH%2F20250920%2Feu-west-2%2Fs3%2Faws4_request&X-Amz-Date=20250920T174314Z&X-Amz-Expires=360000&X-Amz-SignedHeaders=host&X-Amz-Signature=5013672a6606970d88ae2ff045660949e3494e5bd700817f6acc76b76fb138dc
-e Current_Content/September_2025/18f283cb-6c84-1014-843f-ff90a55213dd.meca	biorxiv/unpacked/Current_Content/September_2025/18f283cb-6c84-1014-843f-ff90a55213dd/content/supplements/672674_file07.pdf	https://biorxiv-copy.s3.eu-west-2.amazonaws.com/biorxiv/unpacked/Current_Content/September_2025/18f283cb-6c84-1014-843f-ff90a55213dd/content/supplements/672674_file07.pdf?X-Amz-Algorithm=AWS4-HMAC-SHA256&X-Amz-Credential=AKIASDVMRCD4TLKVRSCH%2F20250920%2Feu-west-2%2Fs3%2Faws4_request&X-Amz-Date=20250920T174315Z&X-Amz-Expires=360000&X-Amz-SignedHeaders=host&X-Amz-Signature=884cb508e8d045517ceef378533918ab8651a707b883d7e828c5999471ab615b
-e Current_Content/September_2025/18f2eb78-7bed-1014-a3c0-8e4b5843695e.meca	biorxiv/unpacked/Current_Content/September_2025/18f2eb78-7bed-1014-a3c0-8e4b5843695e/content/supplements/664127_file03.pdf	https://biorxiv-copy.s3.eu-west-2.amazonaws.com/biorxiv/unpacked/Current_Content/September_2025/18f2eb78-7bed-1014-a3c0-8e4b5843695e/content/supplements/664127_file03.pdf?X-Amz-Algorithm=AWS4-HMAC-SHA256&X-Amz-Credential=AKIASDVMRCD4TLKVRSCH%2F20250920%2Feu-west-2%2Fs3%2Faws4_request&X-Amz-Date=20250920T174315Z&X-Amz-Expires=360000&X-Amz-SignedHeaders=host&X-Amz-Signature=b798f35b13b868117590f656f8b28662220117f088ea605505ad629383f2498a
-e Current_Content/September_2025/19034d0c-6d72-1014-8681-f1a6e3214b31.meca	biorxiv/unpacked/Current_Content/September_2025/19034d0c-6d72-1014-8681-f1a6e3214b31/content/supplements/675171_file12.pdf	https://biorxiv-copy.s3.eu-west-2.amazonaws.com/biorxiv/unpacked/Current_Content/September_2025/19034d0c-6d72-1014-8681-f1a6e3214b31/content/supplements/675171_file12.pdf?X-Amz-Algorithm=AWS4-HMAC-SHA256&X-Amz-Credential=AKIASDVMRCD4TLKVRSCH%2F20250920%2Feu-west-2%2Fs3%2Faws4_request&X-Amz-Date=20250920T174316Z&X-Amz-Expires=360000&X-Amz-SignedHeaders=host&X-Amz-Signature=fe086aead757f414702cbf3ed7d0b62246fc2f1bc966859db8a16adedf4e3783
-e Current_Content/September_2025/1924283f-6e65-1014-aab8-a52df9791b20.meca	biorxiv/unpacked/Current_Content/September_2025/1924283f-6e65-1014-aab8-a52df9791b20/content/675452.pdf	https://biorxiv-copy.s3.eu-west-2.amazonaws.com/biorxiv/unpacked/Current_Content/September_2025/1924283f-6e65-1014-aab8-a52df9791b20/content/675452.pdf?X-Amz-Algorithm=AWS4-HMAC-SHA256&X-Amz-Credential=AKIASDVMRCD4TLKVRSCH%2F20250920%2Feu-west-2%2Fs3%2Faws4_request&X-Amz-Date=20250920T174317Z&X-Amz-Expires=360000&X-Amz-SignedHeaders=host&X-Amz-Signature=3e1bbf97f5de7acc2750702c91805435a49c595cb52f6c3694ce3427c1675821
-e Current_Content/September_2025/193bd514-70ce-1014-906d-c1562dd21ef6.meca	biorxiv/unpacked/Current_Content/September_2025/193bd514-70ce-1014-906d-c1562dd21ef6/content/675692.pdf	https://biorxiv-copy.s3.eu-west-2.amazonaws.com/biorxiv/unpacked/Current_Content/September_2025/193bd514-70ce-1014-906d-c1562dd21ef6/content/675692.pdf?X-Amz-Algorithm=AWS4-HMAC-SHA256&X-Amz-Credential=AKIASDVMRCD4TLKVRSCH%2F20250920%2Feu-west-2%2Fs3%2Faws4_request&X-Amz-Date=20250920T174318Z&X-Amz-Expires=360000&X-Amz-SignedHeaders=host&X-Amz-Signature=eda805b7c889e5e318884ef52418df6c074140b1893bd672f2748e7a6d4d6de4
-e Current_Content/September_2025/19430c6e-70f1-1014-ae4a-bb138b408118.meca	biorxiv/unpacked/Current_Content/September_2025/19430c6e-70f1-1014-ae4a-bb138b408118/content/675895.pdf	https://biorxiv-copy.s3.eu-west-2.amazonaws.com/biorxiv/unpacked/Current_Content/September_2025/19430c6e-70f1-1014-ae4a-bb138b408118/content/675895.pdf?X-Amz-Algorithm=AWS4-HMAC-SHA256&X-Amz-Credential=AKIASDVMRCD4TLKVRSCH%2F20250920%2Feu-west-2%2Fs3%2Faws4_request&X-Amz-Date=20250920T174319Z&X-Amz-Expires=360000&X-Amz-SignedHeaders=host&X-Amz-Signature=f951486e8daf8333336492deb578eb9bad5f97a0a34d126dfaad3a28599be824
-e Current_Content/September_2025/1944df43-7d22-1014-8942-c504c14aded4.meca	biorxiv/unpacked/Current_Content/September_2025/1944df43-7d22-1014-8942-c504c14aded4/content/673961.pdf	https://biorxiv-copy.s3.eu-west-2.amazonaws.com/biorxiv/unpacked/Current_Content/September_2025/1944df43-7d22-1014-8942-c504c14aded4/content/673961.pdf?X-Amz-Algorithm=AWS4-HMAC-SHA256&X-Amz-Credential=AKIASDVMRCD4TLKVRSCH%2F20250920%2Feu-west-2%2Fs3%2Faws4_request&X-Amz-Date=20250920T174320Z&X-Amz-Expires=360000&X-Amz-SignedHeaders=host&X-Amz-Signature=4201543df99143c7a0de5237c42a494c50c906d5d3de1fc68a24e5a92f4f8f0d
-e Current_Content/September_2025/194b7346-6d61-1014-9782-eba2385baacc.meca	biorxiv/unpacked/Current_Content/September_2025/194b7346-6d61-1014-9782-eba2385baacc/content/584173.pdf	https://biorxiv-copy.s3.eu-west-2.amazonaws.com/biorxiv/unpacked/Current_Content/September_2025/194b7346-6d61-1014-9782-eba2385baacc/content/584173.pdf?X-Amz-Algorithm=AWS4-HMAC-SHA256&X-Amz-Credential=AKIASDVMRCD4TLKVRSCH%2F20250920%2Feu-west-2%2Fs3%2Faws4_request&X-Amz-Date=20250920T174321Z&X-Amz-Expires=360000&X-Amz-SignedHeaders=host&X-Amz-Signature=77fe9d6848e08898f522940393546da40d1f0d0516eeebb6cc805e992ac3bf39
-e Current_Content/September_2025/19520790-7bc6-1014-8e1e-f50d358cacbd.meca	biorxiv/unpacked/Current_Content/September_2025/19520790-7bc6-1014-8e1e-f50d358cacbd/content/674440.pdf	https://biorxiv-copy.s3.eu-west-2.amazonaws.com/biorxiv/unpacked/Current_Content/September_2025/19520790-7bc6-1014-8e1e-f50d358cacbd/content/674440.pdf?X-Amz-Algorithm=AWS4-HMAC-SHA256&X-Amz-Credential=AKIASDVMRCD4TLKVRSCH%2F20250920%2Feu-west-2%2Fs3%2Faws4_request&X-Amz-Date=20250920T174322Z&X-Amz-Expires=360000&X-Amz-SignedHeaders=host&X-Amz-Signature=a4f3ca816cfed94a2dd868003083ba943c70b1ffd9232a76e31554a3724feb1f
-e Current_Content/September_2025/1963a77c-7e0f-1014-98b4-b51c7552ab02.meca	biorxiv/unpacked/Current_Content/September_2025/1963a77c-7e0f-1014-98b4-b51c7552ab02/content/636488.pdf	https://biorxiv-copy.s3.eu-west-2.amazonaws.com/biorxiv/unpacked/Current_Content/September_2025/1963a77c-7e0f-1014-98b4-b51c7552ab02/content/636488.pdf?X-Amz-Algorithm=AWS4-HMAC-SHA256&X-Amz-Credential=AKIASDVMRCD4TLKVRSCH%2F20250920%2Feu-west-2%2Fs3%2Faws4_request&X-Amz-Date=20250920T174323Z&X-Amz-Expires=360000&X-Amz-SignedHeaders=host&X-Amz-Signature=4693234742857f90cdcc302c07a322ba3078fc0c3aee0f1dacecd599c7e8ef1c
-e Current_Content/September_2025/196486ee-709c-1014-9e03-8265e1e8c1c5.meca	biorxiv/unpacked/Current_Content/September_2025/196486ee-709c-1014-9e03-8265e1e8c1c5/content/675817.pdf	https://biorxiv-copy.s3.eu-west-2.amazonaws.com/biorxiv/unpacked/Current_Content/September_2025/196486ee-709c-1014-9e03-8265e1e8c1c5/content/675817.pdf?X-Amz-Algorithm=AWS4-HMAC-SHA256&X-Amz-Credential=AKIASDVMRCD4TLKVRSCH%2F20250920%2Feu-west-2%2Fs3%2Faws4_request&X-Amz-Date=20250920T174324Z&X-Amz-Expires=360000&X-Amz-SignedHeaders=host&X-Amz-Signature=1eb4a89b39416ec2b4543ccb866c439d9bf27b0188287e9b0a47f948abf93f7b
-e Current_Content/September_2025/1965e814-7bed-1014-a3d1-dda533b7da81.meca	biorxiv/unpacked/Current_Content/September_2025/1965e814-7bed-1014-a3d1-dda533b7da81/content/673113.pdf	https://biorxiv-copy.s3.eu-west-2.amazonaws.com/biorxiv/unpacked/Current_Content/September_2025/1965e814-7bed-1014-a3d1-dda533b7da81/content/673113.pdf?X-Amz-Algorithm=AWS4-HMAC-SHA256&X-Amz-Credential=AKIASDVMRCD4TLKVRSCH%2F20250920%2Feu-west-2%2Fs3%2Faws4_request&X-Amz-Date=20250920T174325Z&X-Amz-Expires=360000&X-Amz-SignedHeaders=host&X-Amz-Signature=551b4ea952fc952c0ee08f5fe3e1274e4f1ad7e8c354ac9f310c8d241c8b0184
-e Current_Content/September_2025/1976b7f2-7b77-1014-9d78-baf221e306fc.meca	biorxiv/unpacked/Current_Content/September_2025/1976b7f2-7b77-1014-9d78-baf221e306fc/content/supplements/674194_file02.pdf	https://biorxiv-copy.s3.eu-west-2.amazonaws.com/biorxiv/unpacked/Current_Content/September_2025/1976b7f2-7b77-1014-9d78-baf221e306fc/content/supplements/674194_file02.pdf?X-Amz-Algorithm=AWS4-HMAC-SHA256&X-Amz-Credential=AKIASDVMRCD4TLKVRSCH%2F20250920%2Feu-west-2%2Fs3%2Faws4_request&X-Amz-Date=20250920T174326Z&X-Amz-Expires=360000&X-Amz-SignedHeaders=host&X-Amz-Signature=d22734414e4acab7e7550b14b0047a5d06e981c8eb0cfeca52f6471418e9bcd8
-e Current_Content/September_2025/197cb635-7001-1014-8697-80c621c76ac4.meca	biorxiv/unpacked/Current_Content/September_2025/197cb635-7001-1014-8697-80c621c76ac4/content/634634.pdf	https://biorxiv-copy.s3.eu-west-2.amazonaws.com/biorxiv/unpacked/Current_Content/September_2025/197cb635-7001-1014-8697-80c621c76ac4/content/634634.pdf?X-Amz-Algorithm=AWS4-HMAC-SHA256&X-Amz-Credential=AKIASDVMRCD4TLKVRSCH%2F20250920%2Feu-west-2%2Fs3%2Faws4_request&X-Amz-Date=20250920T174327Z&X-Amz-Expires=360000&X-Amz-SignedHeaders=host&X-Amz-Signature=090d1dc4626f9e1b51a561d33e1ac50ee3aea8acc7656eb8efa8857e5b4935c4
-e Current_Content/September_2025/199b9a69-7d3f-1014-87c1-f82de341a1b8.meca	biorxiv/unpacked/Current_Content/September_2025/199b9a69-7d3f-1014-87c1-f82de341a1b8/content/674665.pdf	https://biorxiv-copy.s3.eu-west-2.amazonaws.com/biorxiv/unpacked/Current_Content/September_2025/199b9a69-7d3f-1014-87c1-f82de341a1b8/content/674665.pdf?X-Amz-Algorithm=AWS4-HMAC-SHA256&X-Amz-Credential=AKIASDVMRCD4TLKVRSCH%2F20250920%2Feu-west-2%2Fs3%2Faws4_request&X-Amz-Date=20250920T174328Z&X-Amz-Expires=360000&X-Amz-SignedHeaders=host&X-Amz-Signature=51c7a7060c5cd9690498af76b5ed1192655204c28270c2d0fb50c40405889027
-e Current_Content/September_2025/199e3056-6f02-1014-90d8-f6c47e2a5349.meca	biorxiv/unpacked/Current_Content/September_2025/199e3056-6f02-1014-90d8-f6c47e2a5349/content/675721.pdf	https://biorxiv-copy.s3.eu-west-2.amazonaws.com/biorxiv/unpacked/Current_Content/September_2025/199e3056-6f02-1014-90d8-f6c47e2a5349/content/675721.pdf?X-Amz-Algorithm=AWS4-HMAC-SHA256&X-Amz-Credential=AKIASDVMRCD4TLKVRSCH%2F20250920%2Feu-west-2%2Fs3%2Faws4_request&X-Amz-Date=20250920T174329Z&X-Amz-Expires=360000&X-Amz-SignedHeaders=host&X-Amz-Signature=8ef8d17f78153e83ecb48efe80245b80dd1e204c7413776950bd2a043b3f2835
-e Current_Content/September_2025/19ae6c53-7d06-1014-bf7b-fca611979e45.meca	biorxiv/unpacked/Current_Content/September_2025/19ae6c53-7d06-1014-bf7b-fca611979e45/content/674639.pdf	https://biorxiv-copy.s3.eu-west-2.amazonaws.com/biorxiv/unpacked/Current_Content/September_2025/19ae6c53-7d06-1014-bf7b-fca611979e45/content/674639.pdf?X-Amz-Algorithm=AWS4-HMAC-SHA256&X-Amz-Credential=AKIASDVMRCD4TLKVRSCH%2F20250920%2Feu-west-2%2Fs3%2Faws4_request&X-Amz-Date=20250920T174330Z&X-Amz-Expires=360000&X-Amz-SignedHeaders=host&X-Amz-Signature=1113fdcdff68b0991a8e98e49bd4ad28fbbc1c6f7908be22547136e5ba567d88
-e Current_Content/September_2025/19eca509-7002-1014-843e-bc303f2ee9b0.meca	biorxiv/unpacked/Current_Content/September_2025/19eca509-7002-1014-843e-bc303f2ee9b0/content/675537.pdf	https://biorxiv-copy.s3.eu-west-2.amazonaws.com/biorxiv/unpacked/Current_Content/September_2025/19eca509-7002-1014-843e-bc303f2ee9b0/content/675537.pdf?X-Amz-Algorithm=AWS4-HMAC-SHA256&X-Amz-Credential=AKIASDVMRCD4TLKVRSCH%2F20250920%2Feu-west-2%2Fs3%2Faws4_request&X-Amz-Date=20250920T174331Z&X-Amz-Expires=360000&X-Amz-SignedHeaders=host&X-Amz-Signature=b2206acd870d4b9b41d6226ffd635aab8cc6ec367fb17cc76c93b059777f3f38
-e Current_Content/September_2025/19ed3441-6cf9-1014-8c5e-8ee36b7f8552.meca	biorxiv/unpacked/Current_Content/September_2025/19ed3441-6cf9-1014-8c5e-8ee36b7f8552/content/673196.pdf	https://biorxiv-copy.s3.eu-west-2.amazonaws.com/biorxiv/unpacked/Current_Content/September_2025/19ed3441-6cf9-1014-8c5e-8ee36b7f8552/content/673196.pdf?X-Amz-Algorithm=AWS4-HMAC-SHA256&X-Amz-Credential=AKIASDVMRCD4TLKVRSCH%2F20250920%2Feu-west-2%2Fs3%2Faws4_request&X-Amz-Date=20250920T174332Z&X-Amz-Expires=360000&X-Amz-SignedHeaders=host&X-Amz-Signature=12a870b6b5367415479e420744c2a1fe04141f9ab33568c0efb26ba7fa2d398f
-e Current_Content/September_2025/19f61127-7d3e-1014-b36d-8acfa9167d3c.meca	biorxiv/unpacked/Current_Content/September_2025/19f61127-7d3e-1014-b36d-8acfa9167d3c/content/650920.pdf	https://biorxiv-copy.s3.eu-west-2.amazonaws.com/biorxiv/unpacked/Current_Content/September_2025/19f61127-7d3e-1014-b36d-8acfa9167d3c/content/650920.pdf?X-Amz-Algorithm=AWS4-HMAC-SHA256&X-Amz-Credential=AKIASDVMRCD4TLKVRSCH%2F20250920%2Feu-west-2%2Fs3%2Faws4_request&X-Amz-Date=20250920T174333Z&X-Amz-Expires=360000&X-Amz-SignedHeaders=host&X-Amz-Signature=7fefa9f7e64db9c87d866eadfc0b1133927aaaadc4a237693002e96fa415da19
-e Current_Content/September_2025/19f7da68-6c8b-1014-919f-92d554885abd.meca	biorxiv/unpacked/Current_Content/September_2025/19f7da68-6c8b-1014-919f-92d554885abd/content/672598.pdf	https://biorxiv-copy.s3.eu-west-2.amazonaws.com/biorxiv/unpacked/Current_Content/September_2025/19f7da68-6c8b-1014-919f-92d554885abd/content/672598.pdf?X-Amz-Algorithm=AWS4-HMAC-SHA256&X-Amz-Credential=AKIASDVMRCD4TLKVRSCH%2F20250920%2Feu-west-2%2Fs3%2Faws4_request&X-Amz-Date=20250920T174334Z&X-Amz-Expires=360000&X-Amz-SignedHeaders=host&X-Amz-Signature=fb666d1100b3a267a0f413bfd427e566d2d9747370b581e38c7d821f18c78e35
-e Current_Content/September_2025/1a00edd5-7e98-1014-9e98-b6aedd8ea0bd.meca	biorxiv/unpacked/Current_Content/September_2025/1a00edd5-7e98-1014-9e98-b6aedd8ea0bd/content/675132.pdf	https://biorxiv-copy.s3.eu-west-2.amazonaws.com/biorxiv/unpacked/Current_Content/September_2025/1a00edd5-7e98-1014-9e98-b6aedd8ea0bd/content/675132.pdf?X-Amz-Algorithm=AWS4-HMAC-SHA256&X-Amz-Credential=AKIASDVMRCD4TLKVRSCH%2F20250920%2Feu-west-2%2Fs3%2Faws4_request&X-Amz-Date=20250920T174335Z&X-Amz-Expires=360000&X-Amz-SignedHeaders=host&X-Amz-Signature=748937208ceca4c8e48bcec9cf81b20d21e496ce163b9f689ff0e7646cda015d
-e Current_Content/September_2025/1a0f8089-6d61-1014-9eb7-9f03fd9eb8ed.meca	biorxiv/unpacked/Current_Content/September_2025/1a0f8089-6d61-1014-9eb7-9f03fd9eb8ed/content/674598.pdf	https://biorxiv-copy.s3.eu-west-2.amazonaws.com/biorxiv/unpacked/Current_Content/September_2025/1a0f8089-6d61-1014-9eb7-9f03fd9eb8ed/content/674598.pdf?X-Amz-Algorithm=AWS4-HMAC-SHA256&X-Amz-Credential=AKIASDVMRCD4TLKVRSCH%2F20250920%2Feu-west-2%2Fs3%2Faws4_request&X-Amz-Date=20250920T174336Z&X-Amz-Expires=360000&X-Amz-SignedHeaders=host&X-Amz-Signature=4d25cd339ccca1c68dc25d48e8bb10418f8b43ba39a5b4cdc6c676678146f0d0
-e Current_Content/September_2025/1a1c3728-70f0-1014-818b-87ffb9816069.meca	biorxiv/unpacked/Current_Content/September_2025/1a1c3728-70f0-1014-818b-87ffb9816069/content/668456.pdf	https://biorxiv-copy.s3.eu-west-2.amazonaws.com/biorxiv/unpacked/Current_Content/September_2025/1a1c3728-70f0-1014-818b-87ffb9816069/content/668456.pdf?X-Amz-Algorithm=AWS4-HMAC-SHA256&X-Amz-Credential=AKIASDVMRCD4TLKVRSCH%2F20250920%2Feu-west-2%2Fs3%2Faws4_request&X-Amz-Date=20250920T174337Z&X-Amz-Expires=360000&X-Amz-SignedHeaders=host&X-Amz-Signature=789b7280efc2f6d3b32cbff663a6c262f87222cbabed4ee02a7bfa6e01e58866
-e Current_Content/September_2025/1a3fd1d7-7aab-1014-9d69-a2505a030f01.meca	biorxiv/unpacked/Current_Content/September_2025/1a3fd1d7-7aab-1014-9d69-a2505a030f01/content/672180.pdf	https://biorxiv-copy.s3.eu-west-2.amazonaws.com/biorxiv/unpacked/Current_Content/September_2025/1a3fd1d7-7aab-1014-9d69-a2505a030f01/content/672180.pdf?X-Amz-Algorithm=AWS4-HMAC-SHA256&X-Amz-Credential=AKIASDVMRCD4TLKVRSCH%2F20250920%2Feu-west-2%2Fs3%2Faws4_request&X-Amz-Date=20250920T174337Z&X-Amz-Expires=360000&X-Amz-SignedHeaders=host&X-Amz-Signature=b8ba23a4fb1a46a18ea5d33de283e2bfcf988a95e7cb5b20c10a6feae6918d9a
-e Current_Content/September_2025/1a5b3107-6f03-1014-9cc1-be29fd049087.meca	biorxiv/unpacked/Current_Content/September_2025/1a5b3107-6f03-1014-9cc1-be29fd049087/content/674413.pdf	https://biorxiv-copy.s3.eu-west-2.amazonaws.com/biorxiv/unpacked/Current_Content/September_2025/1a5b3107-6f03-1014-9cc1-be29fd049087/content/674413.pdf?X-Amz-Algorithm=AWS4-HMAC-SHA256&X-Amz-Credential=AKIASDVMRCD4TLKVRSCH%2F20250920%2Feu-west-2%2Fs3%2Faws4_request&X-Amz-Date=20250920T174339Z&X-Amz-Expires=360000&X-Amz-SignedHeaders=host&X-Amz-Signature=173469c799e3c1e109285de2ce99da4d3fd28a2074934866ba7eaa5d926635d7
-e Current_Content/September_2025/1a611b70-7e0f-1014-8f43-ac58471346c7.meca	biorxiv/unpacked/Current_Content/September_2025/1a611b70-7e0f-1014-8f43-ac58471346c7/content/674239.pdf	https://biorxiv-copy.s3.eu-west-2.amazonaws.com/biorxiv/unpacked/Current_Content/September_2025/1a611b70-7e0f-1014-8f43-ac58471346c7/content/674239.pdf?X-Amz-Algorithm=AWS4-HMAC-SHA256&X-Amz-Credential=AKIASDVMRCD4TLKVRSCH%2F20250920%2Feu-west-2%2Fs3%2Faws4_request&X-Amz-Date=20250920T174339Z&X-Amz-Expires=360000&X-Amz-SignedHeaders=host&X-Amz-Signature=6f70fe29fa029196d8fdaa6ba37143516e92344b27f79ab83247fde34fe1d58b
-e Current_Content/September_2025/1a682a4a-6e49-1014-b01b-807876e4ad2a.meca	biorxiv/unpacked/Current_Content/September_2025/1a682a4a-6e49-1014-b01b-807876e4ad2a/content/675475.pdf	https://biorxiv-copy.s3.eu-west-2.amazonaws.com/biorxiv/unpacked/Current_Content/September_2025/1a682a4a-6e49-1014-b01b-807876e4ad2a/content/675475.pdf?X-Amz-Algorithm=AWS4-HMAC-SHA256&X-Amz-Credential=AKIASDVMRCD4TLKVRSCH%2F20250920%2Feu-west-2%2Fs3%2Faws4_request&X-Amz-Date=20250920T174340Z&X-Amz-Expires=360000&X-Amz-SignedHeaders=host&X-Amz-Signature=ce60c4dd23a66a1b6ba5e910497f9c4cbcdbda2a4500b80217fe658ead1f19f4
-e Current_Content/September_2025/1a8a5fbd-7c3e-1014-ae4d-bba4fd57535b.meca	biorxiv/unpacked/Current_Content/September_2025/1a8a5fbd-7c3e-1014-ae4d-bba4fd57535b/content/674612.pdf	https://biorxiv-copy.s3.eu-west-2.amazonaws.com/biorxiv/unpacked/Current_Content/September_2025/1a8a5fbd-7c3e-1014-ae4d-bba4fd57535b/content/674612.pdf?X-Amz-Algorithm=AWS4-HMAC-SHA256&X-Amz-Credential=AKIASDVMRCD4TLKVRSCH%2F20250920%2Feu-west-2%2Fs3%2Faws4_request&X-Amz-Date=20250920T174341Z&X-Amz-Expires=360000&X-Amz-SignedHeaders=host&X-Amz-Signature=d09d6fad499c6ea3f9b498a797c35997ea855cb5ab55fb360e3d0b9f269089ab
-e Current_Content/September_2025/1a8c3153-6df0-1014-a55a-d3e90376e987.meca	biorxiv/unpacked/Current_Content/September_2025/1a8c3153-6df0-1014-a55a-d3e90376e987/content/674438.pdf	https://biorxiv-copy.s3.eu-west-2.amazonaws.com/biorxiv/unpacked/Current_Content/September_2025/1a8c3153-6df0-1014-a55a-d3e90376e987/content/674438.pdf?X-Amz-Algorithm=AWS4-HMAC-SHA256&X-Amz-Credential=AKIASDVMRCD4TLKVRSCH%2F20250920%2Feu-west-2%2Fs3%2Faws4_request&X-Amz-Date=20250920T174342Z&X-Amz-Expires=360000&X-Amz-SignedHeaders=host&X-Amz-Signature=faed5f263e478019496acfdbbc38fe9761888eca7dedd6973f8215b56ff15d0d
-e Current_Content/September_2025/1aa02a3f-7aab-1014-8d15-d62265bc5f50.meca	biorxiv/unpacked/Current_Content/September_2025/1aa02a3f-7aab-1014-8d15-d62265bc5f50/content/673111.pdf	https://biorxiv-copy.s3.eu-west-2.amazonaws.com/biorxiv/unpacked/Current_Content/September_2025/1aa02a3f-7aab-1014-8d15-d62265bc5f50/content/673111.pdf?X-Amz-Algorithm=AWS4-HMAC-SHA256&X-Amz-Credential=AKIASDVMRCD4TLKVRSCH%2F20250920%2Feu-west-2%2Fs3%2Faws4_request&X-Amz-Date=20250920T174343Z&X-Amz-Expires=360000&X-Amz-SignedHeaders=host&X-Amz-Signature=db07b0bf9d1e0eb26e67b90c8e8c1f64daf9cc7e7805d5cf353581ac1c314c5d
-e Current_Content/September_2025/1aac471d-6f35-1014-b505-f786155d9470.meca	biorxiv/unpacked/Current_Content/September_2025/1aac471d-6f35-1014-b505-f786155d9470/content/623125.pdf	https://biorxiv-copy.s3.eu-west-2.amazonaws.com/biorxiv/unpacked/Current_Content/September_2025/1aac471d-6f35-1014-b505-f786155d9470/content/623125.pdf?X-Amz-Algorithm=AWS4-HMAC-SHA256&X-Amz-Credential=AKIASDVMRCD4TLKVRSCH%2F20250920%2Feu-west-2%2Fs3%2Faws4_request&X-Amz-Date=20250920T174344Z&X-Amz-Expires=360000&X-Amz-SignedHeaders=host&X-Amz-Signature=f23f5aed586be6fb999dc60b9dce32a3cf3e95a2301569b4042d441ae6638388
-e Current_Content/September_2025/1af1ea2c-7ac8-1014-bc00-bdd8599a6246.meca	biorxiv/unpacked/Current_Content/September_2025/1af1ea2c-7ac8-1014-bc00-bdd8599a6246/content/668126.pdf	https://biorxiv-copy.s3.eu-west-2.amazonaws.com/biorxiv/unpacked/Current_Content/September_2025/1af1ea2c-7ac8-1014-bc00-bdd8599a6246/content/668126.pdf?X-Amz-Algorithm=AWS4-HMAC-SHA256&X-Amz-Credential=AKIASDVMRCD4TLKVRSCH%2F20250920%2Feu-west-2%2Fs3%2Faws4_request&X-Amz-Date=20250920T174345Z&X-Amz-Expires=360000&X-Amz-SignedHeaders=host&X-Amz-Signature=f6b29c5d44ba1e6b6c561183b4231a79406b7349b662ae57ff452f217d150a4b
-e Current_Content/September_2025/1afd4340-6d71-1014-a9d4-b1e6600ab06c.meca	biorxiv/unpacked/Current_Content/September_2025/1afd4340-6d71-1014-a9d4-b1e6600ab06c/content/674559.pdf	https://biorxiv-copy.s3.eu-west-2.amazonaws.com/biorxiv/unpacked/Current_Content/September_2025/1afd4340-6d71-1014-a9d4-b1e6600ab06c/content/674559.pdf?X-Amz-Algorithm=AWS4-HMAC-SHA256&X-Amz-Credential=AKIASDVMRCD4TLKVRSCH%2F20250920%2Feu-west-2%2Fs3%2Faws4_request&X-Amz-Date=20250920T174346Z&X-Amz-Expires=360000&X-Amz-SignedHeaders=host&X-Amz-Signature=83f4bfbaa7c8a20cf2d167a1bcfedb44281510286f4063c2378d985a8fe9e44d
-e Current_Content/September_2025/1b14aade-7734-1014-9bfe-897c506d98d1.meca	biorxiv/unpacked/Current_Content/September_2025/1b14aade-7734-1014-9bfe-897c506d98d1/content/supplements/672825_file02.pdf	https://biorxiv-copy.s3.eu-west-2.amazonaws.com/biorxiv/unpacked/Current_Content/September_2025/1b14aade-7734-1014-9bfe-897c506d98d1/content/supplements/672825_file02.pdf?X-Amz-Algorithm=AWS4-HMAC-SHA256&X-Amz-Credential=AKIASDVMRCD4TLKVRSCH%2F20250920%2Feu-west-2%2Fs3%2Faws4_request&X-Amz-Date=20250920T174347Z&X-Amz-Expires=360000&X-Amz-SignedHeaders=host&X-Amz-Signature=44df186656103a2be68ee188380ae41dc2fb5321ab37180f2217e0c90bfde840
-e Current_Content/September_2025/1b1a19ff-7c89-1014-a02d-bed2831a3f53.meca	biorxiv/unpacked/Current_Content/September_2025/1b1a19ff-7c89-1014-a02d-bed2831a3f53/content/674292.pdf	https://biorxiv-copy.s3.eu-west-2.amazonaws.com/biorxiv/unpacked/Current_Content/September_2025/1b1a19ff-7c89-1014-a02d-bed2831a3f53/content/674292.pdf?X-Amz-Algorithm=AWS4-HMAC-SHA256&X-Amz-Credential=AKIASDVMRCD4TLKVRSCH%2F20250920%2Feu-west-2%2Fs3%2Faws4_request&X-Amz-Date=20250920T174348Z&X-Amz-Expires=360000&X-Amz-SignedHeaders=host&X-Amz-Signature=9d12dbdebd91a786e6ce6cbe8120c0d2b2719b5ea4ca9855e355da42c51fe496
-e Current_Content/September_2025/1b2fbb11-778c-1014-bda5-fe90fce4554b.meca	biorxiv/unpacked/Current_Content/September_2025/1b2fbb11-778c-1014-bda5-fe90fce4554b/content/672921.pdf	https://biorxiv-copy.s3.eu-west-2.amazonaws.com/biorxiv/unpacked/Current_Content/September_2025/1b2fbb11-778c-1014-bda5-fe90fce4554b/content/672921.pdf?X-Amz-Algorithm=AWS4-HMAC-SHA256&X-Amz-Credential=AKIASDVMRCD4TLKVRSCH%2F20250920%2Feu-west-2%2Fs3%2Faws4_request&X-Amz-Date=20250920T174349Z&X-Amz-Expires=360000&X-Amz-SignedHeaders=host&X-Amz-Signature=682654b3d68acd64efec5c1dddd44f6d87d41334353ba0cac553552605767827
-e Current_Content/September_2025/1b37f6f4-7b10-1014-ac52-ad26595ea3aa.meca	biorxiv/unpacked/Current_Content/September_2025/1b37f6f4-7b10-1014-ac52-ad26595ea3aa/content/673554.pdf	https://biorxiv-copy.s3.eu-west-2.amazonaws.com/biorxiv/unpacked/Current_Content/September_2025/1b37f6f4-7b10-1014-ac52-ad26595ea3aa/content/673554.pdf?X-Amz-Algorithm=AWS4-HMAC-SHA256&X-Amz-Credential=AKIASDVMRCD4TLKVRSCH%2F20250920%2Feu-west-2%2Fs3%2Faws4_request&X-Amz-Date=20250920T174350Z&X-Amz-Expires=360000&X-Amz-SignedHeaders=host&X-Amz-Signature=c13b818408a2321fc50f7c310717476252dfad847a65bbcb1dc93e52ecbe7e67
-e Current_Content/September_2025/1b3b7b01-7e2f-1014-8e34-916106a6bb77.meca	biorxiv/unpacked/Current_Content/September_2025/1b3b7b01-7e2f-1014-8e34-916106a6bb77/content/667696.pdf	https://biorxiv-copy.s3.eu-west-2.amazonaws.com/biorxiv/unpacked/Current_Content/September_2025/1b3b7b01-7e2f-1014-8e34-916106a6bb77/content/667696.pdf?X-Amz-Algorithm=AWS4-HMAC-SHA256&X-Amz-Credential=AKIASDVMRCD4TLKVRSCH%2F20250920%2Feu-west-2%2Fs3%2Faws4_request&X-Amz-Date=20250920T174352Z&X-Amz-Expires=360000&X-Amz-SignedHeaders=host&X-Amz-Signature=e6fa31e26c111ba1d69443b67a5ff7a7f2dda82a0790bde964efbed59abe4d31
-e Current_Content/September_2025/1b5e2d51-7bbe-1014-8418-e3277ec8a198.meca	biorxiv/unpacked/Current_Content/September_2025/1b5e2d51-7bbe-1014-8418-e3277ec8a198/content/supplements/631328_file02.pdf	https://biorxiv-copy.s3.eu-west-2.amazonaws.com/biorxiv/unpacked/Current_Content/September_2025/1b5e2d51-7bbe-1014-8418-e3277ec8a198/content/supplements/631328_file02.pdf?X-Amz-Algorithm=AWS4-HMAC-SHA256&X-Amz-Credential=AKIASDVMRCD4TLKVRSCH%2F20250920%2Feu-west-2%2Fs3%2Faws4_request&X-Amz-Date=20250920T174353Z&X-Amz-Expires=360000&X-Amz-SignedHeaders=host&X-Amz-Signature=6ee5ab2c8c0873b57e6f35cdd4de78ca565054b2f9651e6eeed32146dce1d46d
-e Current_Content/September_2025/1b9f187d-70f1-1014-8d0e-f87d2c813644.meca	biorxiv/unpacked/Current_Content/September_2025/1b9f187d-70f1-1014-8d0e-f87d2c813644/content/675906.pdf	https://biorxiv-copy.s3.eu-west-2.amazonaws.com/biorxiv/unpacked/Current_Content/September_2025/1b9f187d-70f1-1014-8d0e-f87d2c813644/content/675906.pdf?X-Amz-Algorithm=AWS4-HMAC-SHA256&X-Amz-Credential=AKIASDVMRCD4TLKVRSCH%2F20250920%2Feu-west-2%2Fs3%2Faws4_request&X-Amz-Date=20250920T174354Z&X-Amz-Expires=360000&X-Amz-SignedHeaders=host&X-Amz-Signature=e7d025a8e74fcb8473a59401ba117530fbb78543e6f2092ac6d12fe5a1743df2
-e Current_Content/September_2025/1bc0c26f-7e99-1014-919a-ab571d395de3.meca	biorxiv/unpacked/Current_Content/September_2025/1bc0c26f-7e99-1014-919a-ab571d395de3/content/673512.pdf	https://biorxiv-copy.s3.eu-west-2.amazonaws.com/biorxiv/unpacked/Current_Content/September_2025/1bc0c26f-7e99-1014-919a-ab571d395de3/content/673512.pdf?X-Amz-Algorithm=AWS4-HMAC-SHA256&X-Amz-Credential=AKIASDVMRCD4TLKVRSCH%2F20250920%2Feu-west-2%2Fs3%2Faws4_request&X-Amz-Date=20250920T174354Z&X-Amz-Expires=360000&X-Amz-SignedHeaders=host&X-Amz-Signature=bdd02b453d99684c1dba37fbac479711f5ad140f74eb9a5d9bad88204ddd6833
-e Current_Content/September_2025/1bc25dc6-6caa-1014-be8d-d161ffad84fa.meca	biorxiv/unpacked/Current_Content/September_2025/1bc25dc6-6caa-1014-be8d-d161ffad84fa/content/673130.pdf	https://biorxiv-copy.s3.eu-west-2.amazonaws.com/biorxiv/unpacked/Current_Content/September_2025/1bc25dc6-6caa-1014-be8d-d161ffad84fa/content/673130.pdf?X-Amz-Algorithm=AWS4-HMAC-SHA256&X-Amz-Credential=AKIASDVMRCD4TLKVRSCH%2F20250920%2Feu-west-2%2Fs3%2Faws4_request&X-Amz-Date=20250920T174355Z&X-Amz-Expires=360000&X-Amz-SignedHeaders=host&X-Amz-Signature=da08e878530a9181bbc0f9fd7fba80f93bcd93e1b46c336fdb29f8b5d1d15cd1
-e Current_Content/September_2025/1bc4c4ce-6f35-1014-904d-f9ae2190522e.meca	biorxiv/unpacked/Current_Content/September_2025/1bc4c4ce-6f35-1014-904d-f9ae2190522e/content/675022.pdf	https://biorxiv-copy.s3.eu-west-2.amazonaws.com/biorxiv/unpacked/Current_Content/September_2025/1bc4c4ce-6f35-1014-904d-f9ae2190522e/content/675022.pdf?X-Amz-Algorithm=AWS4-HMAC-SHA256&X-Amz-Credential=AKIASDVMRCD4TLKVRSCH%2F20250920%2Feu-west-2%2Fs3%2Faws4_request&X-Amz-Date=20250920T174357Z&X-Amz-Expires=360000&X-Amz-SignedHeaders=host&X-Amz-Signature=7c80272442bcacc7c8d90d62b66f2c6a8f4205a8a25d8e07c7f529c9098607f7
-e Current_Content/September_2025/1bcbf1da-6c78-1014-b1d4-e0dacd4d3247.meca	biorxiv/unpacked/Current_Content/September_2025/1bcbf1da-6c78-1014-b1d4-e0dacd4d3247/content/672714.pdf	https://biorxiv-copy.s3.eu-west-2.amazonaws.com/biorxiv/unpacked/Current_Content/September_2025/1bcbf1da-6c78-1014-b1d4-e0dacd4d3247/content/672714.pdf?X-Amz-Algorithm=AWS4-HMAC-SHA256&X-Amz-Credential=AKIASDVMRCD4TLKVRSCH%2F20250920%2Feu-west-2%2Fs3%2Faws4_request&X-Amz-Date=20250920T174358Z&X-Amz-Expires=360000&X-Amz-SignedHeaders=host&X-Amz-Signature=f894637e07a4fa327a0fa434ff3a5b64ca2a09661eb9518e5a201d4504ba5f78
-e Current_Content/September_2025/1be614eb-7d22-1014-ae7a-ec7f5c9726e1.meca	biorxiv/unpacked/Current_Content/September_2025/1be614eb-7d22-1014-ae7a-ec7f5c9726e1/content/673977.pdf	https://biorxiv-copy.s3.eu-west-2.amazonaws.com/biorxiv/unpacked/Current_Content/September_2025/1be614eb-7d22-1014-ae7a-ec7f5c9726e1/content/673977.pdf?X-Amz-Algorithm=AWS4-HMAC-SHA256&X-Amz-Credential=AKIASDVMRCD4TLKVRSCH%2F20250920%2Feu-west-2%2Fs3%2Faws4_request&X-Amz-Date=20250920T174359Z&X-Amz-Expires=360000&X-Amz-SignedHeaders=host&X-Amz-Signature=df9b1557f4d2d0563b77edb4cf58a2b3255a21b36bc79416162d352e01aeb504
-e Current_Content/September_2025/1becdc10-6fd9-1014-b359-9cb7991bbcba.meca	biorxiv/unpacked/Current_Content/September_2025/1becdc10-6fd9-1014-b359-9cb7991bbcba/content/supplements/531399_file02.pdf	https://biorxiv-copy.s3.eu-west-2.amazonaws.com/biorxiv/unpacked/Current_Content/September_2025/1becdc10-6fd9-1014-b359-9cb7991bbcba/content/supplements/531399_file02.pdf?X-Amz-Algorithm=AWS4-HMAC-SHA256&X-Amz-Credential=AKIASDVMRCD4TLKVRSCH%2F20250920%2Feu-west-2%2Fs3%2Faws4_request&X-Amz-Date=20250920T174400Z&X-Amz-Expires=360000&X-Amz-SignedHeaders=host&X-Amz-Signature=84363bde1a2786a65c97035fd726a8f2d553eacf935039ff7c152156e7a49ac3
-e Current_Content/September_2025/1beeeaad-7ac8-1014-a6b5-a4876f10c38a.meca	biorxiv/unpacked/Current_Content/September_2025/1beeeaad-7ac8-1014-a6b5-a4876f10c38a/content/673762.pdf	https://biorxiv-copy.s3.eu-west-2.amazonaws.com/biorxiv/unpacked/Current_Content/September_2025/1beeeaad-7ac8-1014-a6b5-a4876f10c38a/content/673762.pdf?X-Amz-Algorithm=AWS4-HMAC-SHA256&X-Amz-Credential=AKIASDVMRCD4TLKVRSCH%2F20250920%2Feu-west-2%2Fs3%2Faws4_request&X-Amz-Date=20250920T174401Z&X-Amz-Expires=360000&X-Amz-SignedHeaders=host&X-Amz-Signature=6f806eb4b103abd5ef02a032aa395ecb6fdeabb729aa2287a0534c443f17f851
-e Current_Content/September_2025/1c00f66f-778a-1014-a25b-ed67110cfdbe.meca	biorxiv/unpacked/Current_Content/September_2025/1c00f66f-778a-1014-a25b-ed67110cfdbe/content/666914.pdf	https://biorxiv-copy.s3.eu-west-2.amazonaws.com/biorxiv/unpacked/Current_Content/September_2025/1c00f66f-778a-1014-a25b-ed67110cfdbe/content/666914.pdf?X-Amz-Algorithm=AWS4-HMAC-SHA256&X-Amz-Credential=AKIASDVMRCD4TLKVRSCH%2F20250920%2Feu-west-2%2Fs3%2Faws4_request&X-Amz-Date=20250920T174402Z&X-Amz-Expires=360000&X-Amz-SignedHeaders=host&X-Amz-Signature=9ca895c19e90623a46703961e40b874728aefec75df45aed32a4a7ab5f6120ea
-e Current_Content/September_2025/1c31162c-6eff-1014-a4b5-f7e8000224f2.meca	biorxiv/unpacked/Current_Content/September_2025/1c31162c-6eff-1014-a4b5-f7e8000224f2/content/673615.pdf	https://biorxiv-copy.s3.eu-west-2.amazonaws.com/biorxiv/unpacked/Current_Content/September_2025/1c31162c-6eff-1014-a4b5-f7e8000224f2/content/673615.pdf?X-Amz-Algorithm=AWS4-HMAC-SHA256&X-Amz-Credential=AKIASDVMRCD4TLKVRSCH%2F20250920%2Feu-west-2%2Fs3%2Faws4_request&X-Amz-Date=20250920T174402Z&X-Amz-Expires=360000&X-Amz-SignedHeaders=host&X-Amz-Signature=7529267cf3b5a11af7c115fa8e1a8274f5bd8b36b5a59d2e993675993222d0e7
-e Current_Content/September_2025/1c3bc8b0-6c84-1014-8a95-b142af8f7868.meca	biorxiv/unpacked/Current_Content/September_2025/1c3bc8b0-6c84-1014-8a95-b142af8f7868/content/672677.pdf	https://biorxiv-copy.s3.eu-west-2.amazonaws.com/biorxiv/unpacked/Current_Content/September_2025/1c3bc8b0-6c84-1014-8a95-b142af8f7868/content/672677.pdf?X-Amz-Algorithm=AWS4-HMAC-SHA256&X-Amz-Credential=AKIASDVMRCD4TLKVRSCH%2F20250920%2Feu-west-2%2Fs3%2Faws4_request&X-Amz-Date=20250920T174404Z&X-Amz-Expires=360000&X-Amz-SignedHeaders=host&X-Amz-Signature=c018e201f3c5b982f407069d4e5e2d6347decb8b089144638cbd3108ace819f4
-e Current_Content/September_2025/1c5f2901-7964-1014-b40a-b8e820486558.meca	biorxiv/unpacked/Current_Content/September_2025/1c5f2901-7964-1014-b40a-b8e820486558/content/643329.pdf	https://biorxiv-copy.s3.eu-west-2.amazonaws.com/biorxiv/unpacked/Current_Content/September_2025/1c5f2901-7964-1014-b40a-b8e820486558/content/643329.pdf?X-Amz-Algorithm=AWS4-HMAC-SHA256&X-Amz-Credential=AKIASDVMRCD4TLKVRSCH%2F20250920%2Feu-west-2%2Fs3%2Faws4_request&X-Amz-Date=20250920T174405Z&X-Amz-Expires=360000&X-Amz-SignedHeaders=host&X-Amz-Signature=a3d25fe115895ac29e811f40eee348fffb43840a7bb4258c48f3ae33d37dd0c5
-e Current_Content/September_2025/1c5fa1ae-7175-1014-b22b-d1a573dfcb64.meca	biorxiv/unpacked/Current_Content/September_2025/1c5fa1ae-7175-1014-b22b-d1a573dfcb64/content/676366.pdf	https://biorxiv-copy.s3.eu-west-2.amazonaws.com/biorxiv/unpacked/Current_Content/September_2025/1c5fa1ae-7175-1014-b22b-d1a573dfcb64/content/676366.pdf?X-Amz-Algorithm=AWS4-HMAC-SHA256&X-Amz-Credential=AKIASDVMRCD4TLKVRSCH%2F20250920%2Feu-west-2%2Fs3%2Faws4_request&X-Amz-Date=20250920T174406Z&X-Amz-Expires=360000&X-Amz-SignedHeaders=host&X-Amz-Signature=ea2281486d0a2fa4bafc4fe9ac47f3fb05768979d77724e18d2dd5cd95294868
-e Current_Content/September_2025/1c6b632f-6cf9-1014-a7bc-ef0f41e78b1b.meca	biorxiv/unpacked/Current_Content/September_2025/1c6b632f-6cf9-1014-a7bc-ef0f41e78b1b/content/673199.pdf	https://biorxiv-copy.s3.eu-west-2.amazonaws.com/biorxiv/unpacked/Current_Content/September_2025/1c6b632f-6cf9-1014-a7bc-ef0f41e78b1b/content/673199.pdf?X-Amz-Algorithm=AWS4-HMAC-SHA256&X-Amz-Credential=AKIASDVMRCD4TLKVRSCH%2F20250920%2Feu-west-2%2Fs3%2Faws4_request&X-Amz-Date=20250920T174406Z&X-Amz-Expires=360000&X-Amz-SignedHeaders=host&X-Amz-Signature=b7628058f6c167f15ca40ccaf198861eb866e5da1d924c6c87720d80c75cbb37
-e Current_Content/September_2025/1c6dbb50-7e0f-1014-9c84-f1057829f381.meca	biorxiv/unpacked/Current_Content/September_2025/1c6dbb50-7e0f-1014-9c84-f1057829f381/content/supplements/651894_file02.pdf	https://biorxiv-copy.s3.eu-west-2.amazonaws.com/biorxiv/unpacked/Current_Content/September_2025/1c6dbb50-7e0f-1014-9c84-f1057829f381/content/supplements/651894_file02.pdf?X-Amz-Algorithm=AWS4-HMAC-SHA256&X-Amz-Credential=AKIASDVMRCD4TLKVRSCH%2F20250920%2Feu-west-2%2Fs3%2Faws4_request&X-Amz-Date=20250920T174407Z&X-Amz-Expires=360000&X-Amz-SignedHeaders=host&X-Amz-Signature=3f98b0dba7d410804a42b3cfc91fd382ea6f8ef7b498f6d8fdce2905ad1e36e7
-e Current_Content/September_2025/1c746fc2-6c36-1014-93e1-fcf6a179c6cb.meca	biorxiv/unpacked/Current_Content/September_2025/1c746fc2-6c36-1014-93e1-fcf6a179c6cb/content/637279.pdf	https://biorxiv-copy.s3.eu-west-2.amazonaws.com/biorxiv/unpacked/Current_Content/September_2025/1c746fc2-6c36-1014-93e1-fcf6a179c6cb/content/637279.pdf?X-Amz-Algorithm=AWS4-HMAC-SHA256&X-Amz-Credential=AKIASDVMRCD4TLKVRSCH%2F20250920%2Feu-west-2%2Fs3%2Faws4_request&X-Amz-Date=20250920T174408Z&X-Amz-Expires=360000&X-Amz-SignedHeaders=host&X-Amz-Signature=948df1d93ac3ab2fb05d50453d72c2186b95b43344d23b1c1741f6cb38bd8c50
-e Current_Content/September_2025/1c77fd86-6f02-1014-8ddf-e5934dfe1030.meca	biorxiv/unpacked/Current_Content/September_2025/1c77fd86-6f02-1014-8ddf-e5934dfe1030/content/675722.pdf	https://biorxiv-copy.s3.eu-west-2.amazonaws.com/biorxiv/unpacked/Current_Content/September_2025/1c77fd86-6f02-1014-8ddf-e5934dfe1030/content/675722.pdf?X-Amz-Algorithm=AWS4-HMAC-SHA256&X-Amz-Credential=AKIASDVMRCD4TLKVRSCH%2F20250920%2Feu-west-2%2Fs3%2Faws4_request&X-Amz-Date=20250920T174409Z&X-Amz-Expires=360000&X-Amz-SignedHeaders=host&X-Amz-Signature=db391b0e743a7000d56b7b5a7f774faef7e212b9e3c89a6a780b479ccb6327a9
-e Current_Content/September_2025/1c8dc70b-6d61-1014-8c4a-b84a93b47b72.meca	biorxiv/unpacked/Current_Content/September_2025/1c8dc70b-6d61-1014-8c4a-b84a93b47b72/content/674651.pdf	https://biorxiv-copy.s3.eu-west-2.amazonaws.com/biorxiv/unpacked/Current_Content/September_2025/1c8dc70b-6d61-1014-8c4a-b84a93b47b72/content/674651.pdf?X-Amz-Algorithm=AWS4-HMAC-SHA256&X-Amz-Credential=AKIASDVMRCD4TLKVRSCH%2F20250920%2Feu-west-2%2Fs3%2Faws4_request&X-Amz-Date=20250920T174410Z&X-Amz-Expires=360000&X-Amz-SignedHeaders=host&X-Amz-Signature=748e50575ebcf7d7f46f247f91a840b0b2787225c3f9cd667424a021cf20b8d4
-e Current_Content/September_2025/1c8dcbff-709c-1014-86d2-8ead906a942a.meca	biorxiv/unpacked/Current_Content/September_2025/1c8dcbff-709c-1014-86d2-8ead906a942a/content/675839.pdf	https://biorxiv-copy.s3.eu-west-2.amazonaws.com/biorxiv/unpacked/Current_Content/September_2025/1c8dcbff-709c-1014-86d2-8ead906a942a/content/675839.pdf?X-Amz-Algorithm=AWS4-HMAC-SHA256&X-Amz-Credential=AKIASDVMRCD4TLKVRSCH%2F20250920%2Feu-west-2%2Fs3%2Faws4_request&X-Amz-Date=20250920T174411Z&X-Amz-Expires=360000&X-Amz-SignedHeaders=host&X-Amz-Signature=c84ee567d89059cc82fdf77774a0be70a607d899c247c4903c7c474425937e7d
-e Current_Content/September_2025/1cca3f71-70ce-1014-b891-bbd2c335bf68.meca	biorxiv/unpacked/Current_Content/September_2025/1cca3f71-70ce-1014-b891-bbd2c335bf68/content/675705.pdf	https://biorxiv-copy.s3.eu-west-2.amazonaws.com/biorxiv/unpacked/Current_Content/September_2025/1cca3f71-70ce-1014-b891-bbd2c335bf68/content/675705.pdf?X-Amz-Algorithm=AWS4-HMAC-SHA256&X-Amz-Credential=AKIASDVMRCD4TLKVRSCH%2F20250920%2Feu-west-2%2Fs3%2Faws4_request&X-Amz-Date=20250920T174412Z&X-Amz-Expires=360000&X-Amz-SignedHeaders=host&X-Amz-Signature=b72233dc3d3bbbc4b34fa0d297292b7889fa792e8c0f42c963326a5981bf4711
-e Current_Content/September_2025/1cccc803-715d-1014-9de2-c78903e77fcf.meca	biorxiv/unpacked/Current_Content/September_2025/1cccc803-715d-1014-9de2-c78903e77fcf/content/675785.pdf	https://biorxiv-copy.s3.eu-west-2.amazonaws.com/biorxiv/unpacked/Current_Content/September_2025/1cccc803-715d-1014-9de2-c78903e77fcf/content/675785.pdf?X-Amz-Algorithm=AWS4-HMAC-SHA256&X-Amz-Credential=AKIASDVMRCD4TLKVRSCH%2F20250920%2Feu-west-2%2Fs3%2Faws4_request&X-Amz-Date=20250920T174413Z&X-Amz-Expires=360000&X-Amz-SignedHeaders=host&X-Amz-Signature=fa36cfea63084b8a536d914728926f951f89d77e5ef0d35fab91c9226c1b49d7
-e Current_Content/September_2025/1cd86df4-7d06-1014-b273-8aeb6cf1d321.meca	biorxiv/unpacked/Current_Content/September_2025/1cd86df4-7d06-1014-b273-8aeb6cf1d321/content/674696.pdf	https://biorxiv-copy.s3.eu-west-2.amazonaws.com/biorxiv/unpacked/Current_Content/September_2025/1cd86df4-7d06-1014-b273-8aeb6cf1d321/content/674696.pdf?X-Amz-Algorithm=AWS4-HMAC-SHA256&X-Amz-Credential=AKIASDVMRCD4TLKVRSCH%2F20250920%2Feu-west-2%2Fs3%2Faws4_request&X-Amz-Date=20250920T174414Z&X-Amz-Expires=360000&X-Amz-SignedHeaders=host&X-Amz-Signature=de239d16fd2ec4f0ba55cfa8914dff02c3e070cb0d1a2a0d420d86dde1e591f7
-e Current_Content/September_2025/1ce2e3f5-7bed-1014-9ef8-c1fba9cda50e.meca	biorxiv/unpacked/Current_Content/September_2025/1ce2e3f5-7bed-1014-9ef8-c1fba9cda50e/content/670747.pdf	https://biorxiv-copy.s3.eu-west-2.amazonaws.com/biorxiv/unpacked/Current_Content/September_2025/1ce2e3f5-7bed-1014-9ef8-c1fba9cda50e/content/670747.pdf?X-Amz-Algorithm=AWS4-HMAC-SHA256&X-Amz-Credential=AKIASDVMRCD4TLKVRSCH%2F20250920%2Feu-west-2%2Fs3%2Faws4_request&X-Amz-Date=20250920T174415Z&X-Amz-Expires=360000&X-Amz-SignedHeaders=host&X-Amz-Signature=54e0025c020c2bdfc5f0830eef286d4510dd6905c645c1ebd61b580fa6f9831c
-e Current_Content/September_2025/1cf1f949-6e49-1014-917a-c40bdaa686cf.meca	biorxiv/unpacked/Current_Content/September_2025/1cf1f949-6e49-1014-917a-c40bdaa686cf/content/675486.pdf	https://biorxiv-copy.s3.eu-west-2.amazonaws.com/biorxiv/unpacked/Current_Content/September_2025/1cf1f949-6e49-1014-917a-c40bdaa686cf/content/675486.pdf?X-Amz-Algorithm=AWS4-HMAC-SHA256&X-Amz-Credential=AKIASDVMRCD4TLKVRSCH%2F20250920%2Feu-west-2%2Fs3%2Faws4_request&X-Amz-Date=20250920T174416Z&X-Amz-Expires=360000&X-Amz-SignedHeaders=host&X-Amz-Signature=3cb223f0b8cca64490bbccf406d1a87ed295904e988efc46c8be49fbbb0587a1
-e Current_Content/September_2025/1cfc1bbf-7b76-1014-8147-eab787149d31.meca	biorxiv/unpacked/Current_Content/September_2025/1cfc1bbf-7b76-1014-8147-eab787149d31/content/582420.pdf	https://biorxiv-copy.s3.eu-west-2.amazonaws.com/biorxiv/unpacked/Current_Content/September_2025/1cfc1bbf-7b76-1014-8147-eab787149d31/content/582420.pdf?X-Amz-Algorithm=AWS4-HMAC-SHA256&X-Amz-Credential=AKIASDVMRCD4TLKVRSCH%2F20250920%2Feu-west-2%2Fs3%2Faws4_request&X-Amz-Date=20250920T174417Z&X-Amz-Expires=360000&X-Amz-SignedHeaders=host&X-Amz-Signature=3410aa0b4c0e5ddecc128620ba236df7c534ee29d4fe6b547bb30a9603dda493
-e Current_Content/September_2025/1cfffd2d-6d61-1014-b9f5-9747934f557d.meca	biorxiv/unpacked/Current_Content/September_2025/1cfffd2d-6d61-1014-b9f5-9747934f557d/content/587401.pdf	https://biorxiv-copy.s3.eu-west-2.amazonaws.com/biorxiv/unpacked/Current_Content/September_2025/1cfffd2d-6d61-1014-b9f5-9747934f557d/content/587401.pdf?X-Amz-Algorithm=AWS4-HMAC-SHA256&X-Amz-Credential=AKIASDVMRCD4TLKVRSCH%2F20250920%2Feu-west-2%2Fs3%2Faws4_request&X-Amz-Date=20250920T174418Z&X-Amz-Expires=360000&X-Amz-SignedHeaders=host&X-Amz-Signature=00d7978f531bfaa90fbe8de311d6e1008907e56dc3a7463d164eb23364960824
-e Current_Content/September_2025/1d0debc8-6fc8-1014-b293-8c07b81ac7b4.meca	biorxiv/unpacked/Current_Content/September_2025/1d0debc8-6fc8-1014-b293-8c07b81ac7b4/content/606233.pdf	https://biorxiv-copy.s3.eu-west-2.amazonaws.com/biorxiv/unpacked/Current_Content/September_2025/1d0debc8-6fc8-1014-b293-8c07b81ac7b4/content/606233.pdf?X-Amz-Algorithm=AWS4-HMAC-SHA256&X-Amz-Credential=AKIASDVMRCD4TLKVRSCH%2F20250920%2Feu-west-2%2Fs3%2Faws4_request&X-Amz-Date=20250920T174419Z&X-Amz-Expires=360000&X-Amz-SignedHeaders=host&X-Amz-Signature=8f2fc306e15a56ab37338f155a5523acc7c5e7c9b88268232d3ff32414eae124
-e Current_Content/September_2025/1d6278a9-70f0-1014-bf3b-901574a27b5e.meca	biorxiv/unpacked/Current_Content/September_2025/1d6278a9-70f0-1014-bf3b-901574a27b5e/content/669657.pdf	https://biorxiv-copy.s3.eu-west-2.amazonaws.com/biorxiv/unpacked/Current_Content/September_2025/1d6278a9-70f0-1014-bf3b-901574a27b5e/content/669657.pdf?X-Amz-Algorithm=AWS4-HMAC-SHA256&X-Amz-Credential=AKIASDVMRCD4TLKVRSCH%2F20250920%2Feu-west-2%2Fs3%2Faws4_request&X-Amz-Date=20250920T174420Z&X-Amz-Expires=360000&X-Amz-SignedHeaders=host&X-Amz-Signature=b8259969785e1cce4231a9c1c11ad5e46cdc2b88f0337d2d0f1a4164c1d7dd13
-e Current_Content/September_2025/1d6941a4-70aa-1014-aabb-cd1b57888dfa.meca	biorxiv/unpacked/Current_Content/September_2025/1d6941a4-70aa-1014-aabb-cd1b57888dfa/content/675848.pdf	https://biorxiv-copy.s3.eu-west-2.amazonaws.com/biorxiv/unpacked/Current_Content/September_2025/1d6941a4-70aa-1014-aabb-cd1b57888dfa/content/675848.pdf?X-Amz-Algorithm=AWS4-HMAC-SHA256&X-Amz-Credential=AKIASDVMRCD4TLKVRSCH%2F20250920%2Feu-west-2%2Fs3%2Faws4_request&X-Amz-Date=20250920T174421Z&X-Amz-Expires=360000&X-Amz-SignedHeaders=host&X-Amz-Signature=f350470b70e05ea6c92d1c3d034f22e0626da0cb028f3a004cfb5bbb69810ee8
-e Current_Content/September_2025/1d6c8cb9-7c3e-1014-b40c-d3e32c976e25.meca	biorxiv/unpacked/Current_Content/September_2025/1d6c8cb9-7c3e-1014-b40c-d3e32c976e25/content/674646.pdf	https://biorxiv-copy.s3.eu-west-2.amazonaws.com/biorxiv/unpacked/Current_Content/September_2025/1d6c8cb9-7c3e-1014-b40c-d3e32c976e25/content/674646.pdf?X-Amz-Algorithm=AWS4-HMAC-SHA256&X-Amz-Credential=AKIASDVMRCD4TLKVRSCH%2F20250920%2Feu-west-2%2Fs3%2Faws4_request&X-Amz-Date=20250920T174422Z&X-Amz-Expires=360000&X-Amz-SignedHeaders=host&X-Amz-Signature=731b52e27e92c07eb8e937dee2bc7fb05a4d01cdd106ad862b568ef45084afcb
-e Current_Content/September_2025/1d8ede86-7e0f-1014-95ca-d24ee485fb09.meca	biorxiv/unpacked/Current_Content/September_2025/1d8ede86-7e0f-1014-95ca-d24ee485fb09/content/674240.pdf	https://biorxiv-copy.s3.eu-west-2.amazonaws.com/biorxiv/unpacked/Current_Content/September_2025/1d8ede86-7e0f-1014-95ca-d24ee485fb09/content/674240.pdf?X-Amz-Algorithm=AWS4-HMAC-SHA256&X-Amz-Credential=AKIASDVMRCD4TLKVRSCH%2F20250920%2Feu-west-2%2Fs3%2Faws4_request&X-Amz-Date=20250920T174423Z&X-Amz-Expires=360000&X-Amz-SignedHeaders=host&X-Amz-Signature=095086241adf2f28ce4c5efdd86cf748bcdf5fe06b537c181689209175a1cb18
-e Current_Content/September_2025/1dc565c3-7d66-1014-bc2e-d93676b815a7.meca	biorxiv/unpacked/Current_Content/September_2025/1dc565c3-7d66-1014-bc2e-d93676b815a7/content/674169.pdf	https://biorxiv-copy.s3.eu-west-2.amazonaws.com/biorxiv/unpacked/Current_Content/September_2025/1dc565c3-7d66-1014-bc2e-d93676b815a7/content/674169.pdf?X-Amz-Algorithm=AWS4-HMAC-SHA256&X-Amz-Credential=AKIASDVMRCD4TLKVRSCH%2F20250920%2Feu-west-2%2Fs3%2Faws4_request&X-Amz-Date=20250920T174424Z&X-Amz-Expires=360000&X-Amz-SignedHeaders=host&X-Amz-Signature=695b52ce9ff6698be75f35a6ee660166a46cfd0a9847b6b888f507375bb9f143
-e Current_Content/September_2025/1dc6ea51-7bc5-1014-bf93-ead6e7f5eeb7.meca	biorxiv/unpacked/Current_Content/September_2025/1dc6ea51-7bc5-1014-bf93-ead6e7f5eeb7/content/674401.pdf	https://biorxiv-copy.s3.eu-west-2.amazonaws.com/biorxiv/unpacked/Current_Content/September_2025/1dc6ea51-7bc5-1014-bf93-ead6e7f5eeb7/content/674401.pdf?X-Amz-Algorithm=AWS4-HMAC-SHA256&X-Amz-Credential=AKIASDVMRCD4TLKVRSCH%2F20250920%2Feu-west-2%2Fs3%2Faws4_request&X-Amz-Date=20250920T174424Z&X-Amz-Expires=360000&X-Amz-SignedHeaders=host&X-Amz-Signature=f297f448c6bccbc35c6ece22d3abe2a717ff09da7f64ffdd3ec283a929a2f980
-e Current_Content/September_2025/1dcf9452-6c36-1014-b825-80a340d40bdb.meca	biorxiv/unpacked/Current_Content/September_2025/1dcf9452-6c36-1014-b825-80a340d40bdb/content/641017.pdf	https://biorxiv-copy.s3.eu-west-2.amazonaws.com/biorxiv/unpacked/Current_Content/September_2025/1dcf9452-6c36-1014-b825-80a340d40bdb/content/641017.pdf?X-Amz-Algorithm=AWS4-HMAC-SHA256&X-Amz-Credential=AKIASDVMRCD4TLKVRSCH%2F20250920%2Feu-west-2%2Fs3%2Faws4_request&X-Amz-Date=20250920T174425Z&X-Amz-Expires=360000&X-Amz-SignedHeaders=host&X-Amz-Signature=a84fc05e4d6ac0c5868ea1520fc7d0cfb397c183f8c54dca03ce4f0aba14339f
-e Current_Content/September_2025/1ddd1947-7bed-1014-9e0e-a7e690841b86.meca	biorxiv/unpacked/Current_Content/September_2025/1ddd1947-7bed-1014-9e0e-a7e690841b86/content/673135.pdf	https://biorxiv-copy.s3.eu-west-2.amazonaws.com/biorxiv/unpacked/Current_Content/September_2025/1ddd1947-7bed-1014-9e0e-a7e690841b86/content/673135.pdf?X-Amz-Algorithm=AWS4-HMAC-SHA256&X-Amz-Credential=AKIASDVMRCD4TLKVRSCH%2F20250920%2Feu-west-2%2Fs3%2Faws4_request&X-Amz-Date=20250920T174426Z&X-Amz-Expires=360000&X-Amz-SignedHeaders=host&X-Amz-Signature=82b6f724729de3e8c13ff9a22aaae2cb758988804ed9c4d6531ff253206bc8d9
-e Current_Content/September_2025/1de588b6-7d3e-1014-9674-ae6e87bd8404.meca	biorxiv/unpacked/Current_Content/September_2025/1de588b6-7d3e-1014-9674-ae6e87bd8404/content/670677.pdf	https://biorxiv-copy.s3.eu-west-2.amazonaws.com/biorxiv/unpacked/Current_Content/September_2025/1de588b6-7d3e-1014-9674-ae6e87bd8404/content/670677.pdf?X-Amz-Algorithm=AWS4-HMAC-SHA256&X-Amz-Credential=AKIASDVMRCD4TLKVRSCH%2F20250920%2Feu-west-2%2Fs3%2Faws4_request&X-Amz-Date=20250920T174428Z&X-Amz-Expires=360000&X-Amz-SignedHeaders=host&X-Amz-Signature=b83d1a0c476ba911b982b8f8e3d5de863a60504cc03b15fbe97013acef72e39a
-e Current_Content/September_2025/1deead96-7046-1014-84a8-cd40b3446f15.meca	biorxiv/unpacked/Current_Content/September_2025/1deead96-7046-1014-84a8-cd40b3446f15/content/supplements/631900_file03.pdf	https://biorxiv-copy.s3.eu-west-2.amazonaws.com/biorxiv/unpacked/Current_Content/September_2025/1deead96-7046-1014-84a8-cd40b3446f15/content/supplements/631900_file03.pdf?X-Amz-Algorithm=AWS4-HMAC-SHA256&X-Amz-Credential=AKIASDVMRCD4TLKVRSCH%2F20250920%2Feu-west-2%2Fs3%2Faws4_request&X-Amz-Date=20250920T174429Z&X-Amz-Expires=360000&X-Amz-SignedHeaders=host&X-Amz-Signature=59eba96410fd0d8ba23ade5d9a1059414a9d5c51cb8541504ab751d6eba483d8
-e Current_Content/September_2025/1e082b05-7b77-1014-9016-9713cb70ebd5.meca	biorxiv/unpacked/Current_Content/September_2025/1e082b05-7b77-1014-9016-9713cb70ebd5/content/674216.pdf	https://biorxiv-copy.s3.eu-west-2.amazonaws.com/biorxiv/unpacked/Current_Content/September_2025/1e082b05-7b77-1014-9016-9713cb70ebd5/content/674216.pdf?X-Amz-Algorithm=AWS4-HMAC-SHA256&X-Amz-Credential=AKIASDVMRCD4TLKVRSCH%2F20250920%2Feu-west-2%2Fs3%2Faws4_request&X-Amz-Date=20250920T174430Z&X-Amz-Expires=360000&X-Amz-SignedHeaders=host&X-Amz-Signature=93715b90908e9b3371eb5d406b776a58d9900d2702de730afa8a83ccf18505de
-e Current_Content/September_2025/1e0e4bf3-6c84-1014-9dc0-a4434db3300b.meca	biorxiv/unpacked/Current_Content/September_2025/1e0e4bf3-6c84-1014-9dc0-a4434db3300b/content/672680.pdf	https://biorxiv-copy.s3.eu-west-2.amazonaws.com/biorxiv/unpacked/Current_Content/September_2025/1e0e4bf3-6c84-1014-9dc0-a4434db3300b/content/672680.pdf?X-Amz-Algorithm=AWS4-HMAC-SHA256&X-Amz-Credential=AKIASDVMRCD4TLKVRSCH%2F20250920%2Feu-west-2%2Fs3%2Faws4_request&X-Amz-Date=20250920T174431Z&X-Amz-Expires=360000&X-Amz-SignedHeaders=host&X-Amz-Signature=5639c796b4478a43d0fc5a4da7341d4c22008c96acc2c37be9fe9b1f9995621a
-e Current_Content/September_2025/1e29403c-7001-1014-baba-a67501d8172d.meca	biorxiv/unpacked/Current_Content/September_2025/1e29403c-7001-1014-baba-a67501d8172d/content/636581.pdf	https://biorxiv-copy.s3.eu-west-2.amazonaws.com/biorxiv/unpacked/Current_Content/September_2025/1e29403c-7001-1014-baba-a67501d8172d/content/636581.pdf?X-Amz-Algorithm=AWS4-HMAC-SHA256&X-Amz-Credential=AKIASDVMRCD4TLKVRSCH%2F20250920%2Feu-west-2%2Fs3%2Faws4_request&X-Amz-Date=20250920T174432Z&X-Amz-Expires=360000&X-Amz-SignedHeaders=host&X-Amz-Signature=20ab3d895ec356bd0e57430310f3c268a0a0ff863c2c9ecb2694c737d034b35a
-e Current_Content/September_2025/1e41836d-7d53-1014-8602-8f89570ef098.meca	biorxiv/unpacked/Current_Content/September_2025/1e41836d-7d53-1014-8602-8f89570ef098/content/638564.pdf	https://biorxiv-copy.s3.eu-west-2.amazonaws.com/biorxiv/unpacked/Current_Content/September_2025/1e41836d-7d53-1014-8602-8f89570ef098/content/638564.pdf?X-Amz-Algorithm=AWS4-HMAC-SHA256&X-Amz-Credential=AKIASDVMRCD4TLKVRSCH%2F20250920%2Feu-west-2%2Fs3%2Faws4_request&X-Amz-Date=20250920T174433Z&X-Amz-Expires=360000&X-Amz-SignedHeaders=host&X-Amz-Signature=cd99450bd2a241df963e231b2b1d0f07e0e65d8877feeca90a1b66c1dbf669ce
-e Current_Content/September_2025/1e52193c-70f1-1014-842f-847bc6122abd.meca	biorxiv/unpacked/Current_Content/September_2025/1e52193c-70f1-1014-842f-847bc6122abd/content/supplements/675924_file02.pdf	https://biorxiv-copy.s3.eu-west-2.amazonaws.com/biorxiv/unpacked/Current_Content/September_2025/1e52193c-70f1-1014-842f-847bc6122abd/content/supplements/675924_file02.pdf?X-Amz-Algorithm=AWS4-HMAC-SHA256&X-Amz-Credential=AKIASDVMRCD4TLKVRSCH%2F20250920%2Feu-west-2%2Fs3%2Faws4_request&X-Amz-Date=20250920T174434Z&X-Amz-Expires=360000&X-Amz-SignedHeaders=host&X-Amz-Signature=b508e971ab390655bf47b7ef6f3416413f0039ad9901a2644a7632d984d48693
-e Current_Content/September_2025/1e6f6506-6c8b-1014-af6d-b8f69d4333ae.meca	biorxiv/unpacked/Current_Content/September_2025/1e6f6506-6c8b-1014-af6d-b8f69d4333ae/content/672792.pdf	https://biorxiv-copy.s3.eu-west-2.amazonaws.com/biorxiv/unpacked/Current_Content/September_2025/1e6f6506-6c8b-1014-af6d-b8f69d4333ae/content/672792.pdf?X-Amz-Algorithm=AWS4-HMAC-SHA256&X-Amz-Credential=AKIASDVMRCD4TLKVRSCH%2F20250920%2Feu-west-2%2Fs3%2Faws4_request&X-Amz-Date=20250920T174435Z&X-Amz-Expires=360000&X-Amz-SignedHeaders=host&X-Amz-Signature=39554f45e161250c9912c8cca414be9448f5cb42a1a9937160af34fef56dc988
-e Current_Content/September_2025/1e811fd9-778c-1014-afca-c6ba5866473a.meca	biorxiv/unpacked/Current_Content/September_2025/1e811fd9-778c-1014-afca-c6ba5866473a/content/673079.pdf	https://biorxiv-copy.s3.eu-west-2.amazonaws.com/biorxiv/unpacked/Current_Content/September_2025/1e811fd9-778c-1014-afca-c6ba5866473a/content/673079.pdf?X-Amz-Algorithm=AWS4-HMAC-SHA256&X-Amz-Credential=AKIASDVMRCD4TLKVRSCH%2F20250920%2Feu-west-2%2Fs3%2Faws4_request&X-Amz-Date=20250920T174436Z&X-Amz-Expires=360000&X-Amz-SignedHeaders=host&X-Amz-Signature=8eb8469b73e5c63a4b80a0748246a26521bd0bf5c572a19193cf83e8e2b13fc4
-e Current_Content/September_2025/1eacc572-6f35-1014-916e-9f28e4201b68.meca	biorxiv/unpacked/Current_Content/September_2025/1eacc572-6f35-1014-916e-9f28e4201b68/content/675023.pdf	https://biorxiv-copy.s3.eu-west-2.amazonaws.com/biorxiv/unpacked/Current_Content/September_2025/1eacc572-6f35-1014-916e-9f28e4201b68/content/675023.pdf?X-Amz-Algorithm=AWS4-HMAC-SHA256&X-Amz-Credential=AKIASDVMRCD4TLKVRSCH%2F20250920%2Feu-west-2%2Fs3%2Faws4_request&X-Amz-Date=20250920T174437Z&X-Amz-Expires=360000&X-Amz-SignedHeaders=host&X-Amz-Signature=4bb4079c14c2a0f8ad2e61f47a759340aac53da6a2cc7a2b25d059c7b0d0837c
-e Current_Content/September_2025/1ebca661-6cf9-1014-9643-bb5ed99d7db8.meca	biorxiv/unpacked/Current_Content/September_2025/1ebca661-6cf9-1014-9643-bb5ed99d7db8/content/673202.pdf	https://biorxiv-copy.s3.eu-west-2.amazonaws.com/biorxiv/unpacked/Current_Content/September_2025/1ebca661-6cf9-1014-9643-bb5ed99d7db8/content/673202.pdf?X-Amz-Algorithm=AWS4-HMAC-SHA256&X-Amz-Credential=AKIASDVMRCD4TLKVRSCH%2F20250920%2Feu-west-2%2Fs3%2Faws4_request&X-Amz-Date=20250920T174438Z&X-Amz-Expires=360000&X-Amz-SignedHeaders=host&X-Amz-Signature=7ed460918ee2f0cf7a38b5e6071ccb154f58553470bb9e5308b4f4f98f38d3d0
-e Current_Content/September_2025/1ebfb39f-6d71-1014-bfa0-cb5e8ead74c3.meca	biorxiv/unpacked/Current_Content/September_2025/1ebfb39f-6d71-1014-bfa0-cb5e8ead74c3/content/674570.pdf	https://biorxiv-copy.s3.eu-west-2.amazonaws.com/biorxiv/unpacked/Current_Content/September_2025/1ebfb39f-6d71-1014-bfa0-cb5e8ead74c3/content/674570.pdf?X-Amz-Algorithm=AWS4-HMAC-SHA256&X-Amz-Credential=AKIASDVMRCD4TLKVRSCH%2F20250920%2Feu-west-2%2Fs3%2Faws4_request&X-Amz-Date=20250920T174439Z&X-Amz-Expires=360000&X-Amz-SignedHeaders=host&X-Amz-Signature=a0b16b17d747db2997020ffbed7339c7f906d9e8e61fdff52c3a8ec4e73d1e44
-e Current_Content/September_2025/1ec71c5c-6df0-1014-93e0-f7a25c4241dd.meca	biorxiv/unpacked/Current_Content/September_2025/1ec71c5c-6df0-1014-93e0-f7a25c4241dd/content/674481.pdf	https://biorxiv-copy.s3.eu-west-2.amazonaws.com/biorxiv/unpacked/Current_Content/September_2025/1ec71c5c-6df0-1014-93e0-f7a25c4241dd/content/674481.pdf?X-Amz-Algorithm=AWS4-HMAC-SHA256&X-Amz-Credential=AKIASDVMRCD4TLKVRSCH%2F20250920%2Feu-west-2%2Fs3%2Faws4_request&X-Amz-Date=20250920T174440Z&X-Amz-Expires=360000&X-Amz-SignedHeaders=host&X-Amz-Signature=0a8a48630c741cf70a82fbd4e9ea79892a106e84ade7e56b54a488bf7aa7f88f
-e Current_Content/September_2025/1eca9b32-7734-1014-ae3b-c895ddc32f36.meca	biorxiv/unpacked/Current_Content/September_2025/1eca9b32-7734-1014-ae3b-c895ddc32f36/content/672893.pdf	https://biorxiv-copy.s3.eu-west-2.amazonaws.com/biorxiv/unpacked/Current_Content/September_2025/1eca9b32-7734-1014-ae3b-c895ddc32f36/content/672893.pdf?X-Amz-Algorithm=AWS4-HMAC-SHA256&X-Amz-Credential=AKIASDVMRCD4TLKVRSCH%2F20250920%2Feu-west-2%2Fs3%2Faws4_request&X-Amz-Date=20250920T174442Z&X-Amz-Expires=360000&X-Amz-SignedHeaders=host&X-Amz-Signature=f44f9b2babfa266e2ed09f95545692eae33473b7b7d20a463206d39a38edf520
-e Current_Content/September_2025/1ed08c45-6d72-1014-b820-bc4f54e668fe.meca	biorxiv/unpacked/Current_Content/September_2025/1ed08c45-6d72-1014-b820-bc4f54e668fe/content/675460.pdf	https://biorxiv-copy.s3.eu-west-2.amazonaws.com/biorxiv/unpacked/Current_Content/September_2025/1ed08c45-6d72-1014-b820-bc4f54e668fe/content/675460.pdf?X-Amz-Algorithm=AWS4-HMAC-SHA256&X-Amz-Credential=AKIASDVMRCD4TLKVRSCH%2F20250920%2Feu-west-2%2Fs3%2Faws4_request&X-Amz-Date=20250920T174442Z&X-Amz-Expires=360000&X-Amz-SignedHeaders=host&X-Amz-Signature=334fb7cd2146da1906e9cc06ba65857cf89e4e5a0fb210cb93ac7dbbcfdec709
-e Current_Content/September_2025/1eee6219-7d22-1014-8428-b25785bc3a81.meca	biorxiv/unpacked/Current_Content/September_2025/1eee6219-7d22-1014-8428-b25785bc3a81/content/supplements/673998_file02.pdf	https://biorxiv-copy.s3.eu-west-2.amazonaws.com/biorxiv/unpacked/Current_Content/September_2025/1eee6219-7d22-1014-8428-b25785bc3a81/content/supplements/673998_file02.pdf?X-Amz-Algorithm=AWS4-HMAC-SHA256&X-Amz-Credential=AKIASDVMRCD4TLKVRSCH%2F20250920%2Feu-west-2%2Fs3%2Faws4_request&X-Amz-Date=20250920T174443Z&X-Amz-Expires=360000&X-Amz-SignedHeaders=host&X-Amz-Signature=db2d595b81b81ce21325b2571c64469452d75e14d347ba4608d1483b524ccdf8
-e Current_Content/September_2025/1ef6d0d8-7bbe-1014-acc4-8f538e72abc3.meca	biorxiv/unpacked/Current_Content/September_2025/1ef6d0d8-7bbe-1014-acc4-8f538e72abc3/content/658666.pdf	https://biorxiv-copy.s3.eu-west-2.amazonaws.com/biorxiv/unpacked/Current_Content/September_2025/1ef6d0d8-7bbe-1014-acc4-8f538e72abc3/content/658666.pdf?X-Amz-Algorithm=AWS4-HMAC-SHA256&X-Amz-Credential=AKIASDVMRCD4TLKVRSCH%2F20250920%2Feu-west-2%2Fs3%2Faws4_request&X-Amz-Date=20250920T174444Z&X-Amz-Expires=360000&X-Amz-SignedHeaders=host&X-Amz-Signature=a02bc8c9124b0bca41534fcf3e0d82a8cc5e1ebf56caf43cbdc010b026068520
-e Current_Content/September_2025/1f0291ad-7d3f-1014-9938-a91c6bb5b0d0.meca	biorxiv/unpacked/Current_Content/September_2025/1f0291ad-7d3f-1014-9938-a91c6bb5b0d0/content/674725.pdf	https://biorxiv-copy.s3.eu-west-2.amazonaws.com/biorxiv/unpacked/Current_Content/September_2025/1f0291ad-7d3f-1014-9938-a91c6bb5b0d0/content/674725.pdf?X-Amz-Algorithm=AWS4-HMAC-SHA256&X-Amz-Credential=AKIASDVMRCD4TLKVRSCH%2F20250920%2Feu-west-2%2Fs3%2Faws4_request&X-Amz-Date=20250920T174445Z&X-Amz-Expires=360000&X-Amz-SignedHeaders=host&X-Amz-Signature=f527483c079121c4ee087d896bccd2044ad3d95a7499f18a9afe630ab638dcc5
-e Current_Content/September_2025/1f036495-6fd9-1014-9d38-cc7787376e68.meca	biorxiv/unpacked/Current_Content/September_2025/1f036495-6fd9-1014-9d38-cc7787376e68/content/592072.pdf	https://biorxiv-copy.s3.eu-west-2.amazonaws.com/biorxiv/unpacked/Current_Content/September_2025/1f036495-6fd9-1014-9d38-cc7787376e68/content/592072.pdf?X-Amz-Algorithm=AWS4-HMAC-SHA256&X-Amz-Credential=AKIASDVMRCD4TLKVRSCH%2F20250920%2Feu-west-2%2Fs3%2Faws4_request&X-Amz-Date=20250920T174446Z&X-Amz-Expires=360000&X-Amz-SignedHeaders=host&X-Amz-Signature=9c088d3d9371741daedee7bf5a1f613f41acb003601e8f88aa8252ee20df5e30
-e Current_Content/September_2025/1f290f35-7ac8-1014-b8b2-f38895384ab7.meca	biorxiv/unpacked/Current_Content/September_2025/1f290f35-7ac8-1014-b8b2-f38895384ab7/content/671886.pdf	https://biorxiv-copy.s3.eu-west-2.amazonaws.com/biorxiv/unpacked/Current_Content/September_2025/1f290f35-7ac8-1014-b8b2-f38895384ab7/content/671886.pdf?X-Amz-Algorithm=AWS4-HMAC-SHA256&X-Amz-Credential=AKIASDVMRCD4TLKVRSCH%2F20250920%2Feu-west-2%2Fs3%2Faws4_request&X-Amz-Date=20250920T174447Z&X-Amz-Expires=360000&X-Amz-SignedHeaders=host&X-Amz-Signature=4367fcca5512a160b39fb0cff24a8819a00e34a925f3af85fd6de28c1bcd4a9f
-e Current_Content/September_2025/1f34b8b4-7002-1014-9647-ea3a4c55384f.meca	biorxiv/unpacked/Current_Content/September_2025/1f34b8b4-7002-1014-9647-ea3a4c55384f/content/675540.pdf	https://biorxiv-copy.s3.eu-west-2.amazonaws.com/biorxiv/unpacked/Current_Content/September_2025/1f34b8b4-7002-1014-9647-ea3a4c55384f/content/675540.pdf?X-Amz-Algorithm=AWS4-HMAC-SHA256&X-Amz-Credential=AKIASDVMRCD4TLKVRSCH%2F20250920%2Feu-west-2%2Fs3%2Faws4_request&X-Amz-Date=20250920T174448Z&X-Amz-Expires=360000&X-Amz-SignedHeaders=host&X-Amz-Signature=b7bc4c1f62f36b302b750f785ab6db8fde5cd616a0faf44fe0a84390b1802e5d
-e Current_Content/September_2025/1f46bbab-7aab-1014-b876-93470e92ad96.meca	biorxiv/unpacked/Current_Content/September_2025/1f46bbab-7aab-1014-b876-93470e92ad96/content/672371.pdf	https://biorxiv-copy.s3.eu-west-2.amazonaws.com/biorxiv/unpacked/Current_Content/September_2025/1f46bbab-7aab-1014-b876-93470e92ad96/content/672371.pdf?X-Amz-Algorithm=AWS4-HMAC-SHA256&X-Amz-Credential=AKIASDVMRCD4TLKVRSCH%2F20250920%2Feu-west-2%2Fs3%2Faws4_request&X-Amz-Date=20250920T174449Z&X-Amz-Expires=360000&X-Amz-SignedHeaders=host&X-Amz-Signature=9369b1e1dc043213b54ea4f6df3fd55b0bdf09ddb40cc5a8a02508e3efd84dfd
-e Current_Content/September_2025/1f47d6e8-7b10-1014-b681-a99c12d7db8c.meca	biorxiv/unpacked/Current_Content/September_2025/1f47d6e8-7b10-1014-b681-a99c12d7db8c/content/673570.pdf	https://biorxiv-copy.s3.eu-west-2.amazonaws.com/biorxiv/unpacked/Current_Content/September_2025/1f47d6e8-7b10-1014-b681-a99c12d7db8c/content/673570.pdf?X-Amz-Algorithm=AWS4-HMAC-SHA256&X-Amz-Credential=AKIASDVMRCD4TLKVRSCH%2F20250920%2Feu-west-2%2Fs3%2Faws4_request&X-Amz-Date=20250920T174450Z&X-Amz-Expires=360000&X-Amz-SignedHeaders=host&X-Amz-Signature=6e4a5faed590c0aa36945fc305c39da6580272c5ef3b5f885af700eae234da45
-e Current_Content/September_2025/1f526088-6c78-1014-b3e8-9039e7c87c2d.meca	biorxiv/unpacked/Current_Content/September_2025/1f526088-6c78-1014-b3e8-9039e7c87c2d/content/672728.pdf	https://biorxiv-copy.s3.eu-west-2.amazonaws.com/biorxiv/unpacked/Current_Content/September_2025/1f526088-6c78-1014-b3e8-9039e7c87c2d/content/672728.pdf?X-Amz-Algorithm=AWS4-HMAC-SHA256&X-Amz-Credential=AKIASDVMRCD4TLKVRSCH%2F20250920%2Feu-west-2%2Fs3%2Faws4_request&X-Amz-Date=20250920T174452Z&X-Amz-Expires=360000&X-Amz-SignedHeaders=host&X-Amz-Signature=fea3a52781a8238156c296d4a30b48957f7a7ec851da4ae1d43c27469d295554
-e Current_Content/September_2025/1f54dd27-778a-1014-bfca-bbaa6fc3569b.meca	biorxiv/unpacked/Current_Content/September_2025/1f54dd27-778a-1014-bfca-bbaa6fc3569b/content/671211.pdf	https://biorxiv-copy.s3.eu-west-2.amazonaws.com/biorxiv/unpacked/Current_Content/September_2025/1f54dd27-778a-1014-bfca-bbaa6fc3569b/content/671211.pdf?X-Amz-Algorithm=AWS4-HMAC-SHA256&X-Amz-Credential=AKIASDVMRCD4TLKVRSCH%2F20250920%2Feu-west-2%2Fs3%2Faws4_request&X-Amz-Date=20250920T174453Z&X-Amz-Expires=360000&X-Amz-SignedHeaders=host&X-Amz-Signature=2e53a5a40a4d8eadcce8a55dec47607f7c026fce7e7e06be596eb12d66ab4c63
-e Current_Content/September_2025/1f5d6e76-6eff-1014-90d7-f1bdbc89fead.meca	biorxiv/unpacked/Current_Content/September_2025/1f5d6e76-6eff-1014-90d7-f1bdbc89fead/content/673616.pdf	https://biorxiv-copy.s3.eu-west-2.amazonaws.com/biorxiv/unpacked/Current_Content/September_2025/1f5d6e76-6eff-1014-90d7-f1bdbc89fead/content/673616.pdf?X-Amz-Algorithm=AWS4-HMAC-SHA256&X-Amz-Credential=AKIASDVMRCD4TLKVRSCH%2F20250920%2Feu-west-2%2Fs3%2Faws4_request&X-Amz-Date=20250920T174454Z&X-Amz-Expires=360000&X-Amz-SignedHeaders=host&X-Amz-Signature=0331dd4ace0ccb5230ace79f5ff47261834afe564ae04a6350073d8664ca32c2
-e Current_Content/September_2025/1f64c46b-709c-1014-ab2f-fb80d51f3bed.meca	biorxiv/unpacked/Current_Content/September_2025/1f64c46b-709c-1014-ab2f-fb80d51f3bed/content/supplements/675843_file02.pdf	https://biorxiv-copy.s3.eu-west-2.amazonaws.com/biorxiv/unpacked/Current_Content/September_2025/1f64c46b-709c-1014-ab2f-fb80d51f3bed/content/supplements/675843_file02.pdf?X-Amz-Algorithm=AWS4-HMAC-SHA256&X-Amz-Credential=AKIASDVMRCD4TLKVRSCH%2F20250920%2Feu-west-2%2Fs3%2Faws4_request&X-Amz-Date=20250920T174455Z&X-Amz-Expires=360000&X-Amz-SignedHeaders=host&X-Amz-Signature=052b11d07e12d91f2e112de5e4ff3c58fd166174e6168484410a1396a15981eb
-e Current_Content/September_2025/1f6bc220-6c36-1014-9346-8bcb9775edf8.meca	biorxiv/unpacked/Current_Content/September_2025/1f6bc220-6c36-1014-9346-8bcb9775edf8/content/641297.pdf	https://biorxiv-copy.s3.eu-west-2.amazonaws.com/biorxiv/unpacked/Current_Content/September_2025/1f6bc220-6c36-1014-9346-8bcb9775edf8/content/641297.pdf?X-Amz-Algorithm=AWS4-HMAC-SHA256&X-Amz-Credential=AKIASDVMRCD4TLKVRSCH%2F20250920%2Feu-west-2%2Fs3%2Faws4_request&X-Amz-Date=20250920T174456Z&X-Amz-Expires=360000&X-Amz-SignedHeaders=host&X-Amz-Signature=2f6bc2d2882e79774304243763c5c43a5d6db78534f59b4a6aa815cace37c5fa
-e Current_Content/September_2025/1f786a97-6f02-1014-b6f7-b138d5a7df71.meca	biorxiv/unpacked/Current_Content/September_2025/1f786a97-6f02-1014-b6f7-b138d5a7df71/content/675762.pdf	https://biorxiv-copy.s3.eu-west-2.amazonaws.com/biorxiv/unpacked/Current_Content/September_2025/1f786a97-6f02-1014-b6f7-b138d5a7df71/content/675762.pdf?X-Amz-Algorithm=AWS4-HMAC-SHA256&X-Amz-Credential=AKIASDVMRCD4TLKVRSCH%2F20250920%2Feu-west-2%2Fs3%2Faws4_request&X-Amz-Date=20250920T174456Z&X-Amz-Expires=360000&X-Amz-SignedHeaders=host&X-Amz-Signature=2f2aef4a0fe5c0e4319a327a907aad2b343774945fc8de4d8c56de953c791f66
-e Current_Content/September_2025/1f8d1f26-7bed-1014-8af6-bdc41f074e8b.meca	biorxiv/unpacked/Current_Content/September_2025/1f8d1f26-7bed-1014-8af6-bdc41f074e8b/content/supplements/672356_file02.pdf	https://biorxiv-copy.s3.eu-west-2.amazonaws.com/biorxiv/unpacked/Current_Content/September_2025/1f8d1f26-7bed-1014-8af6-bdc41f074e8b/content/supplements/672356_file02.pdf?X-Amz-Algorithm=AWS4-HMAC-SHA256&X-Amz-Credential=AKIASDVMRCD4TLKVRSCH%2F20250920%2Feu-west-2%2Fs3%2Faws4_request&X-Amz-Date=20250920T174457Z&X-Amz-Expires=360000&X-Amz-SignedHeaders=host&X-Amz-Signature=5cad3d16623eda7299e2a17b78ea2db3c3d4f2d7e1c241adeda96085041e2433
-e Current_Content/September_2025/1f98b887-7c89-1014-9c53-8fe97713ddf5.meca	biorxiv/unpacked/Current_Content/September_2025/1f98b887-7c89-1014-9c53-8fe97713ddf5/content/674357.pdf	https://biorxiv-copy.s3.eu-west-2.amazonaws.com/biorxiv/unpacked/Current_Content/September_2025/1f98b887-7c89-1014-9c53-8fe97713ddf5/content/674357.pdf?X-Amz-Algorithm=AWS4-HMAC-SHA256&X-Amz-Credential=AKIASDVMRCD4TLKVRSCH%2F20250920%2Feu-west-2%2Fs3%2Faws4_request&X-Amz-Date=20250920T174459Z&X-Amz-Expires=360000&X-Amz-SignedHeaders=host&X-Amz-Signature=3ac1d4d42e07a0c96b391ec03ae11d9a7fffe75f24c97181f381fb4fa21be353
-e Current_Content/September_2025/1f9e185d-6caa-1014-9891-b14a6812468a.meca	biorxiv/unpacked/Current_Content/September_2025/1f9e185d-6caa-1014-9891-b14a6812468a/content/673158.pdf	https://biorxiv-copy.s3.eu-west-2.amazonaws.com/biorxiv/unpacked/Current_Content/September_2025/1f9e185d-6caa-1014-9891-b14a6812468a/content/673158.pdf?X-Amz-Algorithm=AWS4-HMAC-SHA256&X-Amz-Credential=AKIASDVMRCD4TLKVRSCH%2F20250920%2Feu-west-2%2Fs3%2Faws4_request&X-Amz-Date=20250920T174459Z&X-Amz-Expires=360000&X-Amz-SignedHeaders=host&X-Amz-Signature=81d1b6d6f864fd4565476fb6e7574bbbf7cb1330c44cd3730dd9940ad509408d
-e Current_Content/September_2025/1fb4566d-7964-1014-84c5-9e431783915d.meca	biorxiv/unpacked/Current_Content/September_2025/1fb4566d-7964-1014-84c5-9e431783915d/content/647945.pdf	https://biorxiv-copy.s3.eu-west-2.amazonaws.com/biorxiv/unpacked/Current_Content/September_2025/1fb4566d-7964-1014-84c5-9e431783915d/content/647945.pdf?X-Amz-Algorithm=AWS4-HMAC-SHA256&X-Amz-Credential=AKIASDVMRCD4TLKVRSCH%2F20250920%2Feu-west-2%2Fs3%2Faws4_request&X-Amz-Date=20250920T174500Z&X-Amz-Expires=360000&X-Amz-SignedHeaders=host&X-Amz-Signature=923fb6394ee8d5f797290fe00d5b2b966a6d6c4bcd570aa8976bb96172d924e2
-e Current_Content/September_2025/1fce2c68-6f35-1014-87fd-adef0c3c89e4.meca	biorxiv/unpacked/Current_Content/September_2025/1fce2c68-6f35-1014-87fd-adef0c3c89e4/content/supplements/623272_file02.pdf	https://biorxiv-copy.s3.eu-west-2.amazonaws.com/biorxiv/unpacked/Current_Content/September_2025/1fce2c68-6f35-1014-87fd-adef0c3c89e4/content/supplements/623272_file02.pdf?X-Amz-Algorithm=AWS4-HMAC-SHA256&X-Amz-Credential=AKIASDVMRCD4TLKVRSCH%2F20250920%2Feu-west-2%2Fs3%2Faws4_request&X-Amz-Date=20250920T174501Z&X-Amz-Expires=360000&X-Amz-SignedHeaders=host&X-Amz-Signature=806098bacd228b79acef15f41b6f3659e65b83e3d55073ff45d809340ffb3392
-e Current_Content/September_2025/1fe60100-7e98-1014-b143-e1e7b555d35b.meca	biorxiv/unpacked/Current_Content/September_2025/1fe60100-7e98-1014-b143-e1e7b555d35b/content/675144.pdf	https://biorxiv-copy.s3.eu-west-2.amazonaws.com/biorxiv/unpacked/Current_Content/September_2025/1fe60100-7e98-1014-b143-e1e7b555d35b/content/675144.pdf?X-Amz-Algorithm=AWS4-HMAC-SHA256&X-Amz-Credential=AKIASDVMRCD4TLKVRSCH%2F20250920%2Feu-west-2%2Fs3%2Faws4_request&X-Amz-Date=20250920T174502Z&X-Amz-Expires=360000&X-Amz-SignedHeaders=host&X-Amz-Signature=9f6b8f059ae2b765c7b54bb079cd3b285d2de148778c015a6e66ac72afffbbee
-e Current_Content/September_2025/201df4fc-7c3d-1014-ba16-c334ea9af6d1.meca	biorxiv/unpacked/Current_Content/September_2025/201df4fc-7c3d-1014-ba16-c334ea9af6d1/content/672029.pdf	https://biorxiv-copy.s3.eu-west-2.amazonaws.com/biorxiv/unpacked/Current_Content/September_2025/201df4fc-7c3d-1014-ba16-c334ea9af6d1/content/672029.pdf?X-Amz-Algorithm=AWS4-HMAC-SHA256&X-Amz-Credential=AKIASDVMRCD4TLKVRSCH%2F20250920%2Feu-west-2%2Fs3%2Faws4_request&X-Amz-Date=20250920T174503Z&X-Amz-Expires=360000&X-Amz-SignedHeaders=host&X-Amz-Signature=675ef3f6fb3c121d5ac1e9499617a03450fbc89861b516a3d4620a268aa2ec19
-e Current_Content/September_2025/20213928-6c84-1014-8a2d-88b09f7d76c1.meca	biorxiv/unpacked/Current_Content/September_2025/20213928-6c84-1014-8a2d-88b09f7d76c1/content/672683.pdf	https://biorxiv-copy.s3.eu-west-2.amazonaws.com/biorxiv/unpacked/Current_Content/September_2025/20213928-6c84-1014-8a2d-88b09f7d76c1/content/672683.pdf?X-Amz-Algorithm=AWS4-HMAC-SHA256&X-Amz-Credential=AKIASDVMRCD4TLKVRSCH%2F20250920%2Feu-west-2%2Fs3%2Faws4_request&X-Amz-Date=20250920T174504Z&X-Amz-Expires=360000&X-Amz-SignedHeaders=host&X-Amz-Signature=be7bc563af3b40ab36ae4247bb0d8cafd280e8ee36b54965e277d211bedd73f5
-e Current_Content/September_2025/202880f1-7d06-1014-a7d4-fc39703eee3a.meca	biorxiv/unpacked/Current_Content/September_2025/202880f1-7d06-1014-a7d4-fc39703eee3a/content/674714.pdf	https://biorxiv-copy.s3.eu-west-2.amazonaws.com/biorxiv/unpacked/Current_Content/September_2025/202880f1-7d06-1014-a7d4-fc39703eee3a/content/674714.pdf?X-Amz-Algorithm=AWS4-HMAC-SHA256&X-Amz-Credential=AKIASDVMRCD4TLKVRSCH%2F20250920%2Feu-west-2%2Fs3%2Faws4_request&X-Amz-Date=20250920T174505Z&X-Amz-Expires=360000&X-Amz-SignedHeaders=host&X-Amz-Signature=bf373f837f6c5c2e81731130e648672c4c4244a519359b0655e9a0995df92c5b
-e Current_Content/September_2025/202c9bbb-7d51-1014-9ae3-eb54054284d2.meca	biorxiv/unpacked/Current_Content/September_2025/202c9bbb-7d51-1014-9ae3-eb54054284d2/content/674731.pdf	https://biorxiv-copy.s3.eu-west-2.amazonaws.com/biorxiv/unpacked/Current_Content/September_2025/202c9bbb-7d51-1014-9ae3-eb54054284d2/content/674731.pdf?X-Amz-Algorithm=AWS4-HMAC-SHA256&X-Amz-Credential=AKIASDVMRCD4TLKVRSCH%2F20250920%2Feu-west-2%2Fs3%2Faws4_request&X-Amz-Date=20250920T174506Z&X-Amz-Expires=360000&X-Amz-SignedHeaders=host&X-Amz-Signature=112362c51dc41cd6ff06d593c24096ea5892785f4f88347293994f6d7b0cb018
-e Current_Content/September_2025/203e03ec-7175-1014-9e31-afd831059f8f.meca	biorxiv/unpacked/Current_Content/September_2025/203e03ec-7175-1014-9e31-afd831059f8f/content/676376.pdf	https://biorxiv-copy.s3.eu-west-2.amazonaws.com/biorxiv/unpacked/Current_Content/September_2025/203e03ec-7175-1014-9e31-afd831059f8f/content/676376.pdf?X-Amz-Algorithm=AWS4-HMAC-SHA256&X-Amz-Credential=AKIASDVMRCD4TLKVRSCH%2F20250920%2Feu-west-2%2Fs3%2Faws4_request&X-Amz-Date=20250920T174507Z&X-Amz-Expires=360000&X-Amz-SignedHeaders=host&X-Amz-Signature=8830f5784aea7eaff1eaa8ebf18a3d1531aa89d168a6e9d5294c80ecf19a3433
-e Current_Content/September_2025/203e0ba0-6d61-1014-9a7f-b37acecdf914.meca	biorxiv/unpacked/Current_Content/September_2025/203e0ba0-6d61-1014-9a7f-b37acecdf914/content/supplements/674654_file02.pdf	https://biorxiv-copy.s3.eu-west-2.amazonaws.com/biorxiv/unpacked/Current_Content/September_2025/203e0ba0-6d61-1014-9a7f-b37acecdf914/content/supplements/674654_file02.pdf?X-Amz-Algorithm=AWS4-HMAC-SHA256&X-Amz-Credential=AKIASDVMRCD4TLKVRSCH%2F20250920%2Feu-west-2%2Fs3%2Faws4_request&X-Amz-Date=20250920T174508Z&X-Amz-Expires=360000&X-Amz-SignedHeaders=host&X-Amz-Signature=2428e8a9922f6745a9ee24cc79e2f250cc897008d7da6209030a3e29ca1f7ed3
-e Current_Content/September_2025/20419cc0-6f03-1014-93c5-f0d34e8c200f.meca	biorxiv/unpacked/Current_Content/September_2025/20419cc0-6f03-1014-93c5-f0d34e8c200f/content/674870.pdf	https://biorxiv-copy.s3.eu-west-2.amazonaws.com/biorxiv/unpacked/Current_Content/September_2025/20419cc0-6f03-1014-93c5-f0d34e8c200f/content/674870.pdf?X-Amz-Algorithm=AWS4-HMAC-SHA256&X-Amz-Credential=AKIASDVMRCD4TLKVRSCH%2F20250920%2Feu-west-2%2Fs3%2Faws4_request&X-Amz-Date=20250920T174509Z&X-Amz-Expires=360000&X-Amz-SignedHeaders=host&X-Amz-Signature=6ff875e0ea305dffd2d44455cd8f9da9faf8a5e7d6e8f417de56f3a1569779ce
-e Current_Content/September_2025/204d3c73-70aa-1014-ae7b-eb8ea85694c6.meca	biorxiv/unpacked/Current_Content/September_2025/204d3c73-70aa-1014-ae7b-eb8ea85694c6/content/675849.pdf	https://biorxiv-copy.s3.eu-west-2.amazonaws.com/biorxiv/unpacked/Current_Content/September_2025/204d3c73-70aa-1014-ae7b-eb8ea85694c6/content/675849.pdf?X-Amz-Algorithm=AWS4-HMAC-SHA256&X-Amz-Credential=AKIASDVMRCD4TLKVRSCH%2F20250920%2Feu-west-2%2Fs3%2Faws4_request&X-Amz-Date=20250920T174510Z&X-Amz-Expires=360000&X-Amz-SignedHeaders=host&X-Amz-Signature=690f6c4f95b6061d9ca99377d78af3a0aadd7e82016d5030cde24ab37520c349
-e Current_Content/September_2025/204eaf57-7e0f-1014-a7cc-f7cd44afe953.meca	biorxiv/unpacked/Current_Content/September_2025/204eaf57-7e0f-1014-a7cc-f7cd44afe953/content/674256.pdf	https://biorxiv-copy.s3.eu-west-2.amazonaws.com/biorxiv/unpacked/Current_Content/September_2025/204eaf57-7e0f-1014-a7cc-f7cd44afe953/content/674256.pdf?X-Amz-Algorithm=AWS4-HMAC-SHA256&X-Amz-Credential=AKIASDVMRCD4TLKVRSCH%2F20250920%2Feu-west-2%2Fs3%2Faws4_request&X-Amz-Date=20250920T174511Z&X-Amz-Expires=360000&X-Amz-SignedHeaders=host&X-Amz-Signature=a1720e23e29cacd8146eafca92ccc2058c5e17f20f82195149711176dcc6aa2d
-e Current_Content/September_2025/20609823-7aab-1014-8fa5-bd2b89628ef8.meca	biorxiv/unpacked/Current_Content/September_2025/20609823-7aab-1014-8fa5-bd2b89628ef8/content/673141.pdf	https://biorxiv-copy.s3.eu-west-2.amazonaws.com/biorxiv/unpacked/Current_Content/September_2025/20609823-7aab-1014-8fa5-bd2b89628ef8/content/673141.pdf?X-Amz-Algorithm=AWS4-HMAC-SHA256&X-Amz-Credential=AKIASDVMRCD4TLKVRSCH%2F20250920%2Feu-west-2%2Fs3%2Faws4_request&X-Amz-Date=20250920T174512Z&X-Amz-Expires=360000&X-Amz-SignedHeaders=host&X-Amz-Signature=8e81d770aa38aedac5bf3613c9176aef422417841fdf12c4904c94ec10f7d83b
-e Current_Content/September_2025/20a83651-7d3e-1014-8c9a-c242fb9780d0.meca	biorxiv/unpacked/Current_Content/September_2025/20a83651-7d3e-1014-8c9a-c242fb9780d0/content/670688.pdf	https://biorxiv-copy.s3.eu-west-2.amazonaws.com/biorxiv/unpacked/Current_Content/September_2025/20a83651-7d3e-1014-8c9a-c242fb9780d0/content/670688.pdf?X-Amz-Algorithm=AWS4-HMAC-SHA256&X-Amz-Credential=AKIASDVMRCD4TLKVRSCH%2F20250920%2Feu-west-2%2Fs3%2Faws4_request&X-Amz-Date=20250920T174513Z&X-Amz-Expires=360000&X-Amz-SignedHeaders=host&X-Amz-Signature=be338302c45b2db5db867ff4a28c90d68bc3d0ef35b59de5fbbb188d52351a03
-e Current_Content/September_2025/20ad4c5a-6e49-1014-85c8-891f277aabc4.meca	biorxiv/unpacked/Current_Content/September_2025/20ad4c5a-6e49-1014-85c8-891f277aabc4/content/supplements/675505_file02.pdf	https://biorxiv-copy.s3.eu-west-2.amazonaws.com/biorxiv/unpacked/Current_Content/September_2025/20ad4c5a-6e49-1014-85c8-891f277aabc4/content/supplements/675505_file02.pdf?X-Amz-Algorithm=AWS4-HMAC-SHA256&X-Amz-Credential=AKIASDVMRCD4TLKVRSCH%2F20250920%2Feu-west-2%2Fs3%2Faws4_request&X-Amz-Date=20250920T174514Z&X-Amz-Expires=360000&X-Amz-SignedHeaders=host&X-Amz-Signature=a653b26f48cbf86412c8bd3ae31daf43be3dead3228f4548bde99f449d75e227
-e Current_Content/September_2025/20ba3f42-7e0f-1014-a39a-e20997d405fd.meca	biorxiv/unpacked/Current_Content/September_2025/20ba3f42-7e0f-1014-a39a-e20997d405fd/content/652300.pdf	https://biorxiv-copy.s3.eu-west-2.amazonaws.com/biorxiv/unpacked/Current_Content/September_2025/20ba3f42-7e0f-1014-a39a-e20997d405fd/content/652300.pdf?X-Amz-Algorithm=AWS4-HMAC-SHA256&X-Amz-Credential=AKIASDVMRCD4TLKVRSCH%2F20250920%2Feu-west-2%2Fs3%2Faws4_request&X-Amz-Date=20250920T174515Z&X-Amz-Expires=360000&X-Amz-SignedHeaders=host&X-Amz-Signature=ca9dc2c31a9bfff05d783656cea6d90a8d5c5b2e6332507fa73b96fb9a2cec03
-e Current_Content/September_2025/20d1795a-70f0-1014-af17-d445f0c42bac.meca	biorxiv/unpacked/Current_Content/September_2025/20d1795a-70f0-1014-af17-d445f0c42bac/content/669858.pdf	https://biorxiv-copy.s3.eu-west-2.amazonaws.com/biorxiv/unpacked/Current_Content/September_2025/20d1795a-70f0-1014-af17-d445f0c42bac/content/669858.pdf?X-Amz-Algorithm=AWS4-HMAC-SHA256&X-Amz-Credential=AKIASDVMRCD4TLKVRSCH%2F20250920%2Feu-west-2%2Fs3%2Faws4_request&X-Amz-Date=20250920T174516Z&X-Amz-Expires=360000&X-Amz-SignedHeaders=host&X-Amz-Signature=e35387d17e313e0c64208a8b67c5ca7f347fc97fe02c0dea1235b3fc81540039
-e Current_Content/September_2025/20d48171-7046-1014-a9c5-d7fb01fb6bce.meca	biorxiv/unpacked/Current_Content/September_2025/20d48171-7046-1014-a9c5-d7fb01fb6bce/content/634822.pdf	https://biorxiv-copy.s3.eu-west-2.amazonaws.com/biorxiv/unpacked/Current_Content/September_2025/20d48171-7046-1014-a9c5-d7fb01fb6bce/content/634822.pdf?X-Amz-Algorithm=AWS4-HMAC-SHA256&X-Amz-Credential=AKIASDVMRCD4TLKVRSCH%2F20250920%2Feu-west-2%2Fs3%2Faws4_request&X-Amz-Date=20250920T174517Z&X-Amz-Expires=360000&X-Amz-SignedHeaders=host&X-Amz-Signature=2bf883ea360af094eeb990f70354559b40a0d43f5df263d946a3b965e3ecfa77
-e Current_Content/September_2025/20f251e0-70f1-1014-be72-8f9f4621494e.meca	biorxiv/unpacked/Current_Content/September_2025/20f251e0-70f1-1014-be72-8f9f4621494e/content/supplements/675966_file03.pdf	https://biorxiv-copy.s3.eu-west-2.amazonaws.com/biorxiv/unpacked/Current_Content/September_2025/20f251e0-70f1-1014-be72-8f9f4621494e/content/supplements/675966_file03.pdf?X-Amz-Algorithm=AWS4-HMAC-SHA256&X-Amz-Credential=AKIASDVMRCD4TLKVRSCH%2F20250920%2Feu-west-2%2Fs3%2Faws4_request&X-Amz-Date=20250920T174518Z&X-Amz-Expires=360000&X-Amz-SignedHeaders=host&X-Amz-Signature=2b562dc1a35008d0986b49c35bc19831d0cf5a6b95bde42b83f524453b97c4f2
-e Current_Content/September_2025/20f431ce-7bc5-1014-88ec-debd74e4800f.meca	biorxiv/unpacked/Current_Content/September_2025/20f431ce-7bc5-1014-88ec-debd74e4800f/content/supplements/674404_file02.pdf	https://biorxiv-copy.s3.eu-west-2.amazonaws.com/biorxiv/unpacked/Current_Content/September_2025/20f431ce-7bc5-1014-88ec-debd74e4800f/content/supplements/674404_file02.pdf?X-Amz-Algorithm=AWS4-HMAC-SHA256&X-Amz-Credential=AKIASDVMRCD4TLKVRSCH%2F20250920%2Feu-west-2%2Fs3%2Faws4_request&X-Amz-Date=20250920T174520Z&X-Amz-Expires=360000&X-Amz-SignedHeaders=host&X-Amz-Signature=c45b2a82496243e61f58009bcf5ddebabbda56c81bee682f2149c729e99b8e52
-e Current_Content/September_2025/20f7eb04-7e2f-1014-85e7-ed3d84beedc5.meca	biorxiv/unpacked/Current_Content/September_2025/20f7eb04-7e2f-1014-85e7-ed3d84beedc5/content/671932.pdf	https://biorxiv-copy.s3.eu-west-2.amazonaws.com/biorxiv/unpacked/Current_Content/September_2025/20f7eb04-7e2f-1014-85e7-ed3d84beedc5/content/671932.pdf?X-Amz-Algorithm=AWS4-HMAC-SHA256&X-Amz-Credential=AKIASDVMRCD4TLKVRSCH%2F20250920%2Feu-west-2%2Fs3%2Faws4_request&X-Amz-Date=20250920T174521Z&X-Amz-Expires=360000&X-Amz-SignedHeaders=host&X-Amz-Signature=e26af197b41cbc3d9e0726a826a295d060c3f139f2524aa2fbe75f31d95715af
-e Current_Content/September_2025/2101145b-6c8b-1014-a6cd-995accc2622b.meca	biorxiv/unpacked/Current_Content/September_2025/2101145b-6c8b-1014-a6cd-995accc2622b/content/672844.pdf	https://biorxiv-copy.s3.eu-west-2.amazonaws.com/biorxiv/unpacked/Current_Content/September_2025/2101145b-6c8b-1014-a6cd-995accc2622b/content/672844.pdf?X-Amz-Algorithm=AWS4-HMAC-SHA256&X-Amz-Credential=AKIASDVMRCD4TLKVRSCH%2F20250920%2Feu-west-2%2Fs3%2Faws4_request&X-Amz-Date=20250920T174522Z&X-Amz-Expires=360000&X-Amz-SignedHeaders=host&X-Amz-Signature=eabb91d9d8bbe5a603b1b9d11728127e60e9a2d35ebb6a9bf079c80847832dd5
-e Current_Content/September_2025/2101b070-715d-1014-a51e-d0b5a09cfe4f.meca	biorxiv/unpacked/Current_Content/September_2025/2101b070-715d-1014-a51e-d0b5a09cfe4f/content/675854.pdf	https://biorxiv-copy.s3.eu-west-2.amazonaws.com/biorxiv/unpacked/Current_Content/September_2025/2101b070-715d-1014-a51e-d0b5a09cfe4f/content/675854.pdf?X-Amz-Algorithm=AWS4-HMAC-SHA256&X-Amz-Credential=AKIASDVMRCD4TLKVRSCH%2F20250920%2Feu-west-2%2Fs3%2Faws4_request&X-Amz-Date=20250920T174523Z&X-Amz-Expires=360000&X-Amz-SignedHeaders=host&X-Amz-Signature=78264603ef467bdad6077dc41c9a3feb6c0bd9d420775bc00a1ce4b7ab77bfd2
-e Current_Content/September_2025/21046cf5-7c3e-1014-848b-8d1ad630309b.meca	biorxiv/unpacked/Current_Content/September_2025/21046cf5-7c3e-1014-848b-8d1ad630309b/content/674658.pdf	https://biorxiv-copy.s3.eu-west-2.amazonaws.com/biorxiv/unpacked/Current_Content/September_2025/21046cf5-7c3e-1014-848b-8d1ad630309b/content/674658.pdf?X-Amz-Algorithm=AWS4-HMAC-SHA256&X-Amz-Credential=AKIASDVMRCD4TLKVRSCH%2F20250920%2Feu-west-2%2Fs3%2Faws4_request&X-Amz-Date=20250920T174524Z&X-Amz-Expires=360000&X-Amz-SignedHeaders=host&X-Amz-Signature=9767b9a4d6d58a311dd40c655c7751b6387857383524c8b721084637e6a1cdc8
-e Current_Content/September_2025/210d9a30-7e99-1014-8ec8-e8d58de0e534.meca	biorxiv/unpacked/Current_Content/September_2025/210d9a30-7e99-1014-8ec8-e8d58de0e534/content/674373.pdf	https://biorxiv-copy.s3.eu-west-2.amazonaws.com/biorxiv/unpacked/Current_Content/September_2025/210d9a30-7e99-1014-8ec8-e8d58de0e534/content/674373.pdf?X-Amz-Algorithm=AWS4-HMAC-SHA256&X-Amz-Credential=AKIASDVMRCD4TLKVRSCH%2F20250920%2Feu-west-2%2Fs3%2Faws4_request&X-Amz-Date=20250920T174525Z&X-Amz-Expires=360000&X-Amz-SignedHeaders=host&X-Amz-Signature=e58b724fed2f5e02ea11eafe3b2240a6c36897f0b60b4d24fdae7030164912ff
-e Current_Content/September_2025/21215a09-7dd2-1014-9715-d322d5cb1eaa.meca	biorxiv/unpacked/Current_Content/September_2025/21215a09-7dd2-1014-9715-d322d5cb1eaa/content/674931.pdf	https://biorxiv-copy.s3.eu-west-2.amazonaws.com/biorxiv/unpacked/Current_Content/September_2025/21215a09-7dd2-1014-9715-d322d5cb1eaa/content/674931.pdf?X-Amz-Algorithm=AWS4-HMAC-SHA256&X-Amz-Credential=AKIASDVMRCD4TLKVRSCH%2F20250920%2Feu-west-2%2Fs3%2Faws4_request&X-Amz-Date=20250920T174526Z&X-Amz-Expires=360000&X-Amz-SignedHeaders=host&X-Amz-Signature=d38bca7f125abd245f2fd2b26ccbf0d4334171e30c59a0f133493c46f7ac2ec2
-e Current_Content/September_2025/2122a757-6df0-1014-b299-8866f7016113.meca	biorxiv/unpacked/Current_Content/September_2025/2122a757-6df0-1014-b299-8866f7016113/content/674561.pdf	https://biorxiv-copy.s3.eu-west-2.amazonaws.com/biorxiv/unpacked/Current_Content/September_2025/2122a757-6df0-1014-b299-8866f7016113/content/674561.pdf?X-Amz-Algorithm=AWS4-HMAC-SHA256&X-Amz-Credential=AKIASDVMRCD4TLKVRSCH%2F20250920%2Feu-west-2%2Fs3%2Faws4_request&X-Amz-Date=20250920T174527Z&X-Amz-Expires=360000&X-Amz-SignedHeaders=host&X-Amz-Signature=a362c56037289d7d322294e31e5d7e98ca524b3d2b43f6a453406316ab604eb9
-e Current_Content/September_2025/212d4feb-7ac8-1014-82d4-b3fdeeda5cdb.meca	biorxiv/unpacked/Current_Content/September_2025/212d4feb-7ac8-1014-82d4-b3fdeeda5cdb/content/673783.pdf	https://biorxiv-copy.s3.eu-west-2.amazonaws.com/biorxiv/unpacked/Current_Content/September_2025/212d4feb-7ac8-1014-82d4-b3fdeeda5cdb/content/673783.pdf?X-Amz-Algorithm=AWS4-HMAC-SHA256&X-Amz-Credential=AKIASDVMRCD4TLKVRSCH%2F20250920%2Feu-west-2%2Fs3%2Faws4_request&X-Amz-Date=20250920T174528Z&X-Amz-Expires=360000&X-Amz-SignedHeaders=host&X-Amz-Signature=fb2abcc5ef0d398837b37b947504bcbbb09c010d8b0089587a501074bb8fe7be
-e Current_Content/September_2025/21414ec8-6cf9-1014-9f36-f0b4fd2049f5.meca	biorxiv/unpacked/Current_Content/September_2025/21414ec8-6cf9-1014-9f36-f0b4fd2049f5/content/673243.pdf	https://biorxiv-copy.s3.eu-west-2.amazonaws.com/biorxiv/unpacked/Current_Content/September_2025/21414ec8-6cf9-1014-9f36-f0b4fd2049f5/content/673243.pdf?X-Amz-Algorithm=AWS4-HMAC-SHA256&X-Amz-Credential=AKIASDVMRCD4TLKVRSCH%2F20250920%2Feu-west-2%2Fs3%2Faws4_request&X-Amz-Date=20250920T174529Z&X-Amz-Expires=360000&X-Amz-SignedHeaders=host&X-Amz-Signature=31a6e4ffdc96af0a400de017f068c4741dcb8eb6b7468199baf101eab4e89f5e
-e Current_Content/September_2025/21580c86-7001-1014-86e9-fb9fca58df68.meca	biorxiv/unpacked/Current_Content/September_2025/21580c86-7001-1014-86e9-fb9fca58df68/content/637944.pdf	https://biorxiv-copy.s3.eu-west-2.amazonaws.com/biorxiv/unpacked/Current_Content/September_2025/21580c86-7001-1014-86e9-fb9fca58df68/content/637944.pdf?X-Amz-Algorithm=AWS4-HMAC-SHA256&X-Amz-Credential=AKIASDVMRCD4TLKVRSCH%2F20250920%2Feu-west-2%2Fs3%2Faws4_request&X-Amz-Date=20250920T174530Z&X-Amz-Expires=360000&X-Amz-SignedHeaders=host&X-Amz-Signature=856aa7059169deea475c99224b3f4014f4dd50e9d34ae21af8dbee49da6d4ed1
-e Current_Content/September_2025/215ed156-7bed-1014-9d9b-d13430190506.meca	biorxiv/unpacked/Current_Content/September_2025/215ed156-7bed-1014-9d9b-d13430190506/content/673264.pdf	https://biorxiv-copy.s3.eu-west-2.amazonaws.com/biorxiv/unpacked/Current_Content/September_2025/215ed156-7bed-1014-9d9b-d13430190506/content/673264.pdf?X-Amz-Algorithm=AWS4-HMAC-SHA256&X-Amz-Credential=AKIASDVMRCD4TLKVRSCH%2F20250920%2Feu-west-2%2Fs3%2Faws4_request&X-Amz-Date=20250920T174530Z&X-Amz-Expires=360000&X-Amz-SignedHeaders=host&X-Amz-Signature=bc0b23eeca9e0a4e69cb3a48d1d0c36fbb16642d871ca6ccf39b3e2248ea3f63
-e Current_Content/September_2025/215f0179-70ce-1014-812e-89400aff739e.meca	biorxiv/unpacked/Current_Content/September_2025/215f0179-70ce-1014-812e-89400aff739e/content/675719.pdf	https://biorxiv-copy.s3.eu-west-2.amazonaws.com/biorxiv/unpacked/Current_Content/September_2025/215f0179-70ce-1014-812e-89400aff739e/content/675719.pdf?X-Amz-Algorithm=AWS4-HMAC-SHA256&X-Amz-Credential=AKIASDVMRCD4TLKVRSCH%2F20250920%2Feu-west-2%2Fs3%2Faws4_request&X-Amz-Date=20250920T174531Z&X-Amz-Expires=360000&X-Amz-SignedHeaders=host&X-Amz-Signature=7610352390d0c84b48d7f864159ff3b9345a758ed9a6e08eab25af8672b20fa5
-e Current_Content/September_2025/21794d1f-7d66-1014-b16e-a5a286aa1a6b.meca	biorxiv/unpacked/Current_Content/September_2025/21794d1f-7d66-1014-b16e-a5a286aa1a6b/content/674287.pdf	https://biorxiv-copy.s3.eu-west-2.amazonaws.com/biorxiv/unpacked/Current_Content/September_2025/21794d1f-7d66-1014-b16e-a5a286aa1a6b/content/674287.pdf?X-Amz-Algorithm=AWS4-HMAC-SHA256&X-Amz-Credential=AKIASDVMRCD4TLKVRSCH%2F20250920%2Feu-west-2%2Fs3%2Faws4_request&X-Amz-Date=20250920T174532Z&X-Amz-Expires=360000&X-Amz-SignedHeaders=host&X-Amz-Signature=bebc3aa6eea927dd838645f29aaa66d6bfdcd4672c6330bb0bd413eb47f74b05
-e Current_Content/September_2025/21a24fed-7b76-1014-9f22-d512a563cca2.meca	biorxiv/unpacked/Current_Content/September_2025/21a24fed-7b76-1014-9f22-d512a563cca2/content/615685.pdf	https://biorxiv-copy.s3.eu-west-2.amazonaws.com/biorxiv/unpacked/Current_Content/September_2025/21a24fed-7b76-1014-9f22-d512a563cca2/content/615685.pdf?X-Amz-Algorithm=AWS4-HMAC-SHA256&X-Amz-Credential=AKIASDVMRCD4TLKVRSCH%2F20250920%2Feu-west-2%2Fs3%2Faws4_request&X-Amz-Date=20250920T174533Z&X-Amz-Expires=360000&X-Amz-SignedHeaders=host&X-Amz-Signature=cd0e0ce8856ca6f3268508a922ffd4e7602fddc5ac62514c1ef2dc0ad0538b8b
-e Current_Content/September_2025/21a5a31d-6eff-1014-a543-cce817642cef.meca	biorxiv/unpacked/Current_Content/September_2025/21a5a31d-6eff-1014-a543-cce817642cef/content/673676.pdf	https://biorxiv-copy.s3.eu-west-2.amazonaws.com/biorxiv/unpacked/Current_Content/September_2025/21a5a31d-6eff-1014-a543-cce817642cef/content/673676.pdf?X-Amz-Algorithm=AWS4-HMAC-SHA256&X-Amz-Credential=AKIASDVMRCD4TLKVRSCH%2F20250920%2Feu-west-2%2Fs3%2Faws4_request&X-Amz-Date=20250920T174534Z&X-Amz-Expires=360000&X-Amz-SignedHeaders=host&X-Amz-Signature=71fd15d5aed0c77b48acefd09bc9bda9a9d665db26e0a69d62d55b48c86c0fd2
-e Current_Content/September_2025/21c54941-6c36-1014-8c5d-daba81de53e4.meca	biorxiv/unpacked/Current_Content/September_2025/21c54941-6c36-1014-8c5d-daba81de53e4/content/641768.pdf	https://biorxiv-copy.s3.eu-west-2.amazonaws.com/biorxiv/unpacked/Current_Content/September_2025/21c54941-6c36-1014-8c5d-daba81de53e4/content/641768.pdf?X-Amz-Algorithm=AWS4-HMAC-SHA256&X-Amz-Credential=AKIASDVMRCD4TLKVRSCH%2F20250920%2Feu-west-2%2Fs3%2Faws4_request&X-Amz-Date=20250920T174535Z&X-Amz-Expires=360000&X-Amz-SignedHeaders=host&X-Amz-Signature=97efca05bd051777a6798718cda5b86435ca4b0e3018934b6879f541f08c9123
-e Current_Content/September_2025/21cb153e-7d22-1014-a00a-c6ece8a1cef9.meca	biorxiv/unpacked/Current_Content/September_2025/21cb153e-7d22-1014-a00a-c6ece8a1cef9/content/674000.pdf	https://biorxiv-copy.s3.eu-west-2.amazonaws.com/biorxiv/unpacked/Current_Content/September_2025/21cb153e-7d22-1014-a00a-c6ece8a1cef9/content/674000.pdf?X-Amz-Algorithm=AWS4-HMAC-SHA256&X-Amz-Credential=AKIASDVMRCD4TLKVRSCH%2F20250920%2Feu-west-2%2Fs3%2Faws4_request&X-Amz-Date=20250920T174536Z&X-Amz-Expires=360000&X-Amz-SignedHeaders=host&X-Amz-Signature=3815e34b9a46bd5043fa18c7e4179d45094e70b755dcd5cc982b5c5c2849d649
-e Current_Content/September_2025/21e0eb95-6d61-1014-af04-97078bf36725.meca	biorxiv/unpacked/Current_Content/September_2025/21e0eb95-6d61-1014-af04-97078bf36725/content/593835.pdf	https://biorxiv-copy.s3.eu-west-2.amazonaws.com/biorxiv/unpacked/Current_Content/September_2025/21e0eb95-6d61-1014-af04-97078bf36725/content/593835.pdf?X-Amz-Algorithm=AWS4-HMAC-SHA256&X-Amz-Credential=AKIASDVMRCD4TLKVRSCH%2F20250920%2Feu-west-2%2Fs3%2Faws4_request&X-Amz-Date=20250920T174537Z&X-Amz-Expires=360000&X-Amz-SignedHeaders=host&X-Amz-Signature=adf8bba403ecc69b3eb874adcb89a16b4801fcd8f48e80adcf059d269f147a8f
-e Current_Content/September_2025/22073187-6c78-1014-9de6-c5ae6a853b6c.meca	biorxiv/unpacked/Current_Content/September_2025/22073187-6c78-1014-9de6-c5ae6a853b6c/content/672737.pdf	https://biorxiv-copy.s3.eu-west-2.amazonaws.com/biorxiv/unpacked/Current_Content/September_2025/22073187-6c78-1014-9de6-c5ae6a853b6c/content/672737.pdf?X-Amz-Algorithm=AWS4-HMAC-SHA256&X-Amz-Credential=AKIASDVMRCD4TLKVRSCH%2F20250920%2Feu-west-2%2Fs3%2Faws4_request&X-Amz-Date=20250920T174538Z&X-Amz-Expires=360000&X-Amz-SignedHeaders=host&X-Amz-Signature=3cc8195c5633c7bf2faf779db7a4b7d914e8f3311b83e741e3f4544b9894cf41
-e Current_Content/September_2025/220d7352-778a-1014-a676-d21a138b1662.meca	biorxiv/unpacked/Current_Content/September_2025/220d7352-778a-1014-a676-d21a138b1662/content/supplements/671941_file03.pdf	https://biorxiv-copy.s3.eu-west-2.amazonaws.com/biorxiv/unpacked/Current_Content/September_2025/220d7352-778a-1014-a676-d21a138b1662/content/supplements/671941_file03.pdf?X-Amz-Algorithm=AWS4-HMAC-SHA256&X-Amz-Credential=AKIASDVMRCD4TLKVRSCH%2F20250920%2Feu-west-2%2Fs3%2Faws4_request&X-Amz-Date=20250920T174539Z&X-Amz-Expires=360000&X-Amz-SignedHeaders=host&X-Amz-Signature=524b5a47900d523c43438ba069f60277b82b567b4b9d10cccab3972a4e00051b
-e Current_Content/September_2025/2226ba01-7002-1014-bfe3-d98d82a3092b.meca	biorxiv/unpacked/Current_Content/September_2025/2226ba01-7002-1014-bfe3-d98d82a3092b/content/675564.pdf	https://biorxiv-copy.s3.eu-west-2.amazonaws.com/biorxiv/unpacked/Current_Content/September_2025/2226ba01-7002-1014-bfe3-d98d82a3092b/content/675564.pdf?X-Amz-Algorithm=AWS4-HMAC-SHA256&X-Amz-Credential=AKIASDVMRCD4TLKVRSCH%2F20250920%2Feu-west-2%2Fs3%2Faws4_request&X-Amz-Date=20250920T174540Z&X-Amz-Expires=360000&X-Amz-SignedHeaders=host&X-Amz-Signature=7fd054a863a7442d496895c9b27a1fd0937a7be23fe00f09868564e326238054
-e Current_Content/September_2025/2247aedf-7964-1014-82ec-a93bad50ddd9.meca	biorxiv/unpacked/Current_Content/September_2025/2247aedf-7964-1014-82ec-a93bad50ddd9/content/649227.pdf	https://biorxiv-copy.s3.eu-west-2.amazonaws.com/biorxiv/unpacked/Current_Content/September_2025/2247aedf-7964-1014-82ec-a93bad50ddd9/content/649227.pdf?X-Amz-Algorithm=AWS4-HMAC-SHA256&X-Amz-Credential=AKIASDVMRCD4TLKVRSCH%2F20250920%2Feu-west-2%2Fs3%2Faws4_request&X-Amz-Date=20250920T174541Z&X-Amz-Expires=360000&X-Amz-SignedHeaders=host&X-Amz-Signature=f6cc8a100293c51059d9889863d8f3a2e4625c4dc2b33c06858ee61eb111ee2f
-e Current_Content/September_2025/224d0418-6c84-1014-89cc-e1ee456d819c.meca	biorxiv/unpacked/Current_Content/September_2025/224d0418-6c84-1014-89cc-e1ee456d819c/content/672700.pdf	https://biorxiv-copy.s3.eu-west-2.amazonaws.com/biorxiv/unpacked/Current_Content/September_2025/224d0418-6c84-1014-89cc-e1ee456d819c/content/672700.pdf?X-Amz-Algorithm=AWS4-HMAC-SHA256&X-Amz-Credential=AKIASDVMRCD4TLKVRSCH%2F20250920%2Feu-west-2%2Fs3%2Faws4_request&X-Amz-Date=20250920T174542Z&X-Amz-Expires=360000&X-Amz-SignedHeaders=host&X-Amz-Signature=76eb700fce6dd16670332bd78dc8157d018846ce24b10314072e323659b73187
-e Current_Content/September_2025/226dffcf-7b10-1014-896b-ba2456d31af1.meca	biorxiv/unpacked/Current_Content/September_2025/226dffcf-7b10-1014-896b-ba2456d31af1/content/673591.pdf	https://biorxiv-copy.s3.eu-west-2.amazonaws.com/biorxiv/unpacked/Current_Content/September_2025/226dffcf-7b10-1014-896b-ba2456d31af1/content/673591.pdf?X-Amz-Algorithm=AWS4-HMAC-SHA256&X-Amz-Credential=AKIASDVMRCD4TLKVRSCH%2F20250920%2Feu-west-2%2Fs3%2Faws4_request&X-Amz-Date=20250920T174542Z&X-Amz-Expires=360000&X-Amz-SignedHeaders=host&X-Amz-Signature=fcfd4acc2c3d2ec39c6446b664ddb654a451f793f1135026156b0a2af38770df
-e Current_Content/September_2025/227bcfda-7d3f-1014-b170-9220fc3efef7.meca	biorxiv/unpacked/Current_Content/September_2025/227bcfda-7d3f-1014-b170-9220fc3efef7/content/674757.pdf	https://biorxiv-copy.s3.eu-west-2.amazonaws.com/biorxiv/unpacked/Current_Content/September_2025/227bcfda-7d3f-1014-b170-9220fc3efef7/content/674757.pdf?X-Amz-Algorithm=AWS4-HMAC-SHA256&X-Amz-Credential=AKIASDVMRCD4TLKVRSCH%2F20250920%2Feu-west-2%2Fs3%2Faws4_request&X-Amz-Date=20250920T174544Z&X-Amz-Expires=360000&X-Amz-SignedHeaders=host&X-Amz-Signature=812b3d8bea3e435ef9cc7938544d1175a6c07446cfbc66f28f6101c124dafaec
-e Current_Content/September_2025/229a9728-7bbe-1014-9a99-d3aa3d0dd848.meca	biorxiv/unpacked/Current_Content/September_2025/229a9728-7bbe-1014-9a99-d3aa3d0dd848/content/668590.pdf	https://biorxiv-copy.s3.eu-west-2.amazonaws.com/biorxiv/unpacked/Current_Content/September_2025/229a9728-7bbe-1014-9a99-d3aa3d0dd848/content/668590.pdf?X-Amz-Algorithm=AWS4-HMAC-SHA256&X-Amz-Credential=AKIASDVMRCD4TLKVRSCH%2F20250920%2Feu-west-2%2Fs3%2Faws4_request&X-Amz-Date=20250920T174545Z&X-Amz-Expires=360000&X-Amz-SignedHeaders=host&X-Amz-Signature=72ad76da632140a21ace3f26c1b4dce9ee94e3d8b720a5c9a416c4c15b488a45
-e Current_Content/September_2025/22bb6f45-6d9f-1014-8693-8ff79fe7f6cc.meca	biorxiv/unpacked/Current_Content/September_2025/22bb6f45-6d9f-1014-8693-8ff79fe7f6cc/content/673113.pdf	https://biorxiv-copy.s3.eu-west-2.amazonaws.com/biorxiv/unpacked/Current_Content/September_2025/22bb6f45-6d9f-1014-8693-8ff79fe7f6cc/content/673113.pdf?X-Amz-Algorithm=AWS4-HMAC-SHA256&X-Amz-Credential=AKIASDVMRCD4TLKVRSCH%2F20250920%2Feu-west-2%2Fs3%2Faws4_request&X-Amz-Date=20250920T174546Z&X-Amz-Expires=360000&X-Amz-SignedHeaders=host&X-Amz-Signature=c6a6a7b0e4aae16679b3fcfab167e1d28a09733285079ddd98ab92d541e65d4a
-e Current_Content/September_2025/22bb73e5-7b77-1014-899e-e04df581cd40.meca	biorxiv/unpacked/Current_Content/September_2025/22bb73e5-7b77-1014-899e-e04df581cd40/content/674265.pdf	https://biorxiv-copy.s3.eu-west-2.amazonaws.com/biorxiv/unpacked/Current_Content/September_2025/22bb73e5-7b77-1014-899e-e04df581cd40/content/674265.pdf?X-Amz-Algorithm=AWS4-HMAC-SHA256&X-Amz-Credential=AKIASDVMRCD4TLKVRSCH%2F20250920%2Feu-west-2%2Fs3%2Faws4_request&X-Amz-Date=20250920T174547Z&X-Amz-Expires=360000&X-Amz-SignedHeaders=host&X-Amz-Signature=4919c123b44f180e08e62bb952c217a9ceb4dd3bdc5f1d336498a837ec650250
-e Current_Content/September_2025/22bdeb87-7945-1014-98bb-859f0651d202.meca	biorxiv/unpacked/Current_Content/September_2025/22bdeb87-7945-1014-98bb-859f0651d202/content/562508.pdf	https://biorxiv-copy.s3.eu-west-2.amazonaws.com/biorxiv/unpacked/Current_Content/September_2025/22bdeb87-7945-1014-98bb-859f0651d202/content/562508.pdf?X-Amz-Algorithm=AWS4-HMAC-SHA256&X-Amz-Credential=AKIASDVMRCD4TLKVRSCH%2F20250920%2Feu-west-2%2Fs3%2Faws4_request&X-Amz-Date=20250920T174547Z&X-Amz-Expires=360000&X-Amz-SignedHeaders=host&X-Amz-Signature=d9523da2323054aec6d0edd6a2639afcc02bb4c5ade7bfaac32b32115525f53b
-e Current_Content/September_2025/22ccb7f3-7bed-1014-ba3c-d3d8bb705aa0.meca	biorxiv/unpacked/Current_Content/September_2025/22ccb7f3-7bed-1014-ba3c-d3d8bb705aa0/content/supplements/673375_file02.pdf	https://biorxiv-copy.s3.eu-west-2.amazonaws.com/biorxiv/unpacked/Current_Content/September_2025/22ccb7f3-7bed-1014-ba3c-d3d8bb705aa0/content/supplements/673375_file02.pdf?X-Amz-Algorithm=AWS4-HMAC-SHA256&X-Amz-Credential=AKIASDVMRCD4TLKVRSCH%2F20250920%2Feu-west-2%2Fs3%2Faws4_request&X-Amz-Date=20250920T174548Z&X-Amz-Expires=360000&X-Amz-SignedHeaders=host&X-Amz-Signature=6be2f94dd7d0517592ef761acba17f6ba9653aa347d271917286fd335fc0c959
-e Current_Content/September_2025/22d5ce6a-778c-1014-9c50-e59adf1c4248.meca	biorxiv/unpacked/Current_Content/September_2025/22d5ce6a-778c-1014-9c50-e59adf1c4248/content/673203.pdf	https://biorxiv-copy.s3.eu-west-2.amazonaws.com/biorxiv/unpacked/Current_Content/September_2025/22d5ce6a-778c-1014-9c50-e59adf1c4248/content/673203.pdf?X-Amz-Algorithm=AWS4-HMAC-SHA256&X-Amz-Credential=AKIASDVMRCD4TLKVRSCH%2F20250920%2Feu-west-2%2Fs3%2Faws4_request&X-Amz-Date=20250920T174549Z&X-Amz-Expires=360000&X-Amz-SignedHeaders=host&X-Amz-Signature=33262e7ed3cd3172e7ddf8be90045050d0017c769d78c54a80aff0be3b031275
-e Current_Content/September_2025/22e7b085-6fd9-1014-bb89-e86b25513a8b.meca	biorxiv/unpacked/Current_Content/September_2025/22e7b085-6fd9-1014-bb89-e86b25513a8b/content/612587.pdf	https://biorxiv-copy.s3.eu-west-2.amazonaws.com/biorxiv/unpacked/Current_Content/September_2025/22e7b085-6fd9-1014-bb89-e86b25513a8b/content/612587.pdf?X-Amz-Algorithm=AWS4-HMAC-SHA256&X-Amz-Credential=AKIASDVMRCD4TLKVRSCH%2F20250920%2Feu-west-2%2Fs3%2Faws4_request&X-Amz-Date=20250920T174550Z&X-Amz-Expires=360000&X-Amz-SignedHeaders=host&X-Amz-Signature=7f7c607492fa65b0e77242cdef3b31e95a6511dbdbc42a22aea375256050b913
-e Current_Content/September_2025/22eaac60-77f3-1014-a580-e00335f73929.meca	biorxiv/unpacked/Current_Content/September_2025/22eaac60-77f3-1014-a580-e00335f73929/content/supplements/672571_file02.pdf	https://biorxiv-copy.s3.eu-west-2.amazonaws.com/biorxiv/unpacked/Current_Content/September_2025/22eaac60-77f3-1014-a580-e00335f73929/content/supplements/672571_file02.pdf?X-Amz-Algorithm=AWS4-HMAC-SHA256&X-Amz-Credential=AKIASDVMRCD4TLKVRSCH%2F20250920%2Feu-west-2%2Fs3%2Faws4_request&X-Amz-Date=20250920T174551Z&X-Amz-Expires=360000&X-Amz-SignedHeaders=host&X-Amz-Signature=a16bf56846a5967f265b4fd0b72533fd48e011838dbf15824b381e725087fce2
-e Current_Content/September_2025/22f9c43b-7d06-1014-bbc1-9abf1155fa3f.meca	biorxiv/unpacked/Current_Content/September_2025/22f9c43b-7d06-1014-bbc1-9abf1155fa3f/content/674741.pdf	https://biorxiv-copy.s3.eu-west-2.amazonaws.com/biorxiv/unpacked/Current_Content/September_2025/22f9c43b-7d06-1014-bbc1-9abf1155fa3f/content/674741.pdf?X-Amz-Algorithm=AWS4-HMAC-SHA256&X-Amz-Credential=AKIASDVMRCD4TLKVRSCH%2F20250920%2Feu-west-2%2Fs3%2Faws4_request&X-Amz-Date=20250920T174553Z&X-Amz-Expires=360000&X-Amz-SignedHeaders=host&X-Amz-Signature=38c31de31c25cefe46d7d5adb7e7eed5ee7aa9f778bcd711b9e799f1ec1dd503
-e Current_Content/September_2025/22fe5740-709c-1014-bf2e-ec1bba3c5dc1.meca	biorxiv/unpacked/Current_Content/September_2025/22fe5740-709c-1014-bf2e-ec1bba3c5dc1/content/675918.pdf	https://biorxiv-copy.s3.eu-west-2.amazonaws.com/biorxiv/unpacked/Current_Content/September_2025/22fe5740-709c-1014-bf2e-ec1bba3c5dc1/content/675918.pdf?X-Amz-Algorithm=AWS4-HMAC-SHA256&X-Amz-Credential=AKIASDVMRCD4TLKVRSCH%2F20250920%2Feu-west-2%2Fs3%2Faws4_request&X-Amz-Date=20250920T174553Z&X-Amz-Expires=360000&X-Amz-SignedHeaders=host&X-Amz-Signature=7093d024b955011a2c8b695f3b9f627526cd741bde83d988eefe96883a9003d4
-e Current_Content/September_2025/2309b5e5-6e65-1014-8fcc-c8478b88f77c.meca	biorxiv/unpacked/Current_Content/September_2025/2309b5e5-6e65-1014-8fcc-c8478b88f77c/content/675453.pdf	https://biorxiv-copy.s3.eu-west-2.amazonaws.com/biorxiv/unpacked/Current_Content/September_2025/2309b5e5-6e65-1014-8fcc-c8478b88f77c/content/675453.pdf?X-Amz-Algorithm=AWS4-HMAC-SHA256&X-Amz-Credential=AKIASDVMRCD4TLKVRSCH%2F20250920%2Feu-west-2%2Fs3%2Faws4_request&X-Amz-Date=20250920T174554Z&X-Amz-Expires=360000&X-Amz-SignedHeaders=host&X-Amz-Signature=3efa00449f5df53f41daccd34ccca72dedd81bde6df09b9e3be17e9db5febc89
-e Current_Content/September_2025/2319ccde-6f35-1014-9919-fc5cc5bf0066.meca	biorxiv/unpacked/Current_Content/September_2025/2319ccde-6f35-1014-9919-fc5cc5bf0066/content/637731.pdf	https://biorxiv-copy.s3.eu-west-2.amazonaws.com/biorxiv/unpacked/Current_Content/September_2025/2319ccde-6f35-1014-9919-fc5cc5bf0066/content/637731.pdf?X-Amz-Algorithm=AWS4-HMAC-SHA256&X-Amz-Credential=AKIASDVMRCD4TLKVRSCH%2F20250920%2Feu-west-2%2Fs3%2Faws4_request&X-Amz-Date=20250920T174555Z&X-Amz-Expires=360000&X-Amz-SignedHeaders=host&X-Amz-Signature=d9835be20616ee9714ea116ce5b5223efa743c0244c8f6c2a2a695d139c33077
-e Current_Content/September_2025/232ffcb1-7aab-1014-a541-8ca105f2e683.meca	biorxiv/unpacked/Current_Content/September_2025/232ffcb1-7aab-1014-a541-8ca105f2e683/content/supplements/672534_file02.pdf	https://biorxiv-copy.s3.eu-west-2.amazonaws.com/biorxiv/unpacked/Current_Content/September_2025/232ffcb1-7aab-1014-a541-8ca105f2e683/content/supplements/672534_file02.pdf?X-Amz-Algorithm=AWS4-HMAC-SHA256&X-Amz-Credential=AKIASDVMRCD4TLKVRSCH%2F20250920%2Feu-west-2%2Fs3%2Faws4_request&X-Amz-Date=20250920T174556Z&X-Amz-Expires=360000&X-Amz-SignedHeaders=host&X-Amz-Signature=2f5939266daa050860738114bec3eb628c1b309e4e5bd9bc5b4716b5af0ef1e0
-e Current_Content/September_2025/23393a0e-6f02-1014-ba54-a697380411bd.meca	biorxiv/unpacked/Current_Content/September_2025/23393a0e-6f02-1014-ba54-a697380411bd/content/supplements/675873_file02.pdf	https://biorxiv-copy.s3.eu-west-2.amazonaws.com/biorxiv/unpacked/Current_Content/September_2025/23393a0e-6f02-1014-ba54-a697380411bd/content/supplements/675873_file02.pdf?X-Amz-Algorithm=AWS4-HMAC-SHA256&X-Amz-Credential=AKIASDVMRCD4TLKVRSCH%2F20250920%2Feu-west-2%2Fs3%2Faws4_request&X-Amz-Date=20250920T174557Z&X-Amz-Expires=360000&X-Amz-SignedHeaders=host&X-Amz-Signature=627fed73aec5ed2d7770cc7ea59a20e29c9cae0611f26c07ad97dbf36a776dbc
-e Current_Content/September_2025/233b512e-7d3e-1014-aa26-e20217b4cb58.meca	biorxiv/unpacked/Current_Content/September_2025/233b512e-7d3e-1014-aa26-e20217b4cb58/content/673924.pdf	https://biorxiv-copy.s3.eu-west-2.amazonaws.com/biorxiv/unpacked/Current_Content/September_2025/233b512e-7d3e-1014-aa26-e20217b4cb58/content/673924.pdf?X-Amz-Algorithm=AWS4-HMAC-SHA256&X-Amz-Credential=AKIASDVMRCD4TLKVRSCH%2F20250920%2Feu-west-2%2Fs3%2Faws4_request&X-Amz-Date=20250920T174558Z&X-Amz-Expires=360000&X-Amz-SignedHeaders=host&X-Amz-Signature=9b2f614395500f7eba088204cf19a6275f912ca5309e564cd742e6b44b081146
-e Current_Content/September_2025/235b0293-7ca1-1014-9b30-a994e398a7ae.meca	biorxiv/unpacked/Current_Content/September_2025/235b0293-7ca1-1014-9b30-a994e398a7ae/content/supplements/622349_file06.pdf	https://biorxiv-copy.s3.eu-west-2.amazonaws.com/biorxiv/unpacked/Current_Content/September_2025/235b0293-7ca1-1014-9b30-a994e398a7ae/content/supplements/622349_file06.pdf?X-Amz-Algorithm=AWS4-HMAC-SHA256&X-Amz-Credential=AKIASDVMRCD4TLKVRSCH%2F20250920%2Feu-west-2%2Fs3%2Faws4_request&X-Amz-Date=20250920T174559Z&X-Amz-Expires=360000&X-Amz-SignedHeaders=host&X-Amz-Signature=a26b1606f8521ca6265d3c98f2848def3b8fab4343f8dcb7d25f1231d3cc31ba
-e Current_Content/September_2025/23757668-70f1-1014-a2e5-b6e10fcd5030.meca	biorxiv/unpacked/Current_Content/September_2025/23757668-70f1-1014-a2e5-b6e10fcd5030/content/675967.pdf	https://biorxiv-copy.s3.eu-west-2.amazonaws.com/biorxiv/unpacked/Current_Content/September_2025/23757668-70f1-1014-a2e5-b6e10fcd5030/content/675967.pdf?X-Amz-Algorithm=AWS4-HMAC-SHA256&X-Amz-Credential=AKIASDVMRCD4TLKVRSCH%2F20250920%2Feu-west-2%2Fs3%2Faws4_request&X-Amz-Date=20250920T174600Z&X-Amz-Expires=360000&X-Amz-SignedHeaders=host&X-Amz-Signature=522b9cde706719f26d0d7944e834c1429b0922fd23af39214d0b284eb58aeed2
-e Current_Content/September_2025/238cf91e-7c3e-1014-9e04-8e96ababe80b.meca	biorxiv/unpacked/Current_Content/September_2025/238cf91e-7c3e-1014-9e04-8e96ababe80b/content/674660.pdf	https://biorxiv-copy.s3.eu-west-2.amazonaws.com/biorxiv/unpacked/Current_Content/September_2025/238cf91e-7c3e-1014-9e04-8e96ababe80b/content/674660.pdf?X-Amz-Algorithm=AWS4-HMAC-SHA256&X-Amz-Credential=AKIASDVMRCD4TLKVRSCH%2F20250920%2Feu-west-2%2Fs3%2Faws4_request&X-Amz-Date=20250920T174602Z&X-Amz-Expires=360000&X-Amz-SignedHeaders=host&X-Amz-Signature=e893be9bdfbeec01fe68e412ac0d72480853e256132f0263b4576b9ab23e5b55
-e Current_Content/September_2025/239471de-7d51-1014-91f0-ec7f82bf9ad6.meca	biorxiv/unpacked/Current_Content/September_2025/239471de-7d51-1014-91f0-ec7f82bf9ad6/content/674758.pdf	https://biorxiv-copy.s3.eu-west-2.amazonaws.com/biorxiv/unpacked/Current_Content/September_2025/239471de-7d51-1014-91f0-ec7f82bf9ad6/content/674758.pdf?X-Amz-Algorithm=AWS4-HMAC-SHA256&X-Amz-Credential=AKIASDVMRCD4TLKVRSCH%2F20250920%2Feu-west-2%2Fs3%2Faws4_request&X-Amz-Date=20250920T174603Z&X-Amz-Expires=360000&X-Amz-SignedHeaders=host&X-Amz-Signature=4fdf23665b5da3171aead6fb821ceb06e521c69d6fc88c892efd734c64ede338
-e Current_Content/September_2025/23b61816-7c89-1014-9a71-91de3373d107.meca	biorxiv/unpacked/Current_Content/September_2025/23b61816-7c89-1014-9a71-91de3373d107/content/674360.pdf	https://biorxiv-copy.s3.eu-west-2.amazonaws.com/biorxiv/unpacked/Current_Content/September_2025/23b61816-7c89-1014-9a71-91de3373d107/content/674360.pdf?X-Amz-Algorithm=AWS4-HMAC-SHA256&X-Amz-Credential=AKIASDVMRCD4TLKVRSCH%2F20250920%2Feu-west-2%2Fs3%2Faws4_request&X-Amz-Date=20250920T174603Z&X-Amz-Expires=360000&X-Amz-SignedHeaders=host&X-Amz-Signature=9028aa5f032bbce31f97b1302351512cecd3f0b99dd0495c7cb2fa192be230f0
-e Current_Content/September_2025/23b6bc24-6f35-1014-8488-d1d8c968b4c1.meca	biorxiv/unpacked/Current_Content/September_2025/23b6bc24-6f35-1014-8488-d1d8c968b4c1/content/675061.pdf	https://biorxiv-copy.s3.eu-west-2.amazonaws.com/biorxiv/unpacked/Current_Content/September_2025/23b6bc24-6f35-1014-8488-d1d8c968b4c1/content/675061.pdf?X-Amz-Algorithm=AWS4-HMAC-SHA256&X-Amz-Credential=AKIASDVMRCD4TLKVRSCH%2F20250920%2Feu-west-2%2Fs3%2Faws4_request&X-Amz-Date=20250920T174605Z&X-Amz-Expires=360000&X-Amz-SignedHeaders=host&X-Amz-Signature=3e235103233728c8567ca20fd6925f114b5ae240b4bcb6cce2e490d3010321c3
-e Current_Content/September_2025/23bb0399-7aab-1014-9860-ed272395f19d.meca	biorxiv/unpacked/Current_Content/September_2025/23bb0399-7aab-1014-9860-ed272395f19d/content/673164.pdf	https://biorxiv-copy.s3.eu-west-2.amazonaws.com/biorxiv/unpacked/Current_Content/September_2025/23bb0399-7aab-1014-9860-ed272395f19d/content/673164.pdf?X-Amz-Algorithm=AWS4-HMAC-SHA256&X-Amz-Credential=AKIASDVMRCD4TLKVRSCH%2F20250920%2Feu-west-2%2Fs3%2Faws4_request&X-Amz-Date=20250920T174606Z&X-Amz-Expires=360000&X-Amz-SignedHeaders=host&X-Amz-Signature=306036ea3d832aa984d92611d72b90010e5486ac32eef48e9f4042c773f28e36
-e Current_Content/September_2025/23dfac77-6c8b-1014-bcf6-92bb85e03884.meca	biorxiv/unpacked/Current_Content/September_2025/23dfac77-6c8b-1014-bcf6-92bb85e03884/content/672857.pdf	https://biorxiv-copy.s3.eu-west-2.amazonaws.com/biorxiv/unpacked/Current_Content/September_2025/23dfac77-6c8b-1014-bcf6-92bb85e03884/content/672857.pdf?X-Amz-Algorithm=AWS4-HMAC-SHA256&X-Amz-Credential=AKIASDVMRCD4TLKVRSCH%2F20250920%2Feu-west-2%2Fs3%2Faws4_request&X-Amz-Date=20250920T174607Z&X-Amz-Expires=360000&X-Amz-SignedHeaders=host&X-Amz-Signature=a18980789ca4da6eeeddf363c18bc1d207fd2441d8d623b4f6dba21930d52411
-e Current_Content/September_2025/23f3aa41-7046-1014-8c3d-939b7bce2c0d.meca	biorxiv/unpacked/Current_Content/September_2025/23f3aa41-7046-1014-8c3d-939b7bce2c0d/content/637750.pdf	https://biorxiv-copy.s3.eu-west-2.amazonaws.com/biorxiv/unpacked/Current_Content/September_2025/23f3aa41-7046-1014-8c3d-939b7bce2c0d/content/637750.pdf?X-Amz-Algorithm=AWS4-HMAC-SHA256&X-Amz-Credential=AKIASDVMRCD4TLKVRSCH%2F20250920%2Feu-west-2%2Fs3%2Faws4_request&X-Amz-Date=20250920T174608Z&X-Amz-Expires=360000&X-Amz-SignedHeaders=host&X-Amz-Signature=c9bb60392ee0658178dd3eb8327a99f88a329d3127ebc1769233098181df5c7a
-e Current_Content/September_2025/23ff61ac-7e0f-1014-97b5-97c662ed3745.meca	biorxiv/unpacked/Current_Content/September_2025/23ff61ac-7e0f-1014-97b5-97c662ed3745/content/674270.pdf	https://biorxiv-copy.s3.eu-west-2.amazonaws.com/biorxiv/unpacked/Current_Content/September_2025/23ff61ac-7e0f-1014-97b5-97c662ed3745/content/674270.pdf?X-Amz-Algorithm=AWS4-HMAC-SHA256&X-Amz-Credential=AKIASDVMRCD4TLKVRSCH%2F20250920%2Feu-west-2%2Fs3%2Faws4_request&X-Amz-Date=20250920T174608Z&X-Amz-Expires=360000&X-Amz-SignedHeaders=host&X-Amz-Signature=728c384d45719ff9ea90c310020e12b120e4056f0be668e3f0fd0ee529913d79
-e Current_Content/September_2025/2401d244-78f6-1014-be20-c9c037dddf46.meca	biorxiv/unpacked/Current_Content/September_2025/2401d244-78f6-1014-be20-c9c037dddf46/content/673639.pdf	https://biorxiv-copy.s3.eu-west-2.amazonaws.com/biorxiv/unpacked/Current_Content/September_2025/2401d244-78f6-1014-be20-c9c037dddf46/content/673639.pdf?X-Amz-Algorithm=AWS4-HMAC-SHA256&X-Amz-Credential=AKIASDVMRCD4TLKVRSCH%2F20250920%2Feu-west-2%2Fs3%2Faws4_request&X-Amz-Date=20250920T174609Z&X-Amz-Expires=360000&X-Amz-SignedHeaders=host&X-Amz-Signature=ec057b5db0eaa61459352258106471a6a4325e04c1deb89e5e658ab847d1ee55
-e Current_Content/September_2025/240a9acd-6df0-1014-95c0-dafb4fa0f995.meca	biorxiv/unpacked/Current_Content/September_2025/240a9acd-6df0-1014-95c0-dafb4fa0f995/content/674601.pdf	https://biorxiv-copy.s3.eu-west-2.amazonaws.com/biorxiv/unpacked/Current_Content/September_2025/240a9acd-6df0-1014-95c0-dafb4fa0f995/content/674601.pdf?X-Amz-Algorithm=AWS4-HMAC-SHA256&X-Amz-Credential=AKIASDVMRCD4TLKVRSCH%2F20250920%2Feu-west-2%2Fs3%2Faws4_request&X-Amz-Date=20250920T174610Z&X-Amz-Expires=360000&X-Amz-SignedHeaders=host&X-Amz-Signature=6539958aaf0a963f34f4cd64b8174a0135d1021eb010498d032cae74950bc0b9
-e Current_Content/September_2025/242768f5-7e2f-1014-b3cc-a75dd3d4cd7f.meca	biorxiv/unpacked/Current_Content/September_2025/242768f5-7e2f-1014-b3cc-a75dd3d4cd7f/content/672702.pdf	https://biorxiv-copy.s3.eu-west-2.amazonaws.com/biorxiv/unpacked/Current_Content/September_2025/242768f5-7e2f-1014-b3cc-a75dd3d4cd7f/content/672702.pdf?X-Amz-Algorithm=AWS4-HMAC-SHA256&X-Amz-Credential=AKIASDVMRCD4TLKVRSCH%2F20250920%2Feu-west-2%2Fs3%2Faws4_request&X-Amz-Date=20250920T174611Z&X-Amz-Expires=360000&X-Amz-SignedHeaders=host&X-Amz-Signature=8d17f8df2cfd7c849a4cfe40ce7fa69d0e4ae87117417a3ca9a027d131677c48
-e Current_Content/September_2025/2434324f-6c84-1014-982d-83bad6bc2ae4.meca	biorxiv/unpacked/Current_Content/September_2025/2434324f-6c84-1014-982d-83bad6bc2ae4/content/672727.pdf	https://biorxiv-copy.s3.eu-west-2.amazonaws.com/biorxiv/unpacked/Current_Content/September_2025/2434324f-6c84-1014-982d-83bad6bc2ae4/content/672727.pdf?X-Amz-Algorithm=AWS4-HMAC-SHA256&X-Amz-Credential=AKIASDVMRCD4TLKVRSCH%2F20250920%2Feu-west-2%2Fs3%2Faws4_request&X-Amz-Date=20250920T174612Z&X-Amz-Expires=360000&X-Amz-SignedHeaders=host&X-Amz-Signature=a3447aa55b7a727ecd040a2b65bc0d7368a30e1158c1d95fe9ad5c9cdd66bb76
-e Current_Content/September_2025/24404a11-70f0-1014-a9ac-f6f6779d699c.meca	biorxiv/unpacked/Current_Content/September_2025/24404a11-70f0-1014-a9ac-f6f6779d699c/content/670041.pdf	https://biorxiv-copy.s3.eu-west-2.amazonaws.com/biorxiv/unpacked/Current_Content/September_2025/24404a11-70f0-1014-a9ac-f6f6779d699c/content/670041.pdf?X-Amz-Algorithm=AWS4-HMAC-SHA256&X-Amz-Credential=AKIASDVMRCD4TLKVRSCH%2F20250920%2Feu-west-2%2Fs3%2Faws4_request&X-Amz-Date=20250920T174613Z&X-Amz-Expires=360000&X-Amz-SignedHeaders=host&X-Amz-Signature=bc59bcab31da5939c6e122100ea2013dd123601b65e17c4e735f27cb4d397996
-e Current_Content/September_2025/24409b72-6c36-1014-b049-cf6fe843289f.meca	biorxiv/unpacked/Current_Content/September_2025/24409b72-6c36-1014-b049-cf6fe843289f/content/645002.pdf	https://biorxiv-copy.s3.eu-west-2.amazonaws.com/biorxiv/unpacked/Current_Content/September_2025/24409b72-6c36-1014-b049-cf6fe843289f/content/645002.pdf?X-Amz-Algorithm=AWS4-HMAC-SHA256&X-Amz-Credential=AKIASDVMRCD4TLKVRSCH%2F20250920%2Feu-west-2%2Fs3%2Faws4_request&X-Amz-Date=20250920T174615Z&X-Amz-Expires=360000&X-Amz-SignedHeaders=host&X-Amz-Signature=52401b82a1181a3d197973db1e61d3de6b7fd44d34611587ef3bc4ec6df61013
-e Current_Content/September_2025/246e31e2-778a-1014-b23d-d4383fd78d05.meca	biorxiv/unpacked/Current_Content/September_2025/246e31e2-778a-1014-b23d-d4383fd78d05/content/672228.pdf	https://biorxiv-copy.s3.eu-west-2.amazonaws.com/biorxiv/unpacked/Current_Content/September_2025/246e31e2-778a-1014-b23d-d4383fd78d05/content/672228.pdf?X-Amz-Algorithm=AWS4-HMAC-SHA256&X-Amz-Credential=AKIASDVMRCD4TLKVRSCH%2F20250920%2Feu-west-2%2Fs3%2Faws4_request&X-Amz-Date=20250920T174616Z&X-Amz-Expires=360000&X-Amz-SignedHeaders=host&X-Amz-Signature=1883942246415a2ff86a6ffeb9c3f52969bf7a70ed57150313d02e5c4752b9dc
-e Current_Content/September_2025/24707afd-6caa-1014-b5ac-b90496ec18be.meca	biorxiv/unpacked/Current_Content/September_2025/24707afd-6caa-1014-b5ac-b90496ec18be/content/673168.pdf	https://biorxiv-copy.s3.eu-west-2.amazonaws.com/biorxiv/unpacked/Current_Content/September_2025/24707afd-6caa-1014-b5ac-b90496ec18be/content/673168.pdf?X-Amz-Algorithm=AWS4-HMAC-SHA256&X-Amz-Credential=AKIASDVMRCD4TLKVRSCH%2F20250920%2Feu-west-2%2Fs3%2Faws4_request&X-Amz-Date=20250920T174617Z&X-Amz-Expires=360000&X-Amz-SignedHeaders=host&X-Amz-Signature=6ede831dcacdf22589b9df95017023089d37d51c4f10816c0add803efcfb8a35
-e Current_Content/September_2025/247a365f-6c36-1014-95f4-9ef3837ae91f.meca	biorxiv/unpacked/Current_Content/September_2025/247a365f-6c36-1014-95f4-9ef3837ae91f/content/supplements/649138_file03.pdf	https://biorxiv-copy.s3.eu-west-2.amazonaws.com/biorxiv/unpacked/Current_Content/September_2025/247a365f-6c36-1014-95f4-9ef3837ae91f/content/supplements/649138_file03.pdf?X-Amz-Algorithm=AWS4-HMAC-SHA256&X-Amz-Credential=AKIASDVMRCD4TLKVRSCH%2F20250920%2Feu-west-2%2Fs3%2Faws4_request&X-Amz-Date=20250920T174618Z&X-Amz-Expires=360000&X-Amz-SignedHeaders=host&X-Amz-Signature=b7eaa37f91cc20f9ef71d6515a3b0366da889be54e42f6e345e8ee1138001e8e
-e Current_Content/September_2025/247c39e0-7d66-1014-8834-9bd4d6e6d039.meca	biorxiv/unpacked/Current_Content/September_2025/247c39e0-7d66-1014-8834-9bd4d6e6d039/content/674329.pdf	https://biorxiv-copy.s3.eu-west-2.amazonaws.com/biorxiv/unpacked/Current_Content/September_2025/247c39e0-7d66-1014-8834-9bd4d6e6d039/content/674329.pdf?X-Amz-Algorithm=AWS4-HMAC-SHA256&X-Amz-Credential=AKIASDVMRCD4TLKVRSCH%2F20250920%2Feu-west-2%2Fs3%2Faws4_request&X-Amz-Date=20250920T174619Z&X-Amz-Expires=360000&X-Amz-SignedHeaders=host&X-Amz-Signature=1deca96cbbd96361b0c018bfc45d1e0eed4aa7f0c2368b390ea1592758149810
-e Current_Content/September_2025/249178f4-7bed-1014-a959-a58336f415ad.meca	biorxiv/unpacked/Current_Content/September_2025/249178f4-7bed-1014-a959-a58336f415ad/content/673308.pdf	https://biorxiv-copy.s3.eu-west-2.amazonaws.com/biorxiv/unpacked/Current_Content/September_2025/249178f4-7bed-1014-a959-a58336f415ad/content/673308.pdf?X-Amz-Algorithm=AWS4-HMAC-SHA256&X-Amz-Credential=AKIASDVMRCD4TLKVRSCH%2F20250920%2Feu-west-2%2Fs3%2Faws4_request&X-Amz-Date=20250920T174620Z&X-Amz-Expires=360000&X-Amz-SignedHeaders=host&X-Amz-Signature=293fddd734fddfdf254f767eb668d4405fd34b009097566c856d1179f8e91a26
-e Current_Content/September_2025/24c8ce84-7c3d-1014-b31f-a6b83971cb55.meca	biorxiv/unpacked/Current_Content/September_2025/24c8ce84-7c3d-1014-b31f-a6b83971cb55/content/673165.pdf	https://biorxiv-copy.s3.eu-west-2.amazonaws.com/biorxiv/unpacked/Current_Content/September_2025/24c8ce84-7c3d-1014-b31f-a6b83971cb55/content/673165.pdf?X-Amz-Algorithm=AWS4-HMAC-SHA256&X-Amz-Credential=AKIASDVMRCD4TLKVRSCH%2F20250920%2Feu-west-2%2Fs3%2Faws4_request&X-Amz-Date=20250920T174621Z&X-Amz-Expires=360000&X-Amz-SignedHeaders=host&X-Amz-Signature=058d599200878ac07e745fd18c6e5873daffd3ff58d57752d97afe89f859d141
-e Current_Content/September_2025/24ed7f61-7e99-1014-bfa7-a92ab74ce3d0.meca	biorxiv/unpacked/Current_Content/September_2025/24ed7f61-7e99-1014-bfa7-a92ab74ce3d0/content/674460.pdf	https://biorxiv-copy.s3.eu-west-2.amazonaws.com/biorxiv/unpacked/Current_Content/September_2025/24ed7f61-7e99-1014-bfa7-a92ab74ce3d0/content/674460.pdf?X-Amz-Algorithm=AWS4-HMAC-SHA256&X-Amz-Credential=AKIASDVMRCD4TLKVRSCH%2F20250920%2Feu-west-2%2Fs3%2Faws4_request&X-Amz-Date=20250920T174622Z&X-Amz-Expires=360000&X-Amz-SignedHeaders=host&X-Amz-Signature=746a3c3933fd4efa999d8edec63f01aafca858ec7af61ea6cfdf43c651a8ed94
-e Current_Content/September_2025/25050c18-7175-1014-9bb0-a0e4e516bda7.meca	biorxiv/unpacked/Current_Content/September_2025/25050c18-7175-1014-9bb0-a0e4e516bda7/content/676447.pdf	https://biorxiv-copy.s3.eu-west-2.amazonaws.com/biorxiv/unpacked/Current_Content/September_2025/25050c18-7175-1014-9bb0-a0e4e516bda7/content/676447.pdf?X-Amz-Algorithm=AWS4-HMAC-SHA256&X-Amz-Credential=AKIASDVMRCD4TLKVRSCH%2F20250920%2Feu-west-2%2Fs3%2Faws4_request&X-Amz-Date=20250920T174623Z&X-Amz-Expires=360000&X-Amz-SignedHeaders=host&X-Amz-Signature=6713712e3ec543ecc1d8e205fd2c21280774dd3afe8a0f0d62648f5c658675d1
-e Current_Content/September_2025/2518ecaa-6d61-1014-aec8-c558dfc2a734.meca	biorxiv/unpacked/Current_Content/September_2025/2518ecaa-6d61-1014-aec8-c558dfc2a734/content/674676.pdf	https://biorxiv-copy.s3.eu-west-2.amazonaws.com/biorxiv/unpacked/Current_Content/September_2025/2518ecaa-6d61-1014-aec8-c558dfc2a734/content/674676.pdf?X-Amz-Algorithm=AWS4-HMAC-SHA256&X-Amz-Credential=AKIASDVMRCD4TLKVRSCH%2F20250920%2Feu-west-2%2Fs3%2Faws4_request&X-Amz-Date=20250920T174624Z&X-Amz-Expires=360000&X-Amz-SignedHeaders=host&X-Amz-Signature=eeb521c7138b471f555af9d219ae57a72b483321cf8c3c614788f7c2f26b476a
-e Current_Content/September_2025/252a6f05-7001-1014-8489-a7667c3d2f48.meca	biorxiv/unpacked/Current_Content/September_2025/252a6f05-7001-1014-8489-a7667c3d2f48/content/639084.pdf	https://biorxiv-copy.s3.eu-west-2.amazonaws.com/biorxiv/unpacked/Current_Content/September_2025/252a6f05-7001-1014-8489-a7667c3d2f48/content/639084.pdf?X-Amz-Algorithm=AWS4-HMAC-SHA256&X-Amz-Credential=AKIASDVMRCD4TLKVRSCH%2F20250920%2Feu-west-2%2Fs3%2Faws4_request&X-Amz-Date=20250920T174625Z&X-Amz-Expires=360000&X-Amz-SignedHeaders=host&X-Amz-Signature=2930fadadaba6753354691b4060739734fe84494405f4e30c8df3f6a32b25a4b
-e Current_Content/September_2025/252c286b-7dd2-1014-b6af-8df24f8bbc5a.meca	biorxiv/unpacked/Current_Content/September_2025/252c286b-7dd2-1014-b6af-8df24f8bbc5a/content/674938.pdf	https://biorxiv-copy.s3.eu-west-2.amazonaws.com/biorxiv/unpacked/Current_Content/September_2025/252c286b-7dd2-1014-b6af-8df24f8bbc5a/content/674938.pdf?X-Amz-Algorithm=AWS4-HMAC-SHA256&X-Amz-Credential=AKIASDVMRCD4TLKVRSCH%2F20250920%2Feu-west-2%2Fs3%2Faws4_request&X-Amz-Date=20250920T174626Z&X-Amz-Expires=360000&X-Amz-SignedHeaders=host&X-Amz-Signature=a3025beafbd137ae83478e610b1b1bb4bad4f83eeaa8b55af4fcbdebac38429b
-e Current_Content/September_2025/25334e81-7964-1014-8e26-a9d09897a5a7.meca	biorxiv/unpacked/Current_Content/September_2025/25334e81-7964-1014-8e26-a9d09897a5a7/content/652811.pdf	https://biorxiv-copy.s3.eu-west-2.amazonaws.com/biorxiv/unpacked/Current_Content/September_2025/25334e81-7964-1014-8e26-a9d09897a5a7/content/652811.pdf?X-Amz-Algorithm=AWS4-HMAC-SHA256&X-Amz-Credential=AKIASDVMRCD4TLKVRSCH%2F20250920%2Feu-west-2%2Fs3%2Faws4_request&X-Amz-Date=20250920T174627Z&X-Amz-Expires=360000&X-Amz-SignedHeaders=host&X-Amz-Signature=d6e20b9df620c4950f80c5a874fca7802538ad69864f7699a720cbeb0b7adb1b
-e Current_Content/September_2025/254488bd-70aa-1014-af60-9c3f516463ab.meca	biorxiv/unpacked/Current_Content/September_2025/254488bd-70aa-1014-af60-9c3f516463ab/content/675896.pdf	https://biorxiv-copy.s3.eu-west-2.amazonaws.com/biorxiv/unpacked/Current_Content/September_2025/254488bd-70aa-1014-af60-9c3f516463ab/content/675896.pdf?X-Amz-Algorithm=AWS4-HMAC-SHA256&X-Amz-Credential=AKIASDVMRCD4TLKVRSCH%2F20250920%2Feu-west-2%2Fs3%2Faws4_request&X-Amz-Date=20250920T174628Z&X-Amz-Expires=360000&X-Amz-SignedHeaders=host&X-Amz-Signature=fc1fa512e7a7703330d581bf2f5050b8b15c15bc1b6c26ffdcaab3fcb9978cdc
-e Current_Content/September_2025/254cdea7-7734-1014-b795-f7a0b444d763.meca	biorxiv/unpacked/Current_Content/September_2025/254cdea7-7734-1014-b795-f7a0b444d763/content/672933.pdf	https://biorxiv-copy.s3.eu-west-2.amazonaws.com/biorxiv/unpacked/Current_Content/September_2025/254cdea7-7734-1014-b795-f7a0b444d763/content/672933.pdf?X-Amz-Algorithm=AWS4-HMAC-SHA256&X-Amz-Credential=AKIASDVMRCD4TLKVRSCH%2F20250920%2Feu-west-2%2Fs3%2Faws4_request&X-Amz-Date=20250920T174629Z&X-Amz-Expires=360000&X-Amz-SignedHeaders=host&X-Amz-Signature=547bd3c7639a8e6922dad5e40970936a5c7ca27f0cd775080da154b22e0ca791
-e Current_Content/September_2025/256deacc-7ac8-1014-88d7-ed76c4718a29.meca	biorxiv/unpacked/Current_Content/September_2025/256deacc-7ac8-1014-88d7-ed76c4718a29/content/672289.pdf	https://biorxiv-copy.s3.eu-west-2.amazonaws.com/biorxiv/unpacked/Current_Content/September_2025/256deacc-7ac8-1014-88d7-ed76c4718a29/content/672289.pdf?X-Amz-Algorithm=AWS4-HMAC-SHA256&X-Amz-Credential=AKIASDVMRCD4TLKVRSCH%2F20250920%2Feu-west-2%2Fs3%2Faws4_request&X-Amz-Date=20250920T174631Z&X-Amz-Expires=360000&X-Amz-SignedHeaders=host&X-Amz-Signature=aa15c476a246ae8aa95869080aa1fae627ed858209bf229ed6b979985f04a688
-e Current_Content/September_2025/257daaa7-77f3-1014-83bb-bc06d6ae492f.meca	biorxiv/unpacked/Current_Content/September_2025/257daaa7-77f3-1014-83bb-bc06d6ae492f/content/672603.pdf	https://biorxiv-copy.s3.eu-west-2.amazonaws.com/biorxiv/unpacked/Current_Content/September_2025/257daaa7-77f3-1014-83bb-bc06d6ae492f/content/672603.pdf?X-Amz-Algorithm=AWS4-HMAC-SHA256&X-Amz-Credential=AKIASDVMRCD4TLKVRSCH%2F20250920%2Feu-west-2%2Fs3%2Faws4_request&X-Amz-Date=20250920T174632Z&X-Amz-Expires=360000&X-Amz-SignedHeaders=host&X-Amz-Signature=82f850783987c5ef0d09d7418cbeff6b8d09965bfe6e4ee026158a00340070ac
-e Current_Content/September_2025/25900037-7b77-1014-81d0-86b07d3b0d50.meca	biorxiv/unpacked/Current_Content/September_2025/25900037-7b77-1014-81d0-86b07d3b0d50/content/674289.pdf	https://biorxiv-copy.s3.eu-west-2.amazonaws.com/biorxiv/unpacked/Current_Content/September_2025/25900037-7b77-1014-81d0-86b07d3b0d50/content/674289.pdf?X-Amz-Algorithm=AWS4-HMAC-SHA256&X-Amz-Credential=AKIASDVMRCD4TLKVRSCH%2F20250920%2Feu-west-2%2Fs3%2Faws4_request&X-Amz-Date=20250920T174633Z&X-Amz-Expires=360000&X-Amz-SignedHeaders=host&X-Amz-Signature=79308bb3a2ae14bbe0a28b615b4d6a62de19532f620cb34abb48ec0d345142ad
-e Current_Content/September_2025/25a33e01-7d3f-1014-af20-801ff9adb1b9.meca	biorxiv/unpacked/Current_Content/September_2025/25a33e01-7d3f-1014-af20-801ff9adb1b9/content/674770.pdf	https://biorxiv-copy.s3.eu-west-2.amazonaws.com/biorxiv/unpacked/Current_Content/September_2025/25a33e01-7d3f-1014-af20-801ff9adb1b9/content/674770.pdf?X-Amz-Algorithm=AWS4-HMAC-SHA256&X-Amz-Credential=AKIASDVMRCD4TLKVRSCH%2F20250920%2Feu-west-2%2Fs3%2Faws4_request&X-Amz-Date=20250920T174634Z&X-Amz-Expires=360000&X-Amz-SignedHeaders=host&X-Amz-Signature=371b7f4445d24fc305bcc4c923b04ecf40bd6bdc8afb8ce5e97f48d01890625c
-e Current_Content/September_2025/25ec3fe9-6f35-1014-9527-88942c7123f8.meca	biorxiv/unpacked/Current_Content/September_2025/25ec3fe9-6f35-1014-9527-88942c7123f8/content/642590.pdf	https://biorxiv-copy.s3.eu-west-2.amazonaws.com/biorxiv/unpacked/Current_Content/September_2025/25ec3fe9-6f35-1014-9527-88942c7123f8/content/642590.pdf?X-Amz-Algorithm=AWS4-HMAC-SHA256&X-Amz-Credential=AKIASDVMRCD4TLKVRSCH%2F20250920%2Feu-west-2%2Fs3%2Faws4_request&X-Amz-Date=20250920T174635Z&X-Amz-Expires=360000&X-Amz-SignedHeaders=host&X-Amz-Signature=a92bccda511a9429f3c905f82fe89ca52de004da078d4dd810a1cc775c2813a8
-e Current_Content/September_2025/25f56878-6c8b-1014-a991-e0fed5e92cc8.meca	biorxiv/unpacked/Current_Content/September_2025/25f56878-6c8b-1014-a991-e0fed5e92cc8/content/672905.pdf	https://biorxiv-copy.s3.eu-west-2.amazonaws.com/biorxiv/unpacked/Current_Content/September_2025/25f56878-6c8b-1014-a991-e0fed5e92cc8/content/672905.pdf?X-Amz-Algorithm=AWS4-HMAC-SHA256&X-Amz-Credential=AKIASDVMRCD4TLKVRSCH%2F20250920%2Feu-west-2%2Fs3%2Faws4_request&X-Amz-Date=20250920T174636Z&X-Amz-Expires=360000&X-Amz-SignedHeaders=host&X-Amz-Signature=afab5f344f3f20824fcca4d72e8935a55ac434fac069055f19950d2794a69e7f
-e Current_Content/September_2025/26070c51-7d3e-1014-b87a-a18e3b07b812.meca	biorxiv/unpacked/Current_Content/September_2025/26070c51-7d3e-1014-b87a-a18e3b07b812/content/673962.pdf	https://biorxiv-copy.s3.eu-west-2.amazonaws.com/biorxiv/unpacked/Current_Content/September_2025/26070c51-7d3e-1014-b87a-a18e3b07b812/content/673962.pdf?X-Amz-Algorithm=AWS4-HMAC-SHA256&X-Amz-Credential=AKIASDVMRCD4TLKVRSCH%2F20250920%2Feu-west-2%2Fs3%2Faws4_request&X-Amz-Date=20250920T174637Z&X-Amz-Expires=360000&X-Amz-SignedHeaders=host&X-Amz-Signature=fa805e16047038d746fe463b7a40612ce79f9df25c9d85ffb26f834ec6e08275
-e Current_Content/September_2025/26080d0d-7ac8-1014-9781-c5399ed4f1a5.meca	biorxiv/unpacked/Current_Content/September_2025/26080d0d-7ac8-1014-9781-c5399ed4f1a5/content/673798.pdf	https://biorxiv-copy.s3.eu-west-2.amazonaws.com/biorxiv/unpacked/Current_Content/September_2025/26080d0d-7ac8-1014-9781-c5399ed4f1a5/content/673798.pdf?X-Amz-Algorithm=AWS4-HMAC-SHA256&X-Amz-Credential=AKIASDVMRCD4TLKVRSCH%2F20250920%2Feu-west-2%2Fs3%2Faws4_request&X-Amz-Date=20250920T174637Z&X-Amz-Expires=360000&X-Amz-SignedHeaders=host&X-Amz-Signature=f4803d97adde7b4d22d3722935c000268b91451dc9c70a3d78054e4aa33e317d
-e Current_Content/September_2025/26153ac0-7964-1014-bc0f-d56a386d5089.meca	biorxiv/unpacked/Current_Content/September_2025/26153ac0-7964-1014-bc0f-d56a386d5089/content/565775.pdf	https://biorxiv-copy.s3.eu-west-2.amazonaws.com/biorxiv/unpacked/Current_Content/September_2025/26153ac0-7964-1014-bc0f-d56a386d5089/content/565775.pdf?X-Amz-Algorithm=AWS4-HMAC-SHA256&X-Amz-Credential=AKIASDVMRCD4TLKVRSCH%2F20250920%2Feu-west-2%2Fs3%2Faws4_request&X-Amz-Date=20250920T174638Z&X-Amz-Expires=360000&X-Amz-SignedHeaders=host&X-Amz-Signature=d435972be6f30b548da51c87bd40c63f9f61cb29730c73c268a7d81c7c506e73
-e Current_Content/September_2025/2617fe7f-7bbe-1014-8fc2-d6c9089f3a72.meca	biorxiv/unpacked/Current_Content/September_2025/2617fe7f-7bbe-1014-8fc2-d6c9089f3a72/content/supplements/673347_file02.pdf	https://biorxiv-copy.s3.eu-west-2.amazonaws.com/biorxiv/unpacked/Current_Content/September_2025/2617fe7f-7bbe-1014-8fc2-d6c9089f3a72/content/supplements/673347_file02.pdf?X-Amz-Algorithm=AWS4-HMAC-SHA256&X-Amz-Credential=AKIASDVMRCD4TLKVRSCH%2F20250920%2Feu-west-2%2Fs3%2Faws4_request&X-Amz-Date=20250920T174639Z&X-Amz-Expires=360000&X-Amz-SignedHeaders=host&X-Amz-Signature=b662a93a6377b322433ad0ecbcd7f28843394d3682a63d603cd75ae1f52fd824
-e Current_Content/September_2025/261f1dc7-6f35-1014-aeb4-ba1fe7722166.meca	biorxiv/unpacked/Current_Content/September_2025/261f1dc7-6f35-1014-aeb4-ba1fe7722166/content/675114.pdf	https://biorxiv-copy.s3.eu-west-2.amazonaws.com/biorxiv/unpacked/Current_Content/September_2025/261f1dc7-6f35-1014-aeb4-ba1fe7722166/content/675114.pdf?X-Amz-Algorithm=AWS4-HMAC-SHA256&X-Amz-Credential=AKIASDVMRCD4TLKVRSCH%2F20250920%2Feu-west-2%2Fs3%2Faws4_request&X-Amz-Date=20250920T174641Z&X-Amz-Expires=360000&X-Amz-SignedHeaders=host&X-Amz-Signature=5a0c4086988fda9d13c08e501953edc538d85ea68455c1a992aa97e7e9dfd2dd
-e Current_Content/September_2025/2639b98f-6cf9-1014-8377-bcdb15067939.meca	biorxiv/unpacked/Current_Content/September_2025/2639b98f-6cf9-1014-8377-bcdb15067939/content/supplements/673281_file02.pdf	https://biorxiv-copy.s3.eu-west-2.amazonaws.com/biorxiv/unpacked/Current_Content/September_2025/2639b98f-6cf9-1014-8377-bcdb15067939/content/supplements/673281_file02.pdf?X-Amz-Algorithm=AWS4-HMAC-SHA256&X-Amz-Credential=AKIASDVMRCD4TLKVRSCH%2F20250920%2Feu-west-2%2Fs3%2Faws4_request&X-Amz-Date=20250920T174642Z&X-Amz-Expires=360000&X-Amz-SignedHeaders=host&X-Amz-Signature=b8313c04f2d87599faf37c0b9b2e7f0a97226a6fdb3b3dd14ef3619544952dd3
-e Current_Content/September_2025/263ba313-7945-1014-bd5e-fc0b2e50c8bd.meca	biorxiv/unpacked/Current_Content/September_2025/263ba313-7945-1014-bd5e-fc0b2e50c8bd/content/600719.pdf	https://biorxiv-copy.s3.eu-west-2.amazonaws.com/biorxiv/unpacked/Current_Content/September_2025/263ba313-7945-1014-bd5e-fc0b2e50c8bd/content/600719.pdf?X-Amz-Algorithm=AWS4-HMAC-SHA256&X-Amz-Credential=AKIASDVMRCD4TLKVRSCH%2F20250920%2Feu-west-2%2Fs3%2Faws4_request&X-Amz-Date=20250920T174643Z&X-Amz-Expires=360000&X-Amz-SignedHeaders=host&X-Amz-Signature=f9b71815fe3a722c805314f32d605e3bd17a088a066302548a424a49a9d15867
-e Current_Content/September_2025/264c10a2-709c-1014-a79f-887059a57828.meca	biorxiv/unpacked/Current_Content/September_2025/264c10a2-709c-1014-a79f-887059a57828/content/675974.pdf	https://biorxiv-copy.s3.eu-west-2.amazonaws.com/biorxiv/unpacked/Current_Content/September_2025/264c10a2-709c-1014-a79f-887059a57828/content/675974.pdf?X-Amz-Algorithm=AWS4-HMAC-SHA256&X-Amz-Credential=AKIASDVMRCD4TLKVRSCH%2F20250920%2Feu-west-2%2Fs3%2Faws4_request&X-Amz-Date=20250920T174644Z&X-Amz-Expires=360000&X-Amz-SignedHeaders=host&X-Amz-Signature=e977deeab752ace0ac8b0668d11f85d4e3b524c70adb0ccae7f4d40fef66262c
-e Current_Content/September_2025/264d6886-7bc5-1014-988f-a4f1fc12f147.meca	biorxiv/unpacked/Current_Content/September_2025/264d6886-7bc5-1014-988f-a4f1fc12f147/content/674426.pdf	https://biorxiv-copy.s3.eu-west-2.amazonaws.com/biorxiv/unpacked/Current_Content/September_2025/264d6886-7bc5-1014-988f-a4f1fc12f147/content/674426.pdf?X-Amz-Algorithm=AWS4-HMAC-SHA256&X-Amz-Credential=AKIASDVMRCD4TLKVRSCH%2F20250920%2Feu-west-2%2Fs3%2Faws4_request&X-Amz-Date=20250920T174645Z&X-Amz-Expires=360000&X-Amz-SignedHeaders=host&X-Amz-Signature=b499b765134c2f5b784efa54a35dd07b06c8754a620b8ae52acf4de6e368bc67
-e Current_Content/September_2025/2653b574-7d51-1014-a26e-87f8dad8bc0b.meca	biorxiv/unpacked/Current_Content/September_2025/2653b574-7d51-1014-a26e-87f8dad8bc0b/content/674766.pdf	https://biorxiv-copy.s3.eu-west-2.amazonaws.com/biorxiv/unpacked/Current_Content/September_2025/2653b574-7d51-1014-a26e-87f8dad8bc0b/content/674766.pdf?X-Amz-Algorithm=AWS4-HMAC-SHA256&X-Amz-Credential=AKIASDVMRCD4TLKVRSCH%2F20250920%2Feu-west-2%2Fs3%2Faws4_request&X-Amz-Date=20250920T174646Z&X-Amz-Expires=360000&X-Amz-SignedHeaders=host&X-Amz-Signature=278bde1232f1579c60e3174d74d277b677d3ac477949509855df9af73662b2e5
-e Current_Content/September_2025/2680d93e-7ca4-1014-bacc-b4a0486317c0.meca	biorxiv/unpacked/Current_Content/September_2025/2680d93e-7ca4-1014-bacc-b4a0486317c0/content/674506.pdf	https://biorxiv-copy.s3.eu-west-2.amazonaws.com/biorxiv/unpacked/Current_Content/September_2025/2680d93e-7ca4-1014-bacc-b4a0486317c0/content/674506.pdf?X-Amz-Algorithm=AWS4-HMAC-SHA256&X-Amz-Credential=AKIASDVMRCD4TLKVRSCH%2F20250920%2Feu-west-2%2Fs3%2Faws4_request&X-Amz-Date=20250920T174647Z&X-Amz-Expires=360000&X-Amz-SignedHeaders=host&X-Amz-Signature=e5a9e46c6db9ff6b77bf67d5b27320a1bfcbe33d985f3880c6e9f9eb31d142e3
-e Current_Content/September_2025/26851bb2-6c78-1014-9e6c-b8b7e9167fac.meca	biorxiv/unpacked/Current_Content/September_2025/26851bb2-6c78-1014-9e6c-b8b7e9167fac/content/672743.pdf	https://biorxiv-copy.s3.eu-west-2.amazonaws.com/biorxiv/unpacked/Current_Content/September_2025/26851bb2-6c78-1014-9e6c-b8b7e9167fac/content/672743.pdf?X-Amz-Algorithm=AWS4-HMAC-SHA256&X-Amz-Credential=AKIASDVMRCD4TLKVRSCH%2F20250920%2Feu-west-2%2Fs3%2Faws4_request&X-Amz-Date=20250920T174648Z&X-Amz-Expires=360000&X-Amz-SignedHeaders=host&X-Amz-Signature=34ef6e30e59444e16a72a93ba770f3b9704a16cd78509d22b6169363de163b58
-e Current_Content/September_2025/2689240f-6e65-1014-9895-8354f180f86d.meca	biorxiv/unpacked/Current_Content/September_2025/2689240f-6e65-1014-9895-8354f180f86d/content/675548.pdf	https://biorxiv-copy.s3.eu-west-2.amazonaws.com/biorxiv/unpacked/Current_Content/September_2025/2689240f-6e65-1014-9895-8354f180f86d/content/675548.pdf?X-Amz-Algorithm=AWS4-HMAC-SHA256&X-Amz-Credential=AKIASDVMRCD4TLKVRSCH%2F20250920%2Feu-west-2%2Fs3%2Faws4_request&X-Amz-Date=20250920T174649Z&X-Amz-Expires=360000&X-Amz-SignedHeaders=host&X-Amz-Signature=f04135b73908d5578a1f6e750ee19f45b0ec281c3a0b99b0d29b6cd64c87a009
-e Current_Content/September_2025/26b7fb65-715d-1014-aa23-b314b2cac227.meca	biorxiv/unpacked/Current_Content/September_2025/26b7fb65-715d-1014-aa23-b314b2cac227/content/675866.pdf	https://biorxiv-copy.s3.eu-west-2.amazonaws.com/biorxiv/unpacked/Current_Content/September_2025/26b7fb65-715d-1014-aa23-b314b2cac227/content/675866.pdf?X-Amz-Algorithm=AWS4-HMAC-SHA256&X-Amz-Credential=AKIASDVMRCD4TLKVRSCH%2F20250920%2Feu-west-2%2Fs3%2Faws4_request&X-Amz-Date=20250920T174650Z&X-Amz-Expires=360000&X-Amz-SignedHeaders=host&X-Amz-Signature=c26ba5f359ff9c94b7b5777d0511927a25bd0279666ac0c095283e282c3285ff
-e Current_Content/September_2025/26c96844-7d53-1014-adeb-edf164fb60dd.meca	biorxiv/unpacked/Current_Content/September_2025/26c96844-7d53-1014-adeb-edf164fb60dd/content/656354.pdf	https://biorxiv-copy.s3.eu-west-2.amazonaws.com/biorxiv/unpacked/Current_Content/September_2025/26c96844-7d53-1014-adeb-edf164fb60dd/content/656354.pdf?X-Amz-Algorithm=AWS4-HMAC-SHA256&X-Amz-Credential=AKIASDVMRCD4TLKVRSCH%2F20250920%2Feu-west-2%2Fs3%2Faws4_request&X-Amz-Date=20250920T174651Z&X-Amz-Expires=360000&X-Amz-SignedHeaders=host&X-Amz-Signature=50b0ae33c48b0ed906084547a70c60e4e2a08d4a4ea19c7d6829b4eb18517d75
-e Current_Content/September_2025/26ccd181-6c84-1014-b181-d57eba82bdf9.meca	biorxiv/unpacked/Current_Content/September_2025/26ccd181-6c84-1014-b181-d57eba82bdf9/content/672749.pdf	https://biorxiv-copy.s3.eu-west-2.amazonaws.com/biorxiv/unpacked/Current_Content/September_2025/26ccd181-6c84-1014-b181-d57eba82bdf9/content/672749.pdf?X-Amz-Algorithm=AWS4-HMAC-SHA256&X-Amz-Credential=AKIASDVMRCD4TLKVRSCH%2F20250920%2Feu-west-2%2Fs3%2Faws4_request&X-Amz-Date=20250920T174652Z&X-Amz-Expires=360000&X-Amz-SignedHeaders=host&X-Amz-Signature=58269a9ce842a4a9a30d7809c0428d8b249d8d89904303813f8bc168b89d7a72
-e Current_Content/September_2025/26d574f5-7bed-1014-ae1b-9fdc5c1f50c5.meca	biorxiv/unpacked/Current_Content/September_2025/26d574f5-7bed-1014-ae1b-9fdc5c1f50c5/content/673498.pdf	https://biorxiv-copy.s3.eu-west-2.amazonaws.com/biorxiv/unpacked/Current_Content/September_2025/26d574f5-7bed-1014-ae1b-9fdc5c1f50c5/content/673498.pdf?X-Amz-Algorithm=AWS4-HMAC-SHA256&X-Amz-Credential=AKIASDVMRCD4TLKVRSCH%2F20250920%2Feu-west-2%2Fs3%2Faws4_request&X-Amz-Date=20250920T174653Z&X-Amz-Expires=360000&X-Amz-SignedHeaders=host&X-Amz-Signature=135dae5c9b382a08abeb5df02c2adec355c00fe985f9b463d481fc9553c771ca
-e Current_Content/September_2025/26df500a-7d66-1014-8d07-b9c44babb628.meca	biorxiv/unpacked/Current_Content/September_2025/26df500a-7d66-1014-8d07-b9c44babb628/content/supplements/674344_file02.pdf	https://biorxiv-copy.s3.eu-west-2.amazonaws.com/biorxiv/unpacked/Current_Content/September_2025/26df500a-7d66-1014-8d07-b9c44babb628/content/supplements/674344_file02.pdf?X-Amz-Algorithm=AWS4-HMAC-SHA256&X-Amz-Credential=AKIASDVMRCD4TLKVRSCH%2F20250920%2Feu-west-2%2Fs3%2Faws4_request&X-Amz-Date=20250920T174654Z&X-Amz-Expires=360000&X-Amz-SignedHeaders=host&X-Amz-Signature=ab1b253f3c9f783600b8c9469ce8e6f357af20ad3e4f9619dcf1c73147b48448
-e Current_Content/September_2025/26dfdebd-6c36-1014-9a90-a9a1c6531b5f.meca	biorxiv/unpacked/Current_Content/September_2025/26dfdebd-6c36-1014-9a90-a9a1c6531b5f/content/651220.pdf	https://biorxiv-copy.s3.eu-west-2.amazonaws.com/biorxiv/unpacked/Current_Content/September_2025/26dfdebd-6c36-1014-9a90-a9a1c6531b5f/content/651220.pdf?X-Amz-Algorithm=AWS4-HMAC-SHA256&X-Amz-Credential=AKIASDVMRCD4TLKVRSCH%2F20250920%2Feu-west-2%2Fs3%2Faws4_request&X-Amz-Date=20250920T174655Z&X-Amz-Expires=360000&X-Amz-SignedHeaders=host&X-Amz-Signature=b76f31e633f5cea4807aa364f25172625848956ba0a72fcf7eb450dcc2cd4fdc
-e Current_Content/September_2025/26e04ec6-7d22-1014-aed0-a496f0e582f5.meca	biorxiv/unpacked/Current_Content/September_2025/26e04ec6-7d22-1014-aed0-a496f0e582f5/content/674025.pdf	https://biorxiv-copy.s3.eu-west-2.amazonaws.com/biorxiv/unpacked/Current_Content/September_2025/26e04ec6-7d22-1014-aed0-a496f0e582f5/content/674025.pdf?X-Amz-Algorithm=AWS4-HMAC-SHA256&X-Amz-Credential=AKIASDVMRCD4TLKVRSCH%2F20250920%2Feu-west-2%2Fs3%2Faws4_request&X-Amz-Date=20250920T174656Z&X-Amz-Expires=360000&X-Amz-SignedHeaders=host&X-Amz-Signature=b5a41ab316383be6428ac9234d1ad422af8f0bf3d69df28b22223853bd1ff2af
-e Current_Content/September_2025/26ea4876-7d06-1014-86fd-f16f2d620747.meca	biorxiv/unpacked/Current_Content/September_2025/26ea4876-7d06-1014-86fd-f16f2d620747/content/674777.pdf	https://biorxiv-copy.s3.eu-west-2.amazonaws.com/biorxiv/unpacked/Current_Content/September_2025/26ea4876-7d06-1014-86fd-f16f2d620747/content/674777.pdf?X-Amz-Algorithm=AWS4-HMAC-SHA256&X-Amz-Credential=AKIASDVMRCD4TLKVRSCH%2F20250920%2Feu-west-2%2Fs3%2Faws4_request&X-Amz-Date=20250920T174657Z&X-Amz-Expires=360000&X-Amz-SignedHeaders=host&X-Amz-Signature=190a42585d65163c74a2d90ac868d70f931a45ed65f799fd220f3d8fd80ac457
-e Current_Content/September_2025/26ef6783-7b10-1014-a53d-e32d021b0ba8.meca	biorxiv/unpacked/Current_Content/September_2025/26ef6783-7b10-1014-a53d-e32d021b0ba8/content/673596.pdf	https://biorxiv-copy.s3.eu-west-2.amazonaws.com/biorxiv/unpacked/Current_Content/September_2025/26ef6783-7b10-1014-a53d-e32d021b0ba8/content/673596.pdf?X-Amz-Algorithm=AWS4-HMAC-SHA256&X-Amz-Credential=AKIASDVMRCD4TLKVRSCH%2F20250920%2Feu-west-2%2Fs3%2Faws4_request&X-Amz-Date=20250920T174658Z&X-Amz-Expires=360000&X-Amz-SignedHeaders=host&X-Amz-Signature=1aef020543a835b035c437e39de5ad9f791cf0cf913d8fd1942b948ad88e808f
-e Current_Content/September_2025/26f4de47-7e0f-1014-9220-805552999de2.meca	biorxiv/unpacked/Current_Content/September_2025/26f4de47-7e0f-1014-9220-805552999de2/content/674275.pdf	https://biorxiv-copy.s3.eu-west-2.amazonaws.com/biorxiv/unpacked/Current_Content/September_2025/26f4de47-7e0f-1014-9220-805552999de2/content/674275.pdf?X-Amz-Algorithm=AWS4-HMAC-SHA256&X-Amz-Credential=AKIASDVMRCD4TLKVRSCH%2F20250920%2Feu-west-2%2Fs3%2Faws4_request&X-Amz-Date=20250920T174659Z&X-Amz-Expires=360000&X-Amz-SignedHeaders=host&X-Amz-Signature=0cd1b15150d1a648e0848dbc3529f94f0c3279af492087fefc301d14d085b719
-e Current_Content/September_2025/27038670-6f03-1014-9949-e60d397c5464.meca	biorxiv/unpacked/Current_Content/September_2025/27038670-6f03-1014-9949-e60d397c5464/content/674926.pdf	https://biorxiv-copy.s3.eu-west-2.amazonaws.com/biorxiv/unpacked/Current_Content/September_2025/27038670-6f03-1014-9949-e60d397c5464/content/674926.pdf?X-Amz-Algorithm=AWS4-HMAC-SHA256&X-Amz-Credential=AKIASDVMRCD4TLKVRSCH%2F20250920%2Feu-west-2%2Fs3%2Faws4_request&X-Amz-Date=20250920T174700Z&X-Amz-Expires=360000&X-Amz-SignedHeaders=host&X-Amz-Signature=08c67ada9aab4accae3dff605357e2e9fbabae467290280a71663048dc2cac81
-e Current_Content/September_2025/27048744-6e49-1014-8791-acbe23ff7e27.meca	biorxiv/unpacked/Current_Content/September_2025/27048744-6e49-1014-8791-acbe23ff7e27/content/675512.pdf	https://biorxiv-copy.s3.eu-west-2.amazonaws.com/biorxiv/unpacked/Current_Content/September_2025/27048744-6e49-1014-8791-acbe23ff7e27/content/675512.pdf?X-Amz-Algorithm=AWS4-HMAC-SHA256&X-Amz-Credential=AKIASDVMRCD4TLKVRSCH%2F20250920%2Feu-west-2%2Fs3%2Faws4_request&X-Amz-Date=20250920T174701Z&X-Amz-Expires=360000&X-Amz-SignedHeaders=host&X-Amz-Signature=458e8595d0bcf24840827a76084b0b4bd715bb58d637fa011d628cd697791c25
-e Current_Content/September_2025/270ae5ec-6eff-1014-b13c-a40aaa778317.meca	biorxiv/unpacked/Current_Content/September_2025/270ae5ec-6eff-1014-b13c-a40aaa778317/content/673693.pdf	https://biorxiv-copy.s3.eu-west-2.amazonaws.com/biorxiv/unpacked/Current_Content/September_2025/270ae5ec-6eff-1014-b13c-a40aaa778317/content/673693.pdf?X-Amz-Algorithm=AWS4-HMAC-SHA256&X-Amz-Credential=AKIASDVMRCD4TLKVRSCH%2F20250920%2Feu-west-2%2Fs3%2Faws4_request&X-Amz-Date=20250920T174702Z&X-Amz-Expires=360000&X-Amz-SignedHeaders=host&X-Amz-Signature=eb330010e5d5573a72e68fe247e6ff3c56a0571db0b20453d41fbee9f1d6e0ff
-e Current_Content/September_2025/27121d37-6f02-1014-96bc-c0bbcf32d7fb.meca	biorxiv/unpacked/Current_Content/September_2025/27121d37-6f02-1014-96bc-c0bbcf32d7fb/content/675888.pdf	https://biorxiv-copy.s3.eu-west-2.amazonaws.com/biorxiv/unpacked/Current_Content/September_2025/27121d37-6f02-1014-96bc-c0bbcf32d7fb/content/675888.pdf?X-Amz-Algorithm=AWS4-HMAC-SHA256&X-Amz-Credential=AKIASDVMRCD4TLKVRSCH%2F20250920%2Feu-west-2%2Fs3%2Faws4_request&X-Amz-Date=20250920T174703Z&X-Amz-Expires=360000&X-Amz-SignedHeaders=host&X-Amz-Signature=3eab7652d88a050b3fc3bc55f4049c49ba3280836e0403b5b1af250de345646a
-e Current_Content/September_2025/271582e0-6fc8-1014-8abd-a5a4d7c11b00.meca	biorxiv/unpacked/Current_Content/September_2025/271582e0-6fc8-1014-8abd-a5a4d7c11b00/content/622538.pdf	https://biorxiv-copy.s3.eu-west-2.amazonaws.com/biorxiv/unpacked/Current_Content/September_2025/271582e0-6fc8-1014-8abd-a5a4d7c11b00/content/622538.pdf?X-Amz-Algorithm=AWS4-HMAC-SHA256&X-Amz-Credential=AKIASDVMRCD4TLKVRSCH%2F20250920%2Feu-west-2%2Fs3%2Faws4_request&X-Amz-Date=20250920T174704Z&X-Amz-Expires=360000&X-Amz-SignedHeaders=host&X-Amz-Signature=3f65cc47683fe7d3069367a9aa49f23c50ee1a1b964a445cdf59fb85c3be4862
-e Current_Content/September_2025/2729eebe-70f1-1014-a54a-e47bdda1eaf5.meca	biorxiv/unpacked/Current_Content/September_2025/2729eebe-70f1-1014-a54a-e47bdda1eaf5/content/675981.pdf	https://biorxiv-copy.s3.eu-west-2.amazonaws.com/biorxiv/unpacked/Current_Content/September_2025/2729eebe-70f1-1014-a54a-e47bdda1eaf5/content/675981.pdf?X-Amz-Algorithm=AWS4-HMAC-SHA256&X-Amz-Credential=AKIASDVMRCD4TLKVRSCH%2F20250920%2Feu-west-2%2Fs3%2Faws4_request&X-Amz-Date=20250920T174705Z&X-Amz-Expires=360000&X-Amz-SignedHeaders=host&X-Amz-Signature=cc9aef649fc9febeaf9e8dc9cc6581bcf8a5fb5b1e4ea378b41cb3c4127c499c
-e Current_Content/September_2025/274ba893-7c89-1014-96d5-a204f2b89bd4.meca	biorxiv/unpacked/Current_Content/September_2025/274ba893-7c89-1014-96d5-a204f2b89bd4/content/supplements/674445_file02.pdf	https://biorxiv-copy.s3.eu-west-2.amazonaws.com/biorxiv/unpacked/Current_Content/September_2025/274ba893-7c89-1014-96d5-a204f2b89bd4/content/supplements/674445_file02.pdf?X-Amz-Algorithm=AWS4-HMAC-SHA256&X-Amz-Credential=AKIASDVMRCD4TLKVRSCH%2F20250920%2Feu-west-2%2Fs3%2Faws4_request&X-Amz-Date=20250920T174706Z&X-Amz-Expires=360000&X-Amz-SignedHeaders=host&X-Amz-Signature=00f52f8fc4da860e8effb16ecf94cfb30f024dd052d1c87452270e51046c5ba1
-e Current_Content/September_2025/27547a13-7aab-1014-887b-c1bc76648f3f.meca	biorxiv/unpacked/Current_Content/September_2025/27547a13-7aab-1014-887b-c1bc76648f3f/content/672566.pdf	https://biorxiv-copy.s3.eu-west-2.amazonaws.com/biorxiv/unpacked/Current_Content/September_2025/27547a13-7aab-1014-887b-c1bc76648f3f/content/672566.pdf?X-Amz-Algorithm=AWS4-HMAC-SHA256&X-Amz-Credential=AKIASDVMRCD4TLKVRSCH%2F20250920%2Feu-west-2%2Fs3%2Faws4_request&X-Amz-Date=20250920T174707Z&X-Amz-Expires=360000&X-Amz-SignedHeaders=host&X-Amz-Signature=84201004c1c96448855e08aa84afc5add9b736427dd1d9c1794a22a199950f4c
-e Current_Content/September_2025/2767cca6-6c36-1014-8a8c-c9596b1b3735.meca	biorxiv/unpacked/Current_Content/September_2025/2767cca6-6c36-1014-8a8c-c9596b1b3735/content/658730.pdf	https://biorxiv-copy.s3.eu-west-2.amazonaws.com/biorxiv/unpacked/Current_Content/September_2025/2767cca6-6c36-1014-8a8c-c9596b1b3735/content/658730.pdf?X-Amz-Algorithm=AWS4-HMAC-SHA256&X-Amz-Credential=AKIASDVMRCD4TLKVRSCH%2F20250920%2Feu-west-2%2Fs3%2Faws4_request&X-Amz-Date=20250920T174708Z&X-Amz-Expires=360000&X-Amz-SignedHeaders=host&X-Amz-Signature=50de91720b91cc4c44b7f2d64c08bbbc0f93766919989283b3b64fd3efbe9aab
-e Current_Content/September_2025/2791c6e5-7e2f-1014-b556-d34b61102e12.meca	biorxiv/unpacked/Current_Content/September_2025/2791c6e5-7e2f-1014-b556-d34b61102e12/content/674148.pdf	https://biorxiv-copy.s3.eu-west-2.amazonaws.com/biorxiv/unpacked/Current_Content/September_2025/2791c6e5-7e2f-1014-b556-d34b61102e12/content/674148.pdf?X-Amz-Algorithm=AWS4-HMAC-SHA256&X-Amz-Credential=AKIASDVMRCD4TLKVRSCH%2F20250920%2Feu-west-2%2Fs3%2Faws4_request&X-Amz-Date=20250920T174709Z&X-Amz-Expires=360000&X-Amz-SignedHeaders=host&X-Amz-Signature=2a8eb10a98d65a7c5b1e38e0419fd2432cc4f57946a9664bc41cad9ef75613e4
-e Current_Content/September_2025/279a26a3-7002-1014-9b59-b9847c8b860e.meca	biorxiv/unpacked/Current_Content/September_2025/279a26a3-7002-1014-9b59-b9847c8b860e/content/675579.pdf	https://biorxiv-copy.s3.eu-west-2.amazonaws.com/biorxiv/unpacked/Current_Content/September_2025/279a26a3-7002-1014-9b59-b9847c8b860e/content/675579.pdf?X-Amz-Algorithm=AWS4-HMAC-SHA256&X-Amz-Credential=AKIASDVMRCD4TLKVRSCH%2F20250920%2Feu-west-2%2Fs3%2Faws4_request&X-Amz-Date=20250920T174710Z&X-Amz-Expires=360000&X-Amz-SignedHeaders=host&X-Amz-Signature=d564a1346bfad2698347811de80224dffa945d05b7023d7d6a826a1fe24b5fda
-e Current_Content/September_2025/27ca0d73-7046-1014-9299-876b952f8809.meca	biorxiv/unpacked/Current_Content/September_2025/27ca0d73-7046-1014-9299-876b952f8809/content/supplements/639846_file02.pdf	https://biorxiv-copy.s3.eu-west-2.amazonaws.com/biorxiv/unpacked/Current_Content/September_2025/27ca0d73-7046-1014-9299-876b952f8809/content/supplements/639846_file02.pdf?X-Amz-Algorithm=AWS4-HMAC-SHA256&X-Amz-Credential=AKIASDVMRCD4TLKVRSCH%2F20250920%2Feu-west-2%2Fs3%2Faws4_request&X-Amz-Date=20250920T174711Z&X-Amz-Expires=360000&X-Amz-SignedHeaders=host&X-Amz-Signature=8af7576d99a2e35eff27198b494c36aeafe4cf5ab9b6037bc3b3423e0c1b2346
-e Current_Content/September_2025/27f6211d-70ce-1014-a8ea-f598ac81d3b4.meca	biorxiv/unpacked/Current_Content/September_2025/27f6211d-70ce-1014-a8ea-f598ac81d3b4/content/675729.pdf	https://biorxiv-copy.s3.eu-west-2.amazonaws.com/biorxiv/unpacked/Current_Content/September_2025/27f6211d-70ce-1014-a8ea-f598ac81d3b4/content/675729.pdf?X-Amz-Algorithm=AWS4-HMAC-SHA256&X-Amz-Credential=AKIASDVMRCD4TLKVRSCH%2F20250920%2Feu-west-2%2Fs3%2Faws4_request&X-Amz-Date=20250920T174712Z&X-Amz-Expires=360000&X-Amz-SignedHeaders=host&X-Amz-Signature=28d956c924a7ce93124bd5353529bbbfbac4afdb85c8689889c7ed8cedb93ba0
-e Current_Content/September_2025/27f8b87b-778a-1014-997a-9683df9e6a08.meca	biorxiv/unpacked/Current_Content/September_2025/27f8b87b-778a-1014-997a-9683df9e6a08/content/672259.pdf	https://biorxiv-copy.s3.eu-west-2.amazonaws.com/biorxiv/unpacked/Current_Content/September_2025/27f8b87b-778a-1014-997a-9683df9e6a08/content/672259.pdf?X-Amz-Algorithm=AWS4-HMAC-SHA256&X-Amz-Credential=AKIASDVMRCD4TLKVRSCH%2F20250920%2Feu-west-2%2Fs3%2Faws4_request&X-Amz-Date=20250920T174713Z&X-Amz-Expires=360000&X-Amz-SignedHeaders=host&X-Amz-Signature=55daf3a459e3d1e319b4aebb8470b6363cd22caf6a918804538c46f6fb790134
-e Current_Content/September_2025/283371ad-6c8b-1014-aaaa-c143564b8da4.meca	biorxiv/unpacked/Current_Content/September_2025/283371ad-6c8b-1014-aaaa-c143564b8da4/content/672941.pdf	https://biorxiv-copy.s3.eu-west-2.amazonaws.com/biorxiv/unpacked/Current_Content/September_2025/283371ad-6c8b-1014-aaaa-c143564b8da4/content/672941.pdf?X-Amz-Algorithm=AWS4-HMAC-SHA256&X-Amz-Credential=AKIASDVMRCD4TLKVRSCH%2F20250920%2Feu-west-2%2Fs3%2Faws4_request&X-Amz-Date=20250920T174714Z&X-Amz-Expires=360000&X-Amz-SignedHeaders=host&X-Amz-Signature=29c9db9cd9fe8d6a5d16e8d1517fe975979515443870abe9e32dc7303f317c2f
-e Current_Content/September_2025/284a7b1d-7e99-1014-bf00-d8387fa51466.meca	biorxiv/unpacked/Current_Content/September_2025/284a7b1d-7e99-1014-bf00-d8387fa51466/content/674478.pdf	https://biorxiv-copy.s3.eu-west-2.amazonaws.com/biorxiv/unpacked/Current_Content/September_2025/284a7b1d-7e99-1014-bf00-d8387fa51466/content/674478.pdf?X-Amz-Algorithm=AWS4-HMAC-SHA256&X-Amz-Credential=AKIASDVMRCD4TLKVRSCH%2F20250920%2Feu-west-2%2Fs3%2Faws4_request&X-Amz-Date=20250920T174715Z&X-Amz-Expires=360000&X-Amz-SignedHeaders=host&X-Amz-Signature=9e4de469be7ac809cdea34db155bd5b15dba41fe991f634e6379e0488be44d8a
-e Current_Content/September_2025/2871a596-6f35-1014-b0f4-c85b1bbafdca.meca	biorxiv/unpacked/Current_Content/September_2025/2871a596-6f35-1014-b0f4-c85b1bbafdca/content/675266.pdf	https://biorxiv-copy.s3.eu-west-2.amazonaws.com/biorxiv/unpacked/Current_Content/September_2025/2871a596-6f35-1014-b0f4-c85b1bbafdca/content/675266.pdf?X-Amz-Algorithm=AWS4-HMAC-SHA256&X-Amz-Credential=AKIASDVMRCD4TLKVRSCH%2F20250920%2Feu-west-2%2Fs3%2Faws4_request&X-Amz-Date=20250920T174716Z&X-Amz-Expires=360000&X-Amz-SignedHeaders=host&X-Amz-Signature=5ad8c8f73792365e1c8c564f34b88af4fe23726735cf1d0424a87480e740a964
-e Current_Content/September_2025/287646c5-7964-1014-975d-f60496eeaf60.meca	biorxiv/unpacked/Current_Content/September_2025/287646c5-7964-1014-975d-f60496eeaf60/content/661703.pdf	https://biorxiv-copy.s3.eu-west-2.amazonaws.com/biorxiv/unpacked/Current_Content/September_2025/287646c5-7964-1014-975d-f60496eeaf60/content/661703.pdf?X-Amz-Algorithm=AWS4-HMAC-SHA256&X-Amz-Credential=AKIASDVMRCD4TLKVRSCH%2F20250920%2Feu-west-2%2Fs3%2Faws4_request&X-Amz-Date=20250920T174717Z&X-Amz-Expires=360000&X-Amz-SignedHeaders=host&X-Amz-Signature=3c586586dfbc98cb78d7dd939730ecc944235277fbd93eb56f3f79c254a46cce
-e Current_Content/September_2025/2876a5ff-7aab-1014-835f-ddf97c3be7f4.meca	biorxiv/unpacked/Current_Content/September_2025/2876a5ff-7aab-1014-835f-ddf97c3be7f4/content/673197.pdf	https://biorxiv-copy.s3.eu-west-2.amazonaws.com/biorxiv/unpacked/Current_Content/September_2025/2876a5ff-7aab-1014-835f-ddf97c3be7f4/content/673197.pdf?X-Amz-Algorithm=AWS4-HMAC-SHA256&X-Amz-Credential=AKIASDVMRCD4TLKVRSCH%2F20250920%2Feu-west-2%2Fs3%2Faws4_request&X-Amz-Date=20250920T174718Z&X-Amz-Expires=360000&X-Amz-SignedHeaders=host&X-Amz-Signature=a11080c1b8420520844d755cbf75c8f38caf6664a414581183e63f4b67e53bad
-e Current_Content/September_2025/2886d019-70f0-1014-8c9e-df5421464dce.meca	biorxiv/unpacked/Current_Content/September_2025/2886d019-70f0-1014-8c9e-df5421464dce/content/670059.pdf	https://biorxiv-copy.s3.eu-west-2.amazonaws.com/biorxiv/unpacked/Current_Content/September_2025/2886d019-70f0-1014-8c9e-df5421464dce/content/670059.pdf?X-Amz-Algorithm=AWS4-HMAC-SHA256&X-Amz-Credential=AKIASDVMRCD4TLKVRSCH%2F20250920%2Feu-west-2%2Fs3%2Faws4_request&X-Amz-Date=20250920T174719Z&X-Amz-Expires=360000&X-Amz-SignedHeaders=host&X-Amz-Signature=709ce96b2143352b9a00942b9340b1fbdce9dd86e6efcf5a64374984202a61d0
-e Current_Content/September_2025/288f2cf4-6d71-1014-9db3-841ea03cc2fe.meca	biorxiv/unpacked/Current_Content/September_2025/288f2cf4-6d71-1014-9db3-841ea03cc2fe/content/674595.pdf	https://biorxiv-copy.s3.eu-west-2.amazonaws.com/biorxiv/unpacked/Current_Content/September_2025/288f2cf4-6d71-1014-9db3-841ea03cc2fe/content/674595.pdf?X-Amz-Algorithm=AWS4-HMAC-SHA256&X-Amz-Credential=AKIASDVMRCD4TLKVRSCH%2F20250920%2Feu-west-2%2Fs3%2Faws4_request&X-Amz-Date=20250920T174720Z&X-Amz-Expires=360000&X-Amz-SignedHeaders=host&X-Amz-Signature=d61c1e722ad37cb9f0be2cddb000d1e20e54f602e06df90495d333bca43e1b54
-e Current_Content/September_2025/289419f9-7ca1-1014-a54d-be572798d36a.meca	biorxiv/unpacked/Current_Content/September_2025/289419f9-7ca1-1014-a54d-be572798d36a/content/632579.pdf	https://biorxiv-copy.s3.eu-west-2.amazonaws.com/biorxiv/unpacked/Current_Content/September_2025/289419f9-7ca1-1014-a54d-be572798d36a/content/632579.pdf?X-Amz-Algorithm=AWS4-HMAC-SHA256&X-Amz-Credential=AKIASDVMRCD4TLKVRSCH%2F20250920%2Feu-west-2%2Fs3%2Faws4_request&X-Amz-Date=20250920T174721Z&X-Amz-Expires=360000&X-Amz-SignedHeaders=host&X-Amz-Signature=712a4d8a08c6db9dfa941bf624e6bb7ff5cb031cf1a2921215ba31889824bb4d
-e Current_Content/September_2025/28b2ed39-778c-1014-9ccb-930ce9314a40.meca	biorxiv/unpacked/Current_Content/September_2025/28b2ed39-778c-1014-9ccb-930ce9314a40/content/673337.pdf	https://biorxiv-copy.s3.eu-west-2.amazonaws.com/biorxiv/unpacked/Current_Content/September_2025/28b2ed39-778c-1014-9ccb-930ce9314a40/content/673337.pdf?X-Amz-Algorithm=AWS4-HMAC-SHA256&X-Amz-Credential=AKIASDVMRCD4TLKVRSCH%2F20250920%2Feu-west-2%2Fs3%2Faws4_request&X-Amz-Date=20250920T174722Z&X-Amz-Expires=360000&X-Amz-SignedHeaders=host&X-Amz-Signature=b58f48df170158dab3c0e2d5401238feef63aa26e78e36aeec3c65f554453929
-e Current_Content/September_2025/28bdfaff-7d3e-1014-a3c4-a59bd69b2c1f.meca	biorxiv/unpacked/Current_Content/September_2025/28bdfaff-7d3e-1014-a3c4-a59bd69b2c1f/content/674014.pdf	https://biorxiv-copy.s3.eu-west-2.amazonaws.com/biorxiv/unpacked/Current_Content/September_2025/28bdfaff-7d3e-1014-a3c4-a59bd69b2c1f/content/674014.pdf?X-Amz-Algorithm=AWS4-HMAC-SHA256&X-Amz-Credential=AKIASDVMRCD4TLKVRSCH%2F20250920%2Feu-west-2%2Fs3%2Faws4_request&X-Amz-Date=20250920T174723Z&X-Amz-Expires=360000&X-Amz-SignedHeaders=host&X-Amz-Signature=cd32f909559d977465b1dd27610bea4dd0f0c6b7368e77d77a633f7ad1c31658
-e Current_Content/September_2025/28c64ee7-70aa-1014-9330-d8231e60d80c.meca	biorxiv/unpacked/Current_Content/September_2025/28c64ee7-70aa-1014-9330-d8231e60d80c/content/675923.pdf	https://biorxiv-copy.s3.eu-west-2.amazonaws.com/biorxiv/unpacked/Current_Content/September_2025/28c64ee7-70aa-1014-9330-d8231e60d80c/content/675923.pdf?X-Amz-Algorithm=AWS4-HMAC-SHA256&X-Amz-Credential=AKIASDVMRCD4TLKVRSCH%2F20250920%2Feu-west-2%2Fs3%2Faws4_request&X-Amz-Date=20250920T174735Z&X-Amz-Expires=360000&X-Amz-SignedHeaders=host&X-Amz-Signature=d9e85992f3fb1f33285f47b6386012fe2ff5b1402a3392daeedea2d38f1815e0
-e Current_Content/September_2025/28c7a4f8-6caa-1014-9313-8652819ee99e.meca		
-e Current_Content/September_2025/28d2218c-7d51-1014-b638-a7d92602d362.meca		
-e Current_Content/September_2025/28d62b19-7001-1014-9152-d4299d310348.meca		
